Workbook

Sheet المدخلات
A1: 📋 جدول المدخلات الشهرية
B2: المبيعات والتشغيل | F2: 🏦 الصندوق (الكاش الفعلي) | H2: الديون التي لنا | J2: الديون التي علينا
A3: الشهر | B3: المبيعات (ل.س) | C3: المشتريات (ل.س) | D3: المصاريف (ل.س) | E3: الربح/الخسارة (آلي) | F3: صندوق (ل.س) | G3: صندوق (دولار) | H3: دين لنا (ل.س) | I3: دين لنا ($) | J3: دين علينا (ل.س) | K3: دين علينا ($)
A4: يناير | B4: 118926000 | C4: 74709000 | D4: 38000000 | E4: =IF(B4="","",B4-C4-D4) -> 6217000 | F4: 1000000 | G4: 0 | H4: 70767000 | I4: 6080 | J4: 4123000 | K4: 14534
A5: فبراير | B5: 87859000 | C5: 41296000 | D5: 36215000 | E5: =IF(B5="","",B5-C5-D5) -> 10348000 | F5: 2489000 | G5: 325 | H5: 58684000 | I5: 5052 | J5: 3838000 | K5: 12974
A6: مارس | B6: 105443000 | C6: 45155000 | D6: 37203000 | E6: =IF(B6="","",B6-C6-D6) -> 23085000 | F6: 1684000 | G6: 270 | H6: 66327000 | I6: 5156 | J6: 4536000 | K6: 12826
A7: أبريل | B7: 166691000 | C7: 91555000 | D7: 38371000 | E7: =IF(B7="","",B7-C7-D7) -> 36765000 | F7: 1436000 | G7: 295 | H7: 70574000 | I7: 7360 | J7: 5924000 | K7: 11459
A8: مايو | E8: =IF(B8="","",B8-C8-D8)
A9: يونيو | E9: =IF(B9="","",B9-C9-D9)
A10: يوليو | E10: =IF(B10="","",B10-C10-D10)
A11: أغسطس | E11: =IF(B11="","",B11-C11-D11)
A12: سبتمبر | E12: =IF(B12="","",B12-C12-D12)
A13: أكتوبر | E13: =IF(B13="","",B13-C13-D13)
A14: نوفمبر | E14: =IF(B14="","",B14-C14-D14)
A15: ديسمبر | E15: =IF(B15="","",B15-C15-D15)
A17: 💡 الأزرق = أرقام يدوية | الأسود = محسوب تلقائياً | الصندوق: أدخل الكاش الموجود فعلاً بالليرة السورية والدولار

Sheet الحسابات
A1: 📊 الحسابات الشهرية
A2: الشهر | B2: الربح/الخسارة | C2: هامش الربح % | D2: نمو المبيعات % | E2: نسبة المصاريف % | F2: صندوق (ل.س) | G2: صندوق ($) | H2: صافي الدين (ل.س) | I2: صافي الدين ($) | J2: الحالة
A3: =المدخلات!A4 -> يناير | B3: =IF(المدخلات!B4="","",المدخلات!B4-المدخلات!C4-المدخلات!D4) -> 6217000 | C3: =IF(المدخلات!B4=0,"",B3/المدخلات!B4) -> 0.052276205 | E3: =IF(المدخلات!B4=0,"",المدخلات!D4/المدخلات!B4) -> 0.31952643 | F3: =IF(المدخلات!F4="","",المدخلات!F4) -> 1000000 | G3: =IF(المدخلات!G4="","",المدخلات!G4) -> 0 | H3: =IF(OR(المدخلات!H4="",المدخلات!J4=""),"",المدخلات!H4-المدخلات!J4) -> 66644000 | I3: =IF(OR(المدخلات!I4="",المدخلات!K4=""),"",المدخلات!I4-المدخلات!K4) -> -8454 | J3: =IF(B3="","",IF(B3>0,"✅ ربح","🔴 خسارة")) -> ✅ ربح
A4: =المدخلات!A5 -> فبراير | B4: =IF(المدخلات!B5="","",المدخلات!B5-المدخلات!C5-المدخلات!D5) -> 10348000 | C4: =IF(المدخلات!B5=0,"",B4/المدخلات!B5) -> 0.11777962 | D4: =IF(OR(المدخلات!B4=0,المدخلات!B5=""),"",(المدخلات!B5-المدخلات!B4)/المدخلات!B4) -> -0.26122967 | E4: =IF(المدخلات!B5=0,"",المدخلات!D5/المدخلات!B5) -> 0.41219454 | F4: =IF(المدخلات!F5="","",المدخلات!F5) -> 2489000 | G4: =IF(المدخلات!G5="","",المدخلات!G5) -> 325 | H4: =IF(OR(المدخلات!H5="",المدخلات!J5=""),"",المدخلات!H5-المدخلات!J5) -> 54846000 | I4: =IF(OR(المدخلات!I5="",المدخلات!K5=""),"",المدخلات!I5-المدخلات!K5) -> -7922 | J4: =IF(B4="","",IF(B4>0,"✅ ربح","🔴 خسارة")) -> ✅ ربح
A5: =المدخلات!A6 -> مارس | B5: =IF(المدخلات!B6="","",المدخلات!B6-المدخلات!C6-المدخلات!D6) -> 23085000 | C5: =IF(المدخلات!B6=0,"",B5/المدخلات!B6) -> 0.21893345 | D5: =IF(OR(المدخلات!B5=0,المدخلات!B6=""),"",(المدخلات!B6-المدخلات!B5)/المدخلات!B5) -> 0.20013886 | E5: =IF(المدخلات!B6=0,"",المدخلات!D6/المدخلات!B6) -> 0.3528257 | F5: =IF(المدخلات!F6="","",المدخلات!F6) -> 1684000 | G5: =IF(المدخلات!G6="","",المدخلات!G6) -> 270 | H5: =IF(OR(المدخلات!H6="",المدخلات!J6=""),"",المدخلات!H6-المدخلات!J6) -> 61791000 | I5: =IF(OR(المدخلات!I6="",المدخلات!K6=""),"",المدخلات!I6-المدخلات!K6) -> -7670 | J5: =IF(B5="","",IF(B5>0,"✅ ربح","🔴 خسارة")) -> ✅ ربح
A6: =المدخلات!A7 -> أبريل | B6: =IF(المدخلات!B7="","",المدخلات!B7-المدخلات!C7-المدخلات!D7) -> 36765000 | C6: =IF(المدخلات!B7=0,"",B6/المدخلات!B7) -> 0.2205578 | D6: =IF(OR(المدخلات!B6=0,المدخلات!B7=""),"",(المدخلات!B7-المدخلات!B6)/المدخلات!B6) -> 0.58086359 | E6: =IF(المدخلات!B7=0,"",المدخلات!D7/المدخلات!B7) -> 0.23019239 | F6: =IF(المدخلات!F7="","",المدخلات!F7) -> 1436000 | G6: =IF(المدخلات!G7="","",المدخلات!G7) -> 295 | H6: =IF(OR(المدخلات!H7="",المدخلات!J7=""),"",المدخلات!H7-المدخلات!J7) -> 64650000 | I6: =IF(OR(المدخلات!I7="",المدخلات!K7=""),"",المدخلات!I7-المدخلات!K7) -> -4099 | J6: =IF(B6="","",IF(B6>0,"✅ ربح","🔴 خسارة")) -> ✅ ربح
A7: =المدخلات!A8 -> مايو | B7: =IF(المدخلات!B8="","",المدخلات!B8-المدخلات!C8-المدخلات!D8) | C7: =IF(المدخلات!B8=0,"",B7/المدخلات!B8) | D7: =IF(OR(المدخلات!B7=0,المدخلات!B8=""),"",(المدخلات!B8-المدخلات!B7)/المدخلات!B7) | E7: =IF(المدخلات!B8=0,"",المدخلات!D8/المدخلات!B8) | F7: =IF(المدخلات!F8="","",المدخلات!F8) | G7: =IF(المدخلات!G8="","",المدخلات!G8) | H7: =IF(OR(المدخلات!H8="",المدخلات!J8=""),"",المدخلات!H8-المدخلات!J8) | I7: =IF(OR(المدخلات!I8="",المدخلات!K8=""),"",المدخلات!I8-المدخلات!K8) | J7: =IF(B7="","",IF(B7>0,"✅ ربح","🔴 خسارة"))
A8: =المدخلات!A9 -> يونيو | B8: =IF(المدخلات!B9="","",المدخلات!B9-المدخلات!C9-المدخلات!D9) | C8: =IF(المدخلات!B9=0,"",B8/المدخلات!B9) | D8: =IF(OR(المدخلات!B8=0,المدخلات!B9=""),"",(المدخلات!B9-المدخلات!B8)/المدخلات!B8) | E8: =IF(المدخلات!B9=0,"",المدخلات!D9/المدخلات!B9) | F8: =IF(المدخلات!F9="","",المدخلات!F9) | G8: =IF(المدخلات!G9="","",المدخلات!G9) | H8: =IF(OR(المدخلات!H9="",المدخلات!J9=""),"",المدخلات!H9-المدخلات!J9) | I8: =IF(OR(المدخلات!I9="",المدخلات!K9=""),"",المدخلات!I9-المدخلات!K9) | J8: =IF(B8="","",IF(B8>0,"✅ ربح","🔴 خسارة"))
A9: =المدخلات!A10 -> يوليو | B9: =IF(المدخلات!B10="","",المدخلات!B10-المدخلات!C10-المدخلات!D10) | C9: =IF(المدخلات!B10=0,"",B9/المدخلات!B10) | D9: =IF(OR(المدخلات!B9=0,المدخلات!B10=""),"",(المدخلات!B10-المدخلات!B9)/المدخلات!B9) | E9: =IF(المدخلات!B10=0,"",المدخلات!D10/المدخلات!B10) | F9: =IF(المدخلات!F10="","",المدخلات!F10) | G9: =IF(المدخلات!G10="","",المدخلات!G10) | H9: =IF(OR(المدخلات!H10="",المدخلات!J10=""),"",المدخلات!H10-المدخلات!J10) | I9: =IF(OR(المدخلات!I10="",المدخلات!K10=""),"",المدخلات!I10-المدخلات!K10) | J9: =IF(B9="","",IF(B9>0,"✅ ربح","🔴 خسارة"))
A10: =المدخلات!A11 -> أغسطس | B10: =IF(المدخلات!B11="","",المدخلات!B11-المدخلات!C11-المدخلات!D11) | C10: =IF(المدخلات!B11=0,"",B10/المدخلات!B11) | D10: =IF(OR(المدخلات!B10=0,المدخلات!B11=""),"",(المدخلات!B11-المدخلات!B10)/المدخلات!B10) | E10: =IF(المدخلات!B11=0,"",المدخلات!D11/المدخلات!B11) | F10: =IF(المدخلات!F11="","",المدخلات!F11) | G10: =IF(المدخلات!G11="","",المدخلات!G11) | H10: =IF(OR(المدخلات!H11="",المدخلات!J11=""),"",المدخلات!H11-المدخلات!J11) | I10: =IF(OR(المدخلات!I11="",المدخلات!K11=""),"",المدخلات!I11-المدخلات!K11) | J10: =IF(B10="","",IF(B10>0,"✅ ربح","🔴 خسارة"))
A11: =المدخلات!A12 -> سبتمبر | B11: =IF(المدخلات!B12="","",المدخلات!B12-المدخلات!C12-المدخلات!D12) | C11: =IF(المدخلات!B12=0,"",B11/المدخلات!B12) | D11: =IF(OR(المدخلات!B11=0,المدخلات!B12=""),"",(المدخلات!B12-المدخلات!B11)/المدخلات!B11) | E11: =IF(المدخلات!B12=0,"",المدخلات!D12/المدخلات!B12) | F11: =IF(المدخلات!F12="","",المدخلات!F12) | G11: =IF(المدخلات!G12="","",المدخلات!G12) | H11: =IF(OR(المدخلات!H12="",المدخلات!J12=""),"",المدخلات!H12-المدخلات!J12) | I11: =IF(OR(المدخلات!I12="",المدخلات!K12=""),"",المدخلات!I12-المدخلات!K12) | J11: =IF(B11="","",IF(B11>0,"✅ ربح","🔴 خسارة"))
A12: =المدخلات!A13 -> أكتوبر | B12: =IF(المدخلات!B13="","",المدخلات!B13-المدخلات!C13-المدخلات!D13) | C12: =IF(المدخلات!B13=0,"",B12/المدخلات!B13) | D12: =IF(OR(المدخلات!B12=0,المدخلات!B13=""),"",(المدخلات!B13-المدخلات!B12)/المدخلات!B12) | E12: =IF(المدخلات!B13=0,"",المدخلات!D13/المدخلات!B13) | F12: =IF(المدخلات!F13="","",المدخلات!F13) | G12: =IF(المدخلات!G13="","",المدخلات!G13) | H12: =IF(OR(المدخلات!H13="",المدخلات!J13=""),"",المدخلات!H13-المدخلات!J13) | I12: =IF(OR(المدخلات!I13="",المدخلات!K13=""),"",المدخلات!I13-المدخلات!K13) | J12: =IF(B12="","",IF(B12>0,"✅ ربح","🔴 خسارة"))
A13: =المدخلات!A14 -> نوفمبر | B13: =IF(المدخلات!B14="","",المدخلات!B14-المدخلات!C14-المدخلات!D14) | C13: =IF(المدخلات!B14=0,"",B13/المدخلات!B14) | D13: =IF(OR(المدخلات!B13=0,المدخلات!B14=""),"",(المدخلات!B14-المدخلات!B13)/المدخلات!B13) | E13: =IF(المدخلات!B14=0,"",المدخلات!D14/المدخلات!B14) | F13: =IF(المدخلات!F14="","",المدخلات!F14) | G13: =IF(المدخلات!G14="","",المدخلات!G14) | H13: =IF(OR(المدخلات!H14="",المدخلات!J14=""),"",المدخلات!H14-المدخلات!J14) | I13: =IF(OR(المدخلات!I14="",المدخلات!K14=""),"",المدخلات!I14-المدخلات!K14) | J13: =IF(B13="","",IF(B13>0,"✅ ربح","🔴 خسارة"))
A14: =المدخلات!A15 -> ديسمبر | B14: =IF(المدخلات!B15="","",المدخلات!B15-المدخلات!C15-المدخلات!D15) | C14: =IF(المدخلات!B15=0,"",B14/المدخلات!B15) | D14: =IF(OR(المدخلات!B14=0,المدخلات!B15=""),"",(المدخلات!B15-المدخلات!B14)/المدخلات!B14) | E14: =IF(المدخلات!B15=0,"",المدخلات!D15/المدخلات!B15) | F14: =IF(المدخلات!F15="","",المدخلات!F15) | G14: =IF(المدخلات!G15="","",المدخلات!G15) | H14: =IF(OR(المدخلات!H15="",المدخلات!J15=""),"",المدخلات!H15-المدخلات!J15) | I14: =IF(OR(المدخلات!I15="",المدخلات!K15=""),"",المدخلات!I15-المدخلات!K15) | J14: =IF(B14="","",IF(B14>0,"✅ ربح","🔴 خسارة"))

Sheet لوحة التحكم
A1: 🏢 لوحة التحكم المالية الذكية
A2: ="📅 آخر شهر تم إدخاله: "&IFERROR(LOOKUP(2,1/(المدخلات!B4:B15<>""),المدخلات!A4:A15),"") -> 📅 آخر شهر تم إدخاله: أبريل
A4: 💰 المبيعات | B4: آخر شهر | C4: الشهر السابق | D4: التغير % | E4: 📈 | F4: الوضع
B5: =IFERROR(LOOKUP(2,1/(المدخلات!B4:B15<>""),المدخلات!B4:B15),"") -> 166691000 | C5: =IFERROR(INDEX(المدخلات!B4:B15,COUNTA(المدخلات!B4:B15)-1),"") -> 105443000 | D5: =IF(OR(C5=0,C5=""),"",(B5-C5)/C5) -> 0.58086359 | E5: =IF(D5="","",IF(D5>0,"▲ ","▼ ")) -> ▲ | F5: =IF(D5="","",IF(D5>0,"✅","🔴")) -> ✅
A7: 📈 الربح/الخسارة | B7: آخر شهر | C7: الشهر السابق | D7: التغير % | E7: 📈 | F7: الوضع
B8: =IFERROR(LOOKUP(2,1/(المدخلات!B4:B15<>""),الحسابات!B3:B14),"") -> 36765000 | C8: =IFERROR(INDEX(الحسابات!B3:B14,COUNTA(المدخلات!B4:B15)-1),"") -> 23085000 | D8: =IF(OR(C8=0,C8=""),"",(B8-C8)/C8) -> 0.59259259 | E8: =IF(D8="","",IF(D8>0,"▲ ","▼ ")) -> ▲ | F8: =IF(D8="","",IF(D8>0,"✅","🔴")) -> ✅
A10: 💸 المصاريف | B10: آخر شهر | C10: الشهر السابق | D10: التغير % | E10: 📈 | F10: الوضع
B11: =IFERROR(LOOKUP(2,1/(المدخلات!B4:B15<>""),المدخلات!D4:D15),"") -> 38371000 | C11: =IFERROR(INDEX(المدخلات!D4:D15,COUNTA(المدخلات!B4:B15)-1),"") -> 37203000 | D11: =IF(OR(C11=0,C11=""),"",(B11-C11)/C11) -> 0.031395318 | E11: =IF(D11="","",IF(D11>0,"▲ ","▼ ")) -> ▲ | F11: =IF(D11="","",IF(D11>0,"✅","🔴")) -> ✅
A13: 🏦 صافي الدين (ل.س) | B13: آخر شهر | C13: الشهر السابق | D13: التغير % | E13: 📈 | F13: الوضع
B14: =IFERROR(LOOKUP(2,1/(المدخلات!B4:B15<>""),الحسابات!H3:H14),"") -> 64650000 | C14: =IFERROR(INDEX(الحسابات!H3:H14,COUNTA(المدخلات!B4:B15)-1),"") -> 61791000 | D14: =IF(OR(C14=0,C14=""),"",(B14-C14)/C14) -> 0.046268874 | E14: =IF(D14="","",IF(D14>0,"▲ ","▼ ")) -> ▲ | F14: =IF(D14="","",IF(D14>0,"✅","🔴")) -> ✅
A16: 💵 صافي الدين ($) | B16: آخر شهر | C16: الشهر السابق | D16: التغير % | E16: 📈 | F16: الوضع
B17: =IFERROR(LOOKUP(2,1/(المدخلات!B4:B15<>""),الحسابات!I3:I14),"") -> -4099 | C17: =IFERROR(INDEX(الحسابات!I3:I14,COUNTA(المدخلات!B4:B15)-1),"") -> -7670 | D17: =IF(OR(C17=0,C17=""),"",(B17-C17)/C17) -> -0.46558018 | E17: =IF(D17="","",IF(D17>0,"▲ ","▼ ")) -> ▼ | F17: =IF(D17="","",IF(D17>0,"✅","🔴")) -> 🔴
A19: 🏦 الكاش المتاح في الصندوق
A20: كاش الصندوق | B20: =IFERROR(LOOKUP(2,1/(المدخلات!B4:B15<>""),المدخلات!F4:F15),"") -> 1436000 | C20: ليرة سورية
A21: كاش الصندوق | B21: =IFERROR(LOOKUP(2,1/(المدخلات!B4:B15<>""),المدخلات!G4:G15),"") -> 295 | C21: دولار أمريكي
A23: 📋 تفصيل الديون بالعملتين
A24: البيان | B24: ليرة سورية | C24: دولار
A25: ديون لنا 🟢 | B25: =IFERROR(LOOKUP(2,1/(المدخلات!B4:B15<>""),المدخلات!H4:H15),"") -> 70574000 | C25: =IFERROR(LOOKUP(2,1/(المدخلات!B4:B15<>""),المدخلات!I4:I15),"") -> 7360
A26: ديون علينا 🔴 | B26: =IFERROR(LOOKUP(2,1/(المدخلات!B4:B15<>""),المدخلات!J4:J15),"") -> 5924000 | C26: =IFERROR(LOOKUP(2,1/(المدخلات!B4:B15<>""),المدخلات!K4:K15),"") -> 11459
A27: صافي الدين | B27: =IFERROR(LOOKUP(2,1/(المدخلات!B4:B15<>""),الحسابات!H3:H14),"") -> 64650000 | C27: =IFERROR(LOOKUP(2,1/(المدخلات!B4:B15<>""),الحسابات!I3:I14),"") -> -4099

Sheet الرسوم البيانية
A1: 📊 الرسوم البيانية
A2: 🟠 مصاريف | 🟢 ديون لنا | 🔴 ديون علينا | 💜 صافي الدين | 💵 دولار — كل نقطة = شهر واحد، الخط المتموج يوضح الاتجاه العام
Q3: الشهر | R3: المصاريف | S3: نسبة المصاريف | T3: دين لنا (ل.س) | U3: دين علينا (ل.س) | V3: صافي الدين (ل.س) | W3: دين لنا ($) | X3: دين علينا ($) | Y3: صافي الدين ($)
Q4: =المدخلات!A4 -> يناير | R4: =IF(المدخلات!D4="","",المدخلات!D4) -> 38000000 | S4: =IF(OR(المدخلات!B4=0,المدخلات!B4=""),"",المدخلات!D4/المدخلات!B4) -> 0.31952643 | T4: =IF(المدخلات!H4="","",المدخلات!H4) -> 70767000 | U4: =IF(المدخلات!J4="","",المدخلات!J4) -> 4123000 | V4: =IF(OR(المدخلات!H4="",المدخلات!J4=""),"",المدخلات!H4-المدخلات!J4) -> 66644000 | W4: =IF(المدخلات!I4="","",المدخلات!I4) -> 6080 | X4: =IF(المدخلات!K4="","",المدخلات!K4) -> 14534 | Y4: =IF(OR(المدخلات!I4="",المدخلات!K4=""),"",المدخلات!I4-المدخلات!K4) -> -8454
Q5: =المدخلات!A5 -> فبراير | R5: =IF(المدخلات!D5="","",المدخلات!D5) -> 36215000 | S5: =IF(OR(المدخلات!B5=0,المدخلات!B5=""),"",المدخلات!D5/المدخلات!B5) -> 0.41219454 | T5: =IF(المدخلات!H5="","",المدخلات!H5) -> 58684000 | U5: =IF(المدخلات!J5="","",المدخلات!J5) -> 3838000 | V5: =IF(OR(المدخلات!H5="",المدخلات!J5=""),"",المدخلات!H5-المدخلات!J5) -> 54846000 | W5: =IF(المدخلات!I5="","",المدخلات!I5) -> 5052 | X5: =IF(المدخلات!K5="","",المدخلات!K5) -> 12974 | Y5: =IF(OR(المدخلات!I5="",المدخلات!K5=""),"",المدخلات!I5-المدخلات!K5) -> -7922
Q6: =المدخلات!A6 -> مارس | R6: =IF(المدخلات!D6="","",المدخلات!D6) -> 37203000 | S6: =IF(OR(المدخلات!B6=0,المدخلات!B6=""),"",المدخلات!D6/المدخلات!B6) -> 0.3528257 | T6: =IF(المدخلات!H6="","",المدخلات!H6) -> 66327000 | U6: =IF(المدخلات!J6="","",المدخلات!J6) -> 4536000 | V6: =IF(OR(المدخلات!H6="",المدخلات!J6=""),"",المدخلات!H6-المدخلات!J6) -> 61791000 | W6: =IF(المدخلات!I6="","",المدخلات!I6) -> 5156 | X6: =IF(المدخلات!K6="","",المدخلات!K6) -> 12826 | Y6: =IF(OR(المدخلات!I6="",المدخلات!K6=""),"",المدخلات!I6-المدخلات!K6) -> -7670
Q7: =المدخلات!A7 -> أبريل | R7: =IF(المدخلات!D7="","",المدخلات!D7) -> 38371000 | S7: =IF(OR(المدخلات!B7=0,المدخلات!B7=""),"",المدخلات!D7/المدخلات!B7) -> 0.23019239 | T7: =IF(المدخلات!H7="","",المدخلات!H7) -> 70574000 | U7: =IF(المدخلات!J7="","",المدخلات!J7) -> 5924000 | V7: =IF(OR(المدخلات!H7="",المدخلات!J7=""),"",المدخلات!H7-المدخلات!J7) -> 64650000 | W7: =IF(المدخلات!I7="","",المدخلات!I7) -> 7360 | X7: =IF(المدخلات!K7="","",المدخلات!K7) -> 11459 | Y7: =IF(OR(المدخلات!I7="",المدخلات!K7=""),"",المدخلات!I7-المدخلات!K7) -> -4099
Q8: =المدخلات!A8 -> مايو | R8: =IF(المدخلات!D8="","",المدخلات!D8) | S8: =IF(OR(المدخلات!B8=0,المدخلات!B8=""),"",المدخلات!D8/المدخلات!B8) | T8: =IF(المدخلات!H8="","",المدخلات!H8) | U8: =IF(المدخلات!J8="","",المدخلات!J8) | V8: =IF(OR(المدخلات!H8="",المدخلات!J8=""),"",المدخلات!H8-المدخلات!J8) | W8: =IF(المدخلات!I8="","",المدخلات!I8) | X8: =IF(المدخلات!K8="","",المدخلات!K8) | Y8: =IF(OR(المدخلات!I8="",المدخلات!K8=""),"",المدخلات!I8-المدخلات!K8)
Q9: =المدخلات!A9 -> يونيو | R9: =IF(المدخلات!D9="","",المدخلات!D9) | S9: =IF(OR(المدخلات!B9=0,المدخلات!B9=""),"",المدخلات!D9/المدخلات!B9) | T9: =IF(المدخلات!H9="","",المدخلات!H9) | U9: =IF(المدخلات!J9="","",المدخلات!J9) | V9: =IF(OR(المدخلات!H9="",المدخلات!J9=""),"",المدخلات!H9-المدخلات!J9) | W9: =IF(المدخلات!I9="","",المدخلات!I9) | X9: =IF(المدخلات!K9="","",المدخلات!K9) | Y9: =IF(OR(المدخلات!I9="",المدخلات!K9=""),"",المدخلات!I9-المدخلات!K9)
Q10: =المدخلات!A10 -> يوليو | R10: =IF(المدخلات!D10="","",المدخلات!D10) | S10: =IF(OR(المدخلات!B10=0,المدخلات!B10=""),"",المدخلات!D10/المدخلات!B10) | T10: =IF(المدخلات!H10="","",المدخلات!H10) | U10: =IF(المدخلات!J10="","",المدخلات!J10) | V10: =IF(OR(المدخلات!H10="",المدخلات!J10=""),"",المدخلات!H10-المدخلات!J10) | W10: =IF(المدخلات!I10="","",المدخلات!I10) | X10: =IF(المدخلات!K10="","",المدخلات!K10) | Y10: =IF(OR(المدخلات!I10="",المدخلات!K10=""),"",المدخلات!I10-المدخلات!K10)
Q11: =المدخلات!A11 -> أغسطس | R11: =IF(المدخلات!D11="","",المدخلات!D11) | S11: =IF(OR(المدخلات!B11=0,المدخلات!B11=""),"",المدخلات!D11/المدخلات!B11) | T11: =IF(المدخلات!H11="","",المدخلات!H11) | U11: =IF(المدخلات!J11="","",المدخلات!J11) | V11: =IF(OR(المدخلات!H11="",المدخلات!J11=""),"",المدخلات!H11-المدخلات!J11) | W11: =IF(المدخلات!I11="","",المدخلات!I11) | X11: =IF(المدخلات!K11="","",المدخلات!K11) | Y11: =IF(OR(المدخلات!I11="",المدخلات!K11=""),"",المدخلات!I11-المدخلات!K11)
Q12: =المدخلات!A12 -> سبتمبر | R12: =IF(المدخلات!D12="","",المدخلات!D12) | S12: =IF(OR(المدخلات!B12=0,المدخلات!B12=""),"",المدخلات!D12/المدخلات!B12) | T12: =IF(المدخلات!H12="","",المدخلات!H12) | U12: =IF(المدخلات!J12="","",المدخلات!J12) | V12: =IF(OR(المدخلات!H12="",المدخلات!J12=""),"",المدخلات!H12-المدخلات!J12) | W12: =IF(المدخلات!I12="","",المدخلات!I12) | X12: =IF(المدخلات!K12="","",المدخلات!K12) | Y12: =IF(OR(المدخلات!I12="",المدخلات!K12=""),"",المدخلات!I12-المدخلات!K12)
Q13: =المدخلات!A13 -> أكتوبر | R13: =IF(المدخلات!D13="","",المدخلات!D13) | S13: =IF(OR(المدخلات!B13=0,المدخلات!B13=""),"",المدخلات!D13/المدخلات!B13) | T13: =IF(المدخلات!H13="","",المدخلات!H13) | U13: =IF(المدخلات!J13="","",المدخلات!J13) | V13: =IF(OR(المدخلات!H13="",المدخلات!J13=""),"",المدخلات!H13-المدخلات!J13) | W13: =IF(المدخلات!I13="","",المدخلات!I13) | X13: =IF(المدخلات!K13="","",المدخلات!K13) | Y13: =IF(OR(المدخلات!I13="",المدخلات!K13=""),"",المدخلات!I13-المدخلات!K13)
Q14: =المدخلات!A14 -> نوفمبر | R14: =IF(المدخلات!D14="","",المدخلات!D14) | S14: =IF(OR(المدخلات!B14=0,المدخلات!B14=""),"",المدخلات!D14/المدخلات!B14) | T14: =IF(المدخلات!H14="","",المدخلات!H14) | U14: =IF(المدخلات!J14="","",المدخلات!J14) | V14: =IF(OR(المدخلات!H14="",المدخلات!J14=""),"",المدخلات!H14-المدخلات!J14) | W14: =IF(المدخلات!I14="","",المدخلات!I14) | X14: =IF(المدخلات!K14="","",المدخلات!K14) | Y14: =IF(OR(المدخلات!I14="",المدخلات!K14=""),"",المدخلات!I14-المدخلات!K14)
Q15: =المدخلات!A15 -> ديسمبر | R15: =IF(المدخلات!D15="","",المدخلات!D15) | S15: =IF(OR(المدخلات!B15=0,المدخلات!B15=""),"",المدخلات!D15/المدخلات!B15) | T15: =IF(المدخلات!H15="","",المدخلات!H15) | U15: =IF(المدخلات!J15="","",المدخلات!J15) | V15: =IF(OR(المدخلات!H15="",المدخلات!J15=""),"",المدخلات!H15-المدخلات!J15) | W15: =IF(المدخلات!I15="","",المدخلات!I15) | X15: =IF(المدخلات!K15="","",المدخلات!K15) | Y15: =IF(OR(المدخلات!I15="",المدخلات!K15=""),"",المدخلات!I15-المدخلات!K15)

Sheet تقرير السيولة
A1: 💧 تقرير السيولة
A2: ="📅 تقرير شهر: "&IFERROR(LOOKUP(2,1/(المدخلات!B4:B15<>""),المدخلات!A4:A15),"") -> 📅 تقرير شهر: أبريل
A4: 🇸🇾 السيولة بالليرة السورية
A5: البيان | B5: المبلغ | C5: الوضع | D5: ملاحظة
A6: المبيعات | B6: =IFERROR(LOOKUP(2,1/(المدخلات!B4:B15<>""),المدخلات!B4:B15),"") -> 166691000 | C6: =IF(B6="","",IF(B6>0,"✅","🔴")) -> ✅
A7: المشتريات | B7: =IFERROR(LOOKUP(2,1/(المدخلات!B4:B15<>""),المدخلات!C4:C15),"") -> 91555000 | C7: =IF(B7="","",IF(B7>0,"✅","🔴")) -> ✅
A8: المصاريف | B8: =IFERROR(LOOKUP(2,1/(المدخلات!B4:B15<>""),المدخلات!D4:D15),"") -> 38371000 | C8: =IF(B8="","",IF(B8>0,"✅","🔴")) -> ✅
A9: الربح التشغيلي | B9: =IFERROR(LOOKUP(2,1/(المدخلات!B4:B15<>""),الحسابات!B3:B14),"") -> 36765000 | C9: =IF(B9="","",IF(B9>0,"✅","🔴")) -> ✅
A10: كاش الصندوق | B10: =IFERROR(LOOKUP(2,1/(المدخلات!B4:B15<>""),المدخلات!F4:F15),"") -> 1436000 | C10: =IF(B10="","",IF(B10>0,"✅","🔴")) -> ✅
A11: ديون لنا | B11: =IFERROR(LOOKUP(2,1/(المدخلات!B4:B15<>""),المدخلات!H4:H15),"") -> 70574000 | C11: =IF(B11="","",IF(B11>0,"✅","🔴")) -> ✅
A12: ديون علينا | B12: =IFERROR(LOOKUP(2,1/(المدخلات!B4:B15<>""),المدخلات!J4:J15),"") -> 5924000 | C12: =IF(B12="","",IF(B12>0,"✅","🔴")) -> ✅
A13: صافي الدين | B13: =IFERROR(LOOKUP(2,1/(المدخلات!B4:B15<>""),الحسابات!H3:H14),"") -> 64650000 | C13: =IF(B13="","",IF(B13>0,"✅","🔴")) -> ✅
A15: 🇺🇸 السيولة بالدولار الأمريكي
A16: البيان | B16: المبلغ | C16: الوضع | D16: ملاحظة
A17: كاش الصندوق | B17: =IFERROR(LOOKUP(2,1/(المدخلات!B4:B15<>""),المدخلات!G4:G15),"") -> 295 | C17: =IF(B17="","",IF(B17>0,"✅","🔴")) -> ✅
A18: ديون لنا | B18: =IFERROR(LOOKUP(2,1/(المدخلات!B4:B15<>""),المدخلات!I4:I15),"") -> 7360 | C18: =IF(B18="","",IF(B18>0,"✅","🔴")) -> ✅
A19: ديون علينا | B19: =IFERROR(LOOKUP(2,1/(المدخلات!B4:B15<>""),المدخلات!K4:K15),"") -> 11459 | C19: =IF(B19="","",IF(B19>0,"✅","🔴")) -> ✅
A20: صافي الدين | B20: =IFERROR(LOOKUP(2,1/(المدخلات!B4:B15<>""),الحسابات!I3:I14),"") -> -4099 | C20: =IF(B20="","",IF(B20>0,"✅","🔴")) -> 🔴
