Workbook

Sheet لوحة التحكم
A1: لوحة تحكم مستودع معمل المنظفات
A2: عدد الطبخات المسجلة: 43 | عدد المواد الخام: 94 | جميع الأرقام تُحدَّث تلقائياً
A4: إجمالي عدد المواد | C4: مواد برصيد سالب (تحتاج مراجعة) | E4: عدد الطبخات المعرّفة
A5: =COUNTA(المواد!$A$2:$A$319) -> 178 | C5: =COUNTIF('الرصيد الحالي'!$E$2:$E$320,"❌*") -> 3 | E5: =COUNTIF(قوائم!$B$2:$B$150,"?*") -> 45
A7: إجمالي عمليات الإدخال | C7: إجمالي عمليات الإنتاج | E7: إجمالي عمليات الصرف المباشر
A8: =COUNTA(الإدخالات!$C$2:$C$501) -> 176 | C8: =COUNTA('سجل الإنتاج'!$C$2:$C$501) -> 1 | E8: =COUNTA('الصرف المباشر'!$C$2:$C$501) -> 1
A12: ❌ تنبيه: مواد برصيد سالب - تحتاج مراجعة فورية
A13: اسم المادة | B13: الرصيد الحالي | C13: الوحدة | D13: الحالة
A14: =IFERROR(INDEX('الرصيد الحالي'!$A$2:$A$320,MATCH(1,'الرصيد الحالي'!$F$2:$F$320,0)),"") -> غليسيرين | B14: =IF($A14="","",IFERROR(INDEX('الرصيد الحالي'!$C$2:$C$320,MATCH($A14,'الرصيد الحالي'!$A$2:$A$320,0)),"")) -> -5 | C14: =IF($A14="","",IFERROR(INDEX('الرصيد الحالي'!$B$2:$B$320,MATCH($A14,'الرصيد الحالي'!$A$2:$A$320,0)),"")) -> كغ | D14: =IF($A14="","",IFERROR(INDEX('الرصيد الحالي'!$E$2:$E$320,MATCH($A14,'الرصيد الحالي'!$A$2:$A$320,0)),"")) -> ❌ رصيد سالب - يحتاج مراجعة
A15: =IFERROR(INDEX('الرصيد الحالي'!$A$2:$A$320,MATCH(2,'الرصيد الحالي'!$F$2:$F$320,0)),"") -> عطر-رمان apple grandada - 322730 | B15: =IF($A15="","",IFERROR(INDEX('الرصيد الحالي'!$C$2:$C$320,MATCH($A15,'الرصيد الحالي'!$A$2:$A$320,0)),"")) -> -1.34 | C15: =IF($A15="","",IFERROR(INDEX('الرصيد الحالي'!$B$2:$B$320,MATCH($A15,'الرصيد الحالي'!$A$2:$A$320,0)),"")) -> كغ | D15: =IF($A15="","",IFERROR(INDEX('الرصيد الحالي'!$E$2:$E$320,MATCH($A15,'الرصيد الحالي'!$A$2:$A$320,0)),"")) -> ❌ رصيد سالب - يحتاج مراجعة
A16: =IFERROR(INDEX('الرصيد الحالي'!$A$2:$A$320,MATCH(3,'الرصيد الحالي'!$F$2:$F$320,0)),"") -> صبغة | B16: =IF($A16="","",IFERROR(INDEX('الرصيد الحالي'!$C$2:$C$320,MATCH($A16,'الرصيد الحالي'!$A$2:$A$320,0)),"")) -> -25 | C16: =IF($A16="","",IFERROR(INDEX('الرصيد الحالي'!$B$2:$B$320,MATCH($A16,'الرصيد الحالي'!$A$2:$A$320,0)),"")) -> كغ | D16: =IF($A16="","",IFERROR(INDEX('الرصيد الحالي'!$E$2:$E$320,MATCH($A16,'الرصيد الحالي'!$A$2:$A$320,0)),"")) -> ❌ رصيد سالب - يحتاج مراجعة
A17: =IFERROR(INDEX('الرصيد الحالي'!$A$2:$A$320,MATCH(4,'الرصيد الحالي'!$F$2:$F$320,0)),"") | B17: =IF($A17="","",IFERROR(INDEX('الرصيد الحالي'!$C$2:$C$320,MATCH($A17,'الرصيد الحالي'!$A$2:$A$320,0)),"")) | C17: =IF($A17="","",IFERROR(INDEX('الرصيد الحالي'!$B$2:$B$320,MATCH($A17,'الرصيد الحالي'!$A$2:$A$320,0)),"")) | D17: =IF($A17="","",IFERROR(INDEX('الرصيد الحالي'!$E$2:$E$320,MATCH($A17,'الرصيد الحالي'!$A$2:$A$320,0)),""))
A18: =IFERROR(INDEX('الرصيد الحالي'!$A$2:$A$320,MATCH(5,'الرصيد الحالي'!$F$2:$F$320,0)),"") | B18: =IF($A18="","",IFERROR(INDEX('الرصيد الحالي'!$C$2:$C$320,MATCH($A18,'الرصيد الحالي'!$A$2:$A$320,0)),"")) | C18: =IF($A18="","",IFERROR(INDEX('الرصيد الحالي'!$B$2:$B$320,MATCH($A18,'الرصيد الحالي'!$A$2:$A$320,0)),"")) | D18: =IF($A18="","",IFERROR(INDEX('الرصيد الحالي'!$E$2:$E$320,MATCH($A18,'الرصيد الحالي'!$A$2:$A$320,0)),""))
A19: =IFERROR(INDEX('الرصيد الحالي'!$A$2:$A$320,MATCH(6,'الرصيد الحالي'!$F$2:$F$320,0)),"") | B19: =IF($A19="","",IFERROR(INDEX('الرصيد الحالي'!$C$2:$C$320,MATCH($A19,'الرصيد الحالي'!$A$2:$A$320,0)),"")) | C19: =IF($A19="","",IFERROR(INDEX('الرصيد الحالي'!$B$2:$B$320,MATCH($A19,'الرصيد الحالي'!$A$2:$A$320,0)),"")) | D19: =IF($A19="","",IFERROR(INDEX('الرصيد الحالي'!$E$2:$E$320,MATCH($A19,'الرصيد الحالي'!$A$2:$A$320,0)),""))
A20: =IFERROR(INDEX('الرصيد الحالي'!$A$2:$A$320,MATCH(7,'الرصيد الحالي'!$F$2:$F$320,0)),"") | B20: =IF($A20="","",IFERROR(INDEX('الرصيد الحالي'!$C$2:$C$320,MATCH($A20,'الرصيد الحالي'!$A$2:$A$320,0)),"")) | C20: =IF($A20="","",IFERROR(INDEX('الرصيد الحالي'!$B$2:$B$320,MATCH($A20,'الرصيد الحالي'!$A$2:$A$320,0)),"")) | D20: =IF($A20="","",IFERROR(INDEX('الرصيد الحالي'!$E$2:$E$320,MATCH($A20,'الرصيد الحالي'!$A$2:$A$320,0)),""))
A21: =IFERROR(INDEX('الرصيد الحالي'!$A$2:$A$320,MATCH(8,'الرصيد الحالي'!$F$2:$F$320,0)),"") | B21: =IF($A21="","",IFERROR(INDEX('الرصيد الحالي'!$C$2:$C$320,MATCH($A21,'الرصيد الحالي'!$A$2:$A$320,0)),"")) | C21: =IF($A21="","",IFERROR(INDEX('الرصيد الحالي'!$B$2:$B$320,MATCH($A21,'الرصيد الحالي'!$A$2:$A$320,0)),"")) | D21: =IF($A21="","",IFERROR(INDEX('الرصيد الحالي'!$E$2:$E$320,MATCH($A21,'الرصيد الحالي'!$A$2:$A$320,0)),""))
A22: =IFERROR(INDEX('الرصيد الحالي'!$A$2:$A$320,MATCH(9,'الرصيد الحالي'!$F$2:$F$320,0)),"") | B22: =IF($A22="","",IFERROR(INDEX('الرصيد الحالي'!$C$2:$C$320,MATCH($A22,'الرصيد الحالي'!$A$2:$A$320,0)),"")) | C22: =IF($A22="","",IFERROR(INDEX('الرصيد الحالي'!$B$2:$B$320,MATCH($A22,'الرصيد الحالي'!$A$2:$A$320,0)),"")) | D22: =IF($A22="","",IFERROR(INDEX('الرصيد الحالي'!$E$2:$E$320,MATCH($A22,'الرصيد الحالي'!$A$2:$A$320,0)),""))
A23: =IFERROR(INDEX('الرصيد الحالي'!$A$2:$A$320,MATCH(10,'الرصيد الحالي'!$F$2:$F$320,0)),"") | B23: =IF($A23="","",IFERROR(INDEX('الرصيد الحالي'!$C$2:$C$320,MATCH($A23,'الرصيد الحالي'!$A$2:$A$320,0)),"")) | C23: =IF($A23="","",IFERROR(INDEX('الرصيد الحالي'!$B$2:$B$320,MATCH($A23,'الرصيد الحالي'!$A$2:$A$320,0)),"")) | D23: =IF($A23="","",IFERROR(INDEX('الرصيد الحالي'!$E$2:$E$320,MATCH($A23,'الرصيد الحالي'!$A$2:$A$320,0)),""))
A24: =IFERROR(INDEX('الرصيد الحالي'!$A$2:$A$320,MATCH(11,'الرصيد الحالي'!$F$2:$F$320,0)),"") | B24: =IF($A24="","",IFERROR(INDEX('الرصيد الحالي'!$C$2:$C$320,MATCH($A24,'الرصيد الحالي'!$A$2:$A$320,0)),"")) | C24: =IF($A24="","",IFERROR(INDEX('الرصيد الحالي'!$B$2:$B$320,MATCH($A24,'الرصيد الحالي'!$A$2:$A$320,0)),"")) | D24: =IF($A24="","",IFERROR(INDEX('الرصيد الحالي'!$E$2:$E$320,MATCH($A24,'الرصيد الحالي'!$A$2:$A$320,0)),""))
A25: =IFERROR(INDEX('الرصيد الحالي'!$A$2:$A$320,MATCH(12,'الرصيد الحالي'!$F$2:$F$320,0)),"") | B25: =IF($A25="","",IFERROR(INDEX('الرصيد الحالي'!$C$2:$C$320,MATCH($A25,'الرصيد الحالي'!$A$2:$A$320,0)),"")) | C25: =IF($A25="","",IFERROR(INDEX('الرصيد الحالي'!$B$2:$B$320,MATCH($A25,'الرصيد الحالي'!$A$2:$A$320,0)),"")) | D25: =IF($A25="","",IFERROR(INDEX('الرصيد الحالي'!$E$2:$E$320,MATCH($A25,'الرصيد الحالي'!$A$2:$A$320,0)),""))
A26: =IFERROR(INDEX('الرصيد الحالي'!$A$2:$A$320,MATCH(13,'الرصيد الحالي'!$F$2:$F$320,0)),"") | B26: =IF($A26="","",IFERROR(INDEX('الرصيد الحالي'!$C$2:$C$320,MATCH($A26,'الرصيد الحالي'!$A$2:$A$320,0)),"")) | C26: =IF($A26="","",IFERROR(INDEX('الرصيد الحالي'!$B$2:$B$320,MATCH($A26,'الرصيد الحالي'!$A$2:$A$320,0)),"")) | D26: =IF($A26="","",IFERROR(INDEX('الرصيد الحالي'!$E$2:$E$320,MATCH($A26,'الرصيد الحالي'!$A$2:$A$320,0)),""))
A27: =IFERROR(INDEX('الرصيد الحالي'!$A$2:$A$320,MATCH(14,'الرصيد الحالي'!$F$2:$F$320,0)),"") | B27: =IF($A27="","",IFERROR(INDEX('الرصيد الحالي'!$C$2:$C$320,MATCH($A27,'الرصيد الحالي'!$A$2:$A$320,0)),"")) | C27: =IF($A27="","",IFERROR(INDEX('الرصيد الحالي'!$B$2:$B$320,MATCH($A27,'الرصيد الحالي'!$A$2:$A$320,0)),"")) | D27: =IF($A27="","",IFERROR(INDEX('الرصيد الحالي'!$E$2:$E$320,MATCH($A27,'الرصيد الحالي'!$A$2:$A$320,0)),""))
A28: =IFERROR(INDEX('الرصيد الحالي'!$A$2:$A$320,MATCH(15,'الرصيد الحالي'!$F$2:$F$320,0)),"") | B28: =IF($A28="","",IFERROR(INDEX('الرصيد الحالي'!$C$2:$C$320,MATCH($A28,'الرصيد الحالي'!$A$2:$A$320,0)),"")) | C28: =IF($A28="","",IFERROR(INDEX('الرصيد الحالي'!$B$2:$B$320,MATCH($A28,'الرصيد الحالي'!$A$2:$A$320,0)),"")) | D28: =IF($A28="","",IFERROR(INDEX('الرصيد الحالي'!$E$2:$E$320,MATCH($A28,'الرصيد الحالي'!$A$2:$A$320,0)),""))
A30: 📊 أكثر 5 مواد استهلاكاً | D30: 🏆 أكثر 5 طبخات إنتاجاً
A31: اسم المادة | B31: إجمالي الاستهلاك | C31: الوحدة | D31: اسم الطبخة | E31: عدد مرات الإنتاج
A32: =IFERROR(INDEX(قوائم!$A$2:$A$320,MATCH(LARGE(قوائم!$F$2:$F$320,1),قوائم!$F$2:$F$320,0)),"") | B32: =IFERROR(LARGE(قوائم!$F$2:$F$320,1),"") | C32: =IF($A32="","",IFERROR(INDEX(المواد!$B$2:$B$319,MATCH($A32,المواد!$A$2:$A$319,0)),"")) | D32: =IFERROR(INDEX(قوائم!$B$2:$B$150,MATCH(LARGE(قوائم!$D$2:$D$150,1),قوائم!$D$2:$D$150,0)),"") -> لودلين فريز أول | E32: =IFERROR(LARGE(قوائم!$D$2:$D$150,1),"") -> 1
A33: =IFERROR(INDEX(قوائم!$A$2:$A$320,MATCH(LARGE(قوائم!$F$2:$F$320,2),قوائم!$F$2:$F$320,0)),"") | B33: =IFERROR(LARGE(قوائم!$F$2:$F$320,2),"") | C33: =IF($A33="","",IFERROR(INDEX(المواد!$B$2:$B$319,MATCH($A33,المواد!$A$2:$A$319,0)),"")) | D33: =IFERROR(INDEX(قوائم!$B$2:$B$150,MATCH(LARGE(قوائم!$D$2:$D$150,2),قوائم!$D$2:$D$150,0)),"") -> دوا غسيل بودرا 157 كغ - ببوري | E33: =IFERROR(LARGE(قوائم!$D$2:$D$150,2),"") -> 0
A34: =IFERROR(INDEX(قوائم!$A$2:$A$320,MATCH(LARGE(قوائم!$F$2:$F$320,3),قوائم!$F$2:$F$320,0)),"") | B34: =IFERROR(LARGE(قوائم!$F$2:$F$320,3),"") | C34: =IF($A34="","",IFERROR(INDEX(المواد!$B$2:$B$319,MATCH($A34,المواد!$A$2:$A$319,0)),"")) | D34: =IFERROR(INDEX(قوائم!$B$2:$B$150,MATCH(LARGE(قوائم!$D$2:$D$150,3),قوائم!$D$2:$D$150,0)),"") -> دوا غسيل بودرا 157 كغ - ببوري | E34: =IFERROR(LARGE(قوائم!$D$2:$D$150,3),"") -> 0
A35: =IFERROR(INDEX(قوائم!$A$2:$A$320,MATCH(LARGE(قوائم!$F$2:$F$320,4),قوائم!$F$2:$F$320,0)),"") | B35: =IFERROR(LARGE(قوائم!$F$2:$F$320,4),"") | C35: =IF($A35="","",IFERROR(INDEX(المواد!$B$2:$B$319,MATCH($A35,المواد!$A$2:$A$319,0)),"")) | D35: =IFERROR(INDEX(قوائم!$B$2:$B$150,MATCH(LARGE(قوائم!$D$2:$D$150,4),قوائم!$D$2:$D$150,0)),"") -> دوا غسيل بودرا 157 كغ - ببوري | E35: =IFERROR(LARGE(قوائم!$D$2:$D$150,4),"") -> 0
A36: =IFERROR(INDEX(قوائم!$A$2:$A$320,MATCH(LARGE(قوائم!$F$2:$F$320,5),قوائم!$F$2:$F$320,0)),"") | B36: =IFERROR(LARGE(قوائم!$F$2:$F$320,5),"") | C36: =IF($A36="","",IFERROR(INDEX(المواد!$B$2:$B$319,MATCH($A36,المواد!$A$2:$A$319,0)),"")) | D36: =IFERROR(INDEX(قوائم!$B$2:$B$150,MATCH(LARGE(قوائم!$D$2:$D$150,5),قوائم!$D$2:$D$150,0)),"") -> دوا غسيل بودرا 157 كغ - ببوري | E36: =IFERROR(LARGE(قوائم!$D$2:$D$150,5),"") -> 0
A38: 🕓 آخر 5 عمليات إدخال (شراء) | D38: 🕓 آخر 5 عمليات إنتاج
A39: التاريخ | B39: المادة | C39: الكمية | D39: التاريخ | E39: الطبخة
A40: =IF((COUNTA(الإدخالات!$C$2:$C$501)-0)<1,"",INDEX(الإدخالات!$B$2:$B$501,COUNTA(الإدخالات!$C$2:$C$501)-0)) -> 46218 | B40: =IF((COUNTA(الإدخالات!$C$2:$C$501)-0)<1,"",INDEX(الإدخالات!$C$2:$C$501,COUNTA(الإدخالات!$C$2:$C$501)-0)) -> أسيد 1 لتر | C40: =IF((COUNTA(الإدخالات!$C$2:$C$501)-0)<1,"",INDEX(الإدخالات!$D$2:$D$501,COUNTA(الإدخالات!$C$2:$C$501)-0)) -> 0 | D40: =IF((COUNTA('سجل الإنتاج'!$C$2:$C$501)-0)<1,"",INDEX('سجل الإنتاج'!$B$2:$B$501,COUNTA('سجل الإنتاج'!$C$2:$C$501)-0)) -> 46225 | E40: =IF((COUNTA('سجل الإنتاج'!$C$2:$C$501)-0)<1,"",INDEX('سجل الإنتاج'!$C$2:$C$501,COUNTA('سجل الإنتاج'!$C$2:$C$501)-0)) -> لودلين فريز أول
A41: =IF((COUNTA(الإدخالات!$C$2:$C$501)-1)<1,"",INDEX(الإدخالات!$B$2:$B$501,COUNTA(الإدخالات!$C$2:$C$501)-1)) -> 46218 | B41: =IF((COUNTA(الإدخالات!$C$2:$C$501)-1)<1,"",INDEX(الإدخالات!$C$2:$C$501,COUNTA(الإدخالات!$C$2:$C$501)-1)) -> أسيد 3 لتر | C41: =IF((COUNTA(الإدخالات!$C$2:$C$501)-1)<1,"",INDEX(الإدخالات!$D$2:$D$501,COUNTA(الإدخالات!$C$2:$C$501)-1)) -> 0 | D41: =IF((COUNTA('سجل الإنتاج'!$C$2:$C$501)-1)<1,"",INDEX('سجل الإنتاج'!$B$2:$B$501,COUNTA('سجل الإنتاج'!$C$2:$C$501)-1)) | E41: =IF((COUNTA('سجل الإنتاج'!$C$2:$C$501)-1)<1,"",INDEX('سجل الإنتاج'!$C$2:$C$501,COUNTA('سجل الإنتاج'!$C$2:$C$501)-1))
A42: =IF((COUNTA(الإدخالات!$C$2:$C$501)-2)<1,"",INDEX(الإدخالات!$B$2:$B$501,COUNTA(الإدخالات!$C$2:$C$501)-2)) -> 46218 | B42: =IF((COUNTA(الإدخالات!$C$2:$C$501)-2)<1,"",INDEX(الإدخالات!$C$2:$C$501,COUNTA(الإدخالات!$C$2:$C$501)-2)) -> اسيد 3 لتر | C42: =IF((COUNTA(الإدخالات!$C$2:$C$501)-2)<1,"",INDEX(الإدخالات!$D$2:$D$501,COUNTA(الإدخالات!$C$2:$C$501)-2)) -> 0 | D42: =IF((COUNTA('سجل الإنتاج'!$C$2:$C$501)-2)<1,"",INDEX('سجل الإنتاج'!$B$2:$B$501,COUNTA('سجل الإنتاج'!$C$2:$C$501)-2)) | E42: =IF((COUNTA('سجل الإنتاج'!$C$2:$C$501)-2)<1,"",INDEX('سجل الإنتاج'!$C$2:$C$501,COUNTA('سجل الإنتاج'!$C$2:$C$501)-2))
A43: =IF((COUNTA(الإدخالات!$C$2:$C$501)-3)<1,"",INDEX(الإدخالات!$B$2:$B$501,COUNTA(الإدخالات!$C$2:$C$501)-3)) -> 46218 | B43: =IF((COUNTA(الإدخالات!$C$2:$C$501)-3)<1,"",INDEX(الإدخالات!$C$2:$C$501,COUNTA(الإدخالات!$C$2:$C$501)-3)) -> اقراص كلور | C43: =IF((COUNTA(الإدخالات!$C$2:$C$501)-3)<1,"",INDEX(الإدخالات!$D$2:$D$501,COUNTA(الإدخالات!$C$2:$C$501)-3)) -> 0 | D43: =IF((COUNTA('سجل الإنتاج'!$C$2:$C$501)-3)<1,"",INDEX('سجل الإنتاج'!$B$2:$B$501,COUNTA('سجل الإنتاج'!$C$2:$C$501)-3)) | E43: =IF((COUNTA('سجل الإنتاج'!$C$2:$C$501)-3)<1,"",INDEX('سجل الإنتاج'!$C$2:$C$501,COUNTA('سجل الإنتاج'!$C$2:$C$501)-3))
A44: =IF((COUNTA(الإدخالات!$C$2:$C$501)-4)<1,"",INDEX(الإدخالات!$B$2:$B$501,COUNTA(الإدخالات!$C$2:$C$501)-4)) -> 46218 | B44: =IF((COUNTA(الإدخالات!$C$2:$C$501)-4)<1,"",INDEX(الإدخالات!$C$2:$C$501,COUNTA(الإدخالات!$C$2:$C$501)-4)) -> برميل تكسبون فارغ | C44: =IF((COUNTA(الإدخالات!$C$2:$C$501)-4)<1,"",INDEX(الإدخالات!$D$2:$D$501,COUNTA(الإدخالات!$C$2:$C$501)-4)) -> 0 | D44: =IF((COUNTA('سجل الإنتاج'!$C$2:$C$501)-4)<1,"",INDEX('سجل الإنتاج'!$B$2:$B$501,COUNTA('سجل الإنتاج'!$C$2:$C$501)-4)) | E44: =IF((COUNTA('سجل الإنتاج'!$C$2:$C$501)-4)<1,"",INDEX('سجل الإنتاج'!$C$2:$C$501,COUNTA('سجل الإنتاج'!$C$2:$C$501)-4))
A46: 🕓 آخر 5 عمليات صرف مباشر
A47: التاريخ | B47: المادة | C47: الكمية
A48: =IF((COUNTA('الصرف المباشر'!$C$2:$C$501)-0)<1,"",INDEX('الصرف المباشر'!$B$2:$B$501,COUNTA('الصرف المباشر'!$C$2:$C$501)-0)) -> 46225 | B48: =IF((COUNTA('الصرف المباشر'!$C$2:$C$501)-0)<1,"",INDEX('الصرف المباشر'!$C$2:$C$501,COUNTA('الصرف المباشر'!$C$2:$C$501)-0)) -> ملح | C48: =IF((COUNTA('الصرف المباشر'!$C$2:$C$501)-0)<1,"",INDEX('الصرف المباشر'!$D$2:$D$501,COUNTA('الصرف المباشر'!$C$2:$C$501)-0)) -> 10
A49: =IF((COUNTA('الصرف المباشر'!$C$2:$C$501)-1)<1,"",INDEX('الصرف المباشر'!$B$2:$B$501,COUNTA('الصرف المباشر'!$C$2:$C$501)-1)) | B49: =IF((COUNTA('الصرف المباشر'!$C$2:$C$501)-1)<1,"",INDEX('الصرف المباشر'!$C$2:$C$501,COUNTA('الصرف المباشر'!$C$2:$C$501)-1)) | C49: =IF((COUNTA('الصرف المباشر'!$C$2:$C$501)-1)<1,"",INDEX('الصرف المباشر'!$D$2:$D$501,COUNTA('الصرف المباشر'!$C$2:$C$501)-1))
A50: =IF((COUNTA('الصرف المباشر'!$C$2:$C$501)-2)<1,"",INDEX('الصرف المباشر'!$B$2:$B$501,COUNTA('الصرف المباشر'!$C$2:$C$501)-2)) | B50: =IF((COUNTA('الصرف المباشر'!$C$2:$C$501)-2)<1,"",INDEX('الصرف المباشر'!$C$2:$C$501,COUNTA('الصرف المباشر'!$C$2:$C$501)-2)) | C50: =IF((COUNTA('الصرف المباشر'!$C$2:$C$501)-2)<1,"",INDEX('الصرف المباشر'!$D$2:$D$501,COUNTA('الصرف المباشر'!$C$2:$C$501)-2))
A51: =IF((COUNTA('الصرف المباشر'!$C$2:$C$501)-3)<1,"",INDEX('الصرف المباشر'!$B$2:$B$501,COUNTA('الصرف المباشر'!$C$2:$C$501)-3)) | B51: =IF((COUNTA('الصرف المباشر'!$C$2:$C$501)-3)<1,"",INDEX('الصرف المباشر'!$C$2:$C$501,COUNTA('الصرف المباشر'!$C$2:$C$501)-3)) | C51: =IF((COUNTA('الصرف المباشر'!$C$2:$C$501)-3)<1,"",INDEX('الصرف المباشر'!$D$2:$D$501,COUNTA('الصرف المباشر'!$C$2:$C$501)-3))
A52: =IF((COUNTA('الصرف المباشر'!$C$2:$C$501)-4)<1,"",INDEX('الصرف المباشر'!$B$2:$B$501,COUNTA('الصرف المباشر'!$C$2:$C$501)-4)) | B52: =IF((COUNTA('الصرف المباشر'!$C$2:$C$501)-4)<1,"",INDEX('الصرف المباشر'!$C$2:$C$501,COUNTA('الصرف المباشر'!$C$2:$C$501)-4)) | C52: =IF((COUNTA('الصرف المباشر'!$C$2:$C$501)-4)<1,"",INDEX('الصرف المباشر'!$D$2:$D$501,COUNTA('الصرف المباشر'!$C$2:$C$501)-4))

Sheet الإدخالات
A1: رقم العملية | B1: التاريخ | C1: المادة | D1: الكمية | E1: المورد | F1: رقم الفاتورة | G1: ملاحظات
A2: =IF(C2="","",ROW()-1) -> 1 | B2: 46218 | C2: ملح | D2: 138.04 | E2: امين | F2: - | G2: تنزيل البيانات لأول مرة
A3: =IF(C3="","",ROW()-1) -> 2 | B3: 46218 | C3: مقصب | D3: 2 | E3: امين | F3: - | G3: تنزيل البيانات لأول مرة
A4: =IF(C4="","",ROW()-1) -> 3 | B4: 46218 | C4: مجمد | D4: 63.5 | E4: امين | F4: - | G4: تنزيل البيانات لأول مرة
A5: =IF(C5="","",ROW()-1) -> 4 | B5: 46218 | C5: مانع رغوة مائي | D5: 0 | E5: امين | F5: - | G5: تنزيل البيانات لأول مرة
A6: =IF(C6="","",ROW()-1) -> 5 | B6: 46218 | C6: مانع رغوة سيليكون | D6: 0 | E6: امين | F6: - | G6: تنزيل البيانات لأول مرة
A7: =IF(C7="","",ROW()-1) -> 6 | B7: 46218 | C7: ماء مقطرة | D7: 28622 | E7: امين | F7: - | G7: تنزيل البيانات لأول مرة
A8: =IF(C8="","",ROW()-1) -> 7 | B8: 46218 | C8: ماء بلسم | D8: 3 | E8: امين | F8: - | G8: تنزيل البيانات لأول مرة
A9: =IF(C9="","",ROW()-1) -> 8 | B9: 46218 | C9: لانيت 16 ماليزي | D9: 0 | E9: امين | F9: - | G9: تنزيل البيانات لأول مرة
A10: =IF(C10="","",ROW()-1) -> 9 | B10: 46218 | C10: كوستيك-قطرونة | D10: 27.71 | E10: امين | F10: - | G10: تنزيل البيانات لأول مرة
A11: =IF(C11="","",ROW()-1) -> 10 | B11: 46218 | C11: كمبرلان | D11: 0 | E11: امين | F11: - | G11: تنزيل البيانات لأول مرة
A12: =IF(C12="","",ROW()-1) -> 11 | B12: 46218 | C12: كليمازول | D12: 0 | E12: امين | F12: - | G12: تنزيل البيانات لأول مرة
A13: =IF(C13="","",ROW()-1) -> 12 | B13: 46218 | C13: كلور خام | D13: 272 | E13: امين | F13: - | G13: تنزيل البيانات لأول مرة
... A75: =IF(C75="","",ROW()-1) -> 74 | B75: 46218 | C75: ديتول خام | D75: 0 | E75: امين | F75: - | G75: تنزيل البيانات لأول مرة
A76: =IF(C76="","",ROW()-1) -> 75 | B76: 46218 | C76: غطا عبوة 3لتر
A77: =IF(C77="","",ROW()-1) -> 76 | B77: 46218 | C77: مياه مقطرة 4 لتر
A78: =IF(C78="","",ROW()-1) -> 77 | B78: 46218 | C78: مياه مقطرة 1 لتر
A79: =IF(C79="","",ROW()-1) -> 78 | B79: 46218 | C79: مهسهس زفته - معجون
A80: =IF(C80="","",ROW()-1) -> 79 | B80: 46218 | C80: مماسح مكتب َ
A81: =IF(C81="","",ROW()-1) -> 80 | B81: 46218 | C81: مماسح قماش عائلة فايبر
A82: =IF(C82="","",ROW()-1) -> 81 | B82: 46218 | C82: مماسح بلور
A83: =IF(C83="","",ROW()-1) -> 82 | B83: 46218 | C83: مماسح ارضيات
A84: =IF(C84="","",ROW()-1) -> 83 | B84: 46218 | C84: ملمع سيارات 3 لتر
A85: =IF(C85="","",ROW()-1) -> 84 | B85: 46218 | C85: ملمع سيارات / فرط
A86: =IF(C86="","",ROW()-1) -> 85 | B86: 46218 | C86: ملمع زجاج الكرمل
A87: =IF(C87="","",ROW()-1) -> 86 | B87: 46218 | C87: ملمع زجاج 3 لتر
... A177: =IF(C177="","",ROW()-1) -> 176 | B177: 46218 | C177: أسيد 1 لتر
A178: =IF(C178="","",ROW()-1)
A179: =IF(C179="","",ROW()-1)
A180: =IF(C180="","",ROW()-1)
A181: =IF(C181="","",ROW()-1)
A182: =IF(C182="","",ROW()-1)
A183: =IF(C183="","",ROW()-1)
A184: =IF(C184="","",ROW()-1)
A185: =IF(C185="","",ROW()-1)
A186: =IF(C186="","",ROW()-1)
A187: =IF(C187="","",ROW()-1)
A188: =IF(C188="","",ROW()-1)
A189: =IF(C189="","",ROW()-1)
... A501: =IF(C501="","",ROW()-1)

Sheet سجل الإنتاج
A1: رقم العملية | B1: التاريخ | C1: اسم الطبخة | D1: ملاحظات
A2: 2 | B2: 46225 | C2: لودلين فريز أول | D2: تجريبية
A5: =IF(C5="","",ROW()-1)
A6: =IF(C6="","",ROW()-1)
A7: =IF(C7="","",ROW()-1)
A8: =IF(C8="","",ROW()-1)
A9: =IF(C9="","",ROW()-1)
A10: =IF(C10="","",ROW()-1)
A11: =IF(C11="","",ROW()-1)
A12: =IF(C12="","",ROW()-1)
A13: =IF(C13="","",ROW()-1)
A14: =IF(C14="","",ROW()-1)
A15: =IF(C15="","",ROW()-1)
A16: =IF(C16="","",ROW()-1)
... A501: =IF(C501="","",ROW()-1)

Sheet الصرف المباشر
A1: رقم العملية | B1: التاريخ | C1: المادة | D1: الكمية | E1: الجهة المستفيدة | F1: ملاحظات
B2: 46225 | C2: ملح | D2: 10 | E2: أبو خليل | F2: منشان يطبخ مي وملح
A4: =IF(C4="","",ROW()-1)
A5: =IF(C5="","",ROW()-1)
A6: =IF(C6="","",ROW()-1)
A7: =IF(C7="","",ROW()-1)
A8: =IF(C8="","",ROW()-1)
A9: =IF(C9="","",ROW()-1)
A10: =IF(C10="","",ROW()-1)
A11: =IF(C11="","",ROW()-1)
A12: =IF(C12="","",ROW()-1)
A13: =IF(C13="","",ROW()-1)
A14: =IF(C14="","",ROW()-1)
A15: =IF(C15="","",ROW()-1)
... A501: =IF(C501="","",ROW()-1)

Sheet تعديل الجرد
A1: رقم العملية | B1: التاريخ | C1: المادة | D1: الرصيد النظامي (قبل هذا التعديل) | E1: الكمية الفعلية (الجرد) | F1: الفرق | G1: سبب التعديل | H1: ملاحظات
A3: =IF(C3="","",ROW()-1) | D3: =IF($C3="","",ROUND(SUMIFS(الإدخالات!$D$2:$D$501,الإدخالات!$C$2:$C$501,$C3)+SUMIFS($F$1:F2,$C$1:C2,$C3)-SUMIFS('الصرف المباشر'!$D$2:$D$501,'الصرف المباشر'!$C$2:$C$501,$C3)-SUMPRODUCT((الطبخات!$B$2:$B$900=$C3)*الطبخات!$C$2:$C$900*COUNTIF('سجل الإنتاج'!$C$2:$C$501,الطبخات!$A$2:$A$900)),3)) | F3: =IF(OR($C3="",$E3=""),"",ROUND($E3-$D3,3))
A4: =IF(C4="","",ROW()-1) | D4: =IF($C4="","",ROUND(SUMIFS(الإدخالات!$D$2:$D$501,الإدخالات!$C$2:$C$501,$C4)+SUMIFS($F$1:F3,$C$1:C3,$C4)-SUMIFS('الصرف المباشر'!$D$2:$D$501,'الصرف المباشر'!$C$2:$C$501,$C4)-SUMPRODUCT((الطبخات!$B$2:$B$900=$C4)*الطبخات!$C$2:$C$900*COUNTIF('سجل الإنتاج'!$C$2:$C$501,الطبخات!$A$2:$A$900)),3)) | F4: =IF(OR($C4="",$E4=""),"",ROUND($E4-$D4,3))
A5: =IF(C5="","",ROW()-1) | D5: =IF($C5="","",ROUND(SUMIFS(الإدخالات!$D$2:$D$501,الإدخالات!$C$2:$C$501,$C5)+SUMIFS($F$1:F4,$C$1:C4,$C5)-SUMIFS('الصرف المباشر'!$D$2:$D$501,'الصرف المباشر'!$C$2:$C$501,$C5)-SUMPRODUCT((الطبخات!$B$2:$B$900=$C5)*الطبخات!$C$2:$C$900*COUNTIF('سجل الإنتاج'!$C$2:$C$501,الطبخات!$A$2:$A$900)),3)) | F5: =IF(OR($C5="",$E5=""),"",ROUND($E5-$D5,3))
A6: =IF(C6="","",ROW()-1) | D6: =IF($C6="","",ROUND(SUMIFS(الإدخالات!$D$2:$D$501,الإدخالات!$C$2:$C$501,$C6)+SUMIFS($F$1:F5,$C$1:C5,$C6)-SUMIFS('الصرف المباشر'!$D$2:$D$501,'الصرف المباشر'!$C$2:$C$501,$C6)-SUMPRODUCT((الطبخات!$B$2:$B$900=$C6)*الطبخات!$C$2:$C$900*COUNTIF('سجل الإنتاج'!$C$2:$C$501,الطبخات!$A$2:$A$900)),3)) | F6: =IF(OR($C6="",$E6=""),"",ROUND($E6-$D6,3))
A7: =IF(C7="","",ROW()-1) | D7: =IF($C7="","",ROUND(SUMIFS(الإدخالات!$D$2:$D$501,الإدخالات!$C$2:$C$501,$C7)+SUMIFS($F$1:F6,$C$1:C6,$C7)-SUMIFS('الصرف المباشر'!$D$2:$D$501,'الصرف المباشر'!$C$2:$C$501,$C7)-SUMPRODUCT((الطبخات!$B$2:$B$900=$C7)*الطبخات!$C$2:$C$900*COUNTIF('سجل الإنتاج'!$C$2:$C$501,الطبخات!$A$2:$A$900)),3)) | F7: =IF(OR($C7="",$E7=""),"",ROUND($E7-$D7,3))
A8: =IF(C8="","",ROW()-1) | D8: =IF($C8="","",ROUND(SUMIFS(الإدخالات!$D$2:$D$501,الإدخالات!$C$2:$C$501,$C8)+SUMIFS($F$1:F7,$C$1:C7,$C8)-SUMIFS('الصرف المباشر'!$D$2:$D$501,'الصرف المباشر'!$C$2:$C$501,$C8)-SUMPRODUCT((الطبخات!$B$2:$B$900=$C8)*الطبخات!$C$2:$C$900*COUNTIF('سجل الإنتاج'!$C$2:$C$501,الطبخات!$A$2:$A$900)),3)) | F8: =IF(OR($C8="",$E8=""),"",ROUND($E8-$D8,3))
A9: =IF(C9="","",ROW()-1) | D9: =IF($C9="","",ROUND(SUMIFS(الإدخالات!$D$2:$D$501,الإدخالات!$C$2:$C$501,$C9)+SUMIFS($F$1:F8,$C$1:C8,$C9)-SUMIFS('الصرف المباشر'!$D$2:$D$501,'الصرف المباشر'!$C$2:$C$501,$C9)-SUMPRODUCT((الطبخات!$B$2:$B$900=$C9)*الطبخات!$C$2:$C$900*COUNTIF('سجل الإنتاج'!$C$2:$C$501,الطبخات!$A$2:$A$900)),3)) | F9: =IF(OR($C9="",$E9=""),"",ROUND($E9-$D9,3))
A10: =IF(C10="","",ROW()-1) | D10: =IF($C10="","",ROUND(SUMIFS(الإدخالات!$D$2:$D$501,الإدخالات!$C$2:$C$501,$C10)+SUMIFS($F$1:F9,$C$1:C9,$C10)-SUMIFS('الصرف المباشر'!$D$2:$D$501,'الصرف المباشر'!$C$2:$C$501,$C10)-SUMPRODUCT((الطبخات!$B$2:$B$900=$C10)*الطبخات!$C$2:$C$900*COUNTIF('سجل الإنتاج'!$C$2:$C$501,الطبخات!$A$2:$A$900)),3)) | F10: =IF(OR($C10="",$E10=""),"",ROUND($E10-$D10,3))
A11: =IF(C11="","",ROW()-1) | D11: =IF($C11="","",ROUND(SUMIFS(الإدخالات!$D$2:$D$501,الإدخالات!$C$2:$C$501,$C11)+SUMIFS($F$1:F10,$C$1:C10,$C11)-SUMIFS('الصرف المباشر'!$D$2:$D$501,'الصرف المباشر'!$C$2:$C$501,$C11)-SUMPRODUCT((الطبخات!$B$2:$B$900=$C11)*الطبخات!$C$2:$C$900*COUNTIF('سجل الإنتاج'!$C$2:$C$501,الطبخات!$A$2:$A$900)),3)) | F11: =IF(OR($C11="",$E11=""),"",ROUND($E11-$D11,3))
A12: =IF(C12="","",ROW()-1) | D12: =IF($C12="","",ROUND(SUMIFS(الإدخالات!$D$2:$D$501,الإدخالات!$C$2:$C$501,$C12)+SUMIFS($F$1:F11,$C$1:C11,$C12)-SUMIFS('الصرف المباشر'!$D$2:$D$501,'الصرف المباشر'!$C$2:$C$501,$C12)-SUMPRODUCT((الطبخات!$B$2:$B$900=$C12)*الطبخات!$C$2:$C$900*COUNTIF('سجل الإنتاج'!$C$2:$C$501,الطبخات!$A$2:$A$900)),3)) | F12: =IF(OR($C12="",$E12=""),"",ROUND($E12-$D12,3))
A13: =IF(C13="","",ROW()-1) | D13: =IF($C13="","",ROUND(SUMIFS(الإدخالات!$D$2:$D$501,الإدخالات!$C$2:$C$501,$C13)+SUMIFS($F$1:F12,$C$1:C12,$C13)-SUMIFS('الصرف المباشر'!$D$2:$D$501,'الصرف المباشر'!$C$2:$C$501,$C13)-SUMPRODUCT((الطبخات!$B$2:$B$900=$C13)*الطبخات!$C$2:$C$900*COUNTIF('سجل الإنتاج'!$C$2:$C$501,الطبخات!$A$2:$A$900)),3)) | F13: =IF(OR($C13="",$E13=""),"",ROUND($E13-$D13,3))
A14: =IF(C14="","",ROW()-1) | D14: =IF($C14="","",ROUND(SUMIFS(الإدخالات!$D$2:$D$501,الإدخالات!$C$2:$C$501,$C14)+SUMIFS($F$1:F13,$C$1:C13,$C14)-SUMIFS('الصرف المباشر'!$D$2:$D$501,'الصرف المباشر'!$C$2:$C$501,$C14)-SUMPRODUCT((الطبخات!$B$2:$B$900=$C14)*الطبخات!$C$2:$C$900*COUNTIF('سجل الإنتاج'!$C$2:$C$501,الطبخات!$A$2:$A$900)),3)) | F14: =IF(OR($C14="",$E14=""),"",ROUND($E14-$D14,3))
... A501: =IF(C501="","",ROW()-1) | D501: =IF($C501="","",ROUND(SUMIFS(الإدخالات!$D$2:$D$501,الإدخالات!$C$2:$C$501,$C501)+SUMIFS($F$1:F500,$C$1:C500,$C501)-SUMIFS('الصرف المباشر'!$D$2:$D$501,'الصرف المباشر'!$C$2:$C$501,$C501)-SUMPRODUCT((الطبخات!$B$2:$B$900=$C501)*الطبخات!$C$2:$C$900*COUNTIF('سجل الإنتاج'!$C$2:$C$501,الطبخات!$A$2:$A$900)),3)) | F501: =IF(OR($C501="",$E501=""),"",ROUND($E501-$D501,3))

Sheet الرصيد الحالي
A1: اسم المادة | B1: الوحدة | C1: الرصيد الحالي | D1: إجمالي الاستهلاك (كل الوقت) | E1: حالة الرصيد | F1: ترتيب مساعد (لا يُعدَّل)
A2: =المواد!A2 -> ملح | B2: =المواد!B2 -> كغ | C2: =IF($A2="","",ROUND(SUMIFS(الإدخالات!$D$2:$D$501,الإدخالات!$C$2:$C$501,$A2)+SUMIFS('تعديل الجرد'!$F$2:$F$501,'تعديل الجرد'!$C$2:$C$501,$A2)-SUMIFS('الصرف المباشر'!$D$2:$D$501,'الصرف المباشر'!$C$2:$C$501,$A2)-SUMPRODUCT((الطبخات!$B$2:$B$900=$A2)*الطبخات!$C$2:$C$900*COUNTIF('سجل الإنتاج'!$C$2:$C$501,الطبخات!$A$2:$A$900)),3)) -> 128.04 | D2: =IF($A2="","",ROUND(SUMIFS('الصرف المباشر'!$D$2:$D$501,'الصرف المباشر'!$C$2:$C$501,$A2)+SUMPRODUCT((الطبخات!$B$2:$B$900=$A2)*الطبخات!$C$2:$C$900*COUNTIF('سجل الإنتاج'!$C$2:$C$501,الطبخات!$A$2:$A$900)),3)) -> 10 | E2: =IF($A2="","",IF($C2<0,"❌ رصيد سالب - يحتاج مراجعة","✔ طبيعي")) -> ✔ طبيعي | F2: =IF(AND($A2<>"",$E2<>"✔ طبيعي"),SUMPRODUCT(('الرصيد الحالي'!$E$2:$E2<>"✔ طبيعي")*('الرصيد الحالي'!$E$2:$E2<>"")*('الرصيد الحالي'!$A$2:$A2<>"")),"")
A3: =المواد!A3 -> مقصب | B3: =المواد!B3 -> كغ | C3: =IF($A3="","",ROUND(SUMIFS(الإدخالات!$D$2:$D$501,الإدخالات!$C$2:$C$501,$A3)+SUMIFS('تعديل الجرد'!$F$2:$F$501,'تعديل الجرد'!$C$2:$C$501,$A3)-SUMIFS('الصرف المباشر'!$D$2:$D$501,'الصرف المباشر'!$C$2:$C$501,$A3)-SUMPRODUCT((الطبخات!$B$2:$B$900=$A3)*الطبخات!$C$2:$C$900*COUNTIF('سجل الإنتاج'!$C$2:$C$501,الطبخات!$A$2:$A$900)),3)) -> 2 | D3: =IF($A3="","",ROUND(SUMIFS('الصرف المباشر'!$D$2:$D$501,'الصرف المباشر'!$C$2:$C$501,$A3)+SUMPRODUCT((الطبخات!$B$2:$B$900=$A3)*الطبخات!$C$2:$C$900*COUNTIF('سجل الإنتاج'!$C$2:$C$501,الطبخات!$A$2:$A$900)),3)) -> 0 | E3: =IF($A3="","",IF($C3<0,"❌ رصيد سالب - يحتاج مراجعة","✔ طبيعي")) -> ✔ طبيعي | F3: =IF(AND($A3<>"",$E3<>"✔ طبيعي"),SUMPRODUCT(('الرصيد الحالي'!$E$2:$E3<>"✔ طبيعي")*('الرصيد الحالي'!$E$2:$E3<>"")*('الرصيد الحالي'!$A$2:$A3<>"")),"")
A4: =المواد!A4 -> مجمد | B4: =المواد!B4 -> كغ | C4: =IF($A4="","",ROUND(SUMIFS(الإدخالات!$D$2:$D$501,الإدخالات!$C$2:$C$501,$A4)+SUMIFS('تعديل الجرد'!$F$2:$F$501,'تعديل الجرد'!$C$2:$C$501,$A4)-SUMIFS('الصرف المباشر'!$D$2:$D$501,'الصرف المباشر'!$C$2:$C$501,$A4)-SUMPRODUCT((الطبخات!$B$2:$B$900=$A4)*الطبخات!$C$2:$C$900*COUNTIF('سجل الإنتاج'!$C$2:$C$501,الطبخات!$A$2:$A$900)),3)) -> 63.5 | D4: =IF($A4="","",ROUND(SUMIFS('الصرف المباشر'!$D$2:$D$501,'الصرف المباشر'!$C$2:$C$501,$A4)+SUMPRODUCT((الطبخات!$B$2:$B$900=$A4)*الطبخات!$C$2:$C$900*COUNTIF('سجل الإنتاج'!$C$2:$C$501,الطبخات!$A$2:$A$900)),3)) -> 0 | E4: =IF($A4="","",IF($C4<0,"❌ رصيد سالب - يحتاج مراجعة","✔ طبيعي")) -> ✔ طبيعي | F4: =IF(AND($A4<>"",$E4<>"✔ طبيعي"),SUMPRODUCT(('الرصيد الحالي'!$E$2:$E4<>"✔ طبيعي")*('الرصيد الحالي'!$E$2:$E4<>"")*('الرصيد الحالي'!$A$2:$A4<>"")),"")
A5: =المواد!A5 -> مانع رغوة مائي | B5: =المواد!B5 -> كغ | C5: =IF($A5="","",ROUND(SUMIFS(الإدخالات!$D$2:$D$501,الإدخالات!$C$2:$C$501,$A5)+SUMIFS('تعديل الجرد'!$F$2:$F$501,'تعديل الجرد'!$C$2:$C$501,$A5)-SUMIFS('الصرف المباشر'!$D$2:$D$501,'الصرف المباشر'!$C$2:$C$501,$A5)-SUMPRODUCT((الطبخات!$B$2:$B$900=$A5)*الطبخات!$C$2:$C$900*COUNTIF('سجل الإنتاج'!$C$2:$C$501,الطبخات!$A$2:$A$900)),3)) -> 0 | D5: =IF($A5="","",ROUND(SUMIFS('الصرف المباشر'!$D$2:$D$501,'الصرف المباشر'!$C$2:$C$501,$A5)+SUMPRODUCT((الطبخات!$B$2:$B$900=$A5)*الطبخات!$C$2:$C$900*COUNTIF('سجل الإنتاج'!$C$2:$C$501,الطبخات!$A$2:$A$900)),3)) -> 0 | E5: =IF($A5="","",IF($C5<0,"❌ رصيد سالب - يحتاج مراجعة","✔ طبيعي")) -> ✔ طبيعي | F5: =IF(AND($A5<>"",$E5<>"✔ طبيعي"),SUMPRODUCT(('الرصيد الحالي'!$E$2:$E5<>"✔ طبيعي")*('الرصيد الحالي'!$E$2:$E5<>"")*('الرصيد الحالي'!$A$2:$A5<>"")),"")
A6: =المواد!A6 -> مانع رغوة سيليكون | B6: =المواد!B6 -> كغ | C6: =IF($A6="","",ROUND(SUMIFS(الإدخالات!$D$2:$D$501,الإدخالات!$C$2:$C$501,$A6)+SUMIFS('تعديل الجرد'!$F$2:$F$501,'تعديل الجرد'!$C$2:$C$501,$A6)-SUMIFS('الصرف المباشر'!$D$2:$D$501,'الصرف المباشر'!$C$2:$C$501,$A6)-SUMPRODUCT((الطبخات!$B$2:$B$900=$A6)*الطبخات!$C$2:$C$900*COUNTIF('سجل الإنتاج'!$C$2:$C$501,الطبخات!$A$2:$A$900)),3)) -> 0 | D6: =IF($A6="","",ROUND(SUMIFS('الصرف المباشر'!$D$2:$D$501,'الصرف المباشر'!$C$2:$C$501,$A6)+SUMPRODUCT((الطبخات!$B$2:$B$900=$A6)*الطبخات!$C$2:$C$900*COUNTIF('سجل الإنتاج'!$C$2:$C$501,الطبخات!$A$2:$A$900)),3)) -> 0 | E6: =IF($A6="","",IF($C6<0,"❌ رصيد سالب - يحتاج مراجعة","✔ طبيعي")) -> ✔ طبيعي | F6: =IF(AND($A6<>"",$E6<>"✔ طبيعي"),SUMPRODUCT(('الرصيد الحالي'!$E$2:$E6<>"✔ طبيعي")*('الرصيد الحالي'!$E$2:$E6<>"")*('الرصيد الحالي'!$A$2:$A6<>"")),"")
A7: =المواد!A7 -> ماء مقطرة | B7: =المواد!B7 -> كغ | C7: =IF($A7="","",ROUND(SUMIFS(الإدخالات!$D$2:$D$501,الإدخالات!$C$2:$C$501,$A7)+SUMIFS('تعديل الجرد'!$F$2:$F$501,'تعديل الجرد'!$C$2:$C$501,$A7)-SUMIFS('الصرف المباشر'!$D$2:$D$501,'الصرف المباشر'!$C$2:$C$501,$A7)-SUMPRODUCT((الطبخات!$B$2:$B$900=$A7)*الطبخات!$C$2:$C$900*COUNTIF('سجل الإنتاج'!$C$2:$C$501,الطبخات!$A$2:$A$900)),3)) -> 27947 | D7: =IF($A7="","",ROUND(SUMIFS('الصرف المباشر'!$D$2:$D$501,'الصرف المباشر'!$C$2:$C$501,$A7)+SUMPRODUCT((الطبخات!$B$2:$B$900=$A7)*الطبخات!$C$2:$C$900*COUNTIF('سجل الإنتاج'!$C$2:$C$501,الطبخات!$A$2:$A$900)),3)) -> 675 | E7: =IF($A7="","",IF($C7<0,"❌ رصيد سالب - يحتاج مراجعة","✔ طبيعي")) -> ✔ طبيعي | F7: =IF(AND($A7<>"",$E7<>"✔ طبيعي"),SUMPRODUCT(('الرصيد الحالي'!$E$2:$E7<>"✔ طبيعي")*('الرصيد الحالي'!$E$2:$E7<>"")*('الرصيد الحالي'!$A$2:$A7<>"")),"")
A8: =المواد!A8 -> ماء بلسم | B8: =المواد!B8 -> كغ | C8: =IF($A8="","",ROUND(SUMIFS(الإدخالات!$D$2:$D$501,الإدخالات!$C$2:$C$501,$A8)+SUMIFS('تعديل الجرد'!$F$2:$F$501,'تعديل الجرد'!$C$2:$C$501,$A8)-SUMIFS('الصرف المباشر'!$D$2:$D$501,'الصرف المباشر'!$C$2:$C$501,$A8)-SUMPRODUCT((الطبخات!$B$2:$B$900=$A8)*الطبخات!$C$2:$C$900*COUNTIF('سجل الإنتاج'!$C$2:$C$501,الطبخات!$A$2:$A$900)),3)) -> 0 | D8: =IF($A8="","",ROUND(SUMIFS('الصرف المباشر'!$D$2:$D$501,'الصرف المباشر'!$C$2:$C$501,$A8)+SUMPRODUCT((الطبخات!$B$2:$B$900=$A8)*الطبخات!$C$2:$C$900*COUNTIF('سجل الإنتاج'!$C$2:$C$501,الطبخات!$A$2:$A$900)),3)) -> 0 | E8: =IF($A8="","",IF($C8<0,"❌ رصيد سالب - يحتاج مراجعة","✔ طبيعي")) -> ✔ طبيعي | F8: =IF(AND($A8<>"",$E8<>"✔ طبيعي"),SUMPRODUCT(('الرصيد الحالي'!$E$2:$E8<>"✔ طبيعي")*('الرصيد الحالي'!$E$2:$E8<>"")*('الرصيد الحالي'!$A$2:$A8<>"")),"")
A9: =المواد!A9 -> لانيت 16 ماليزي | B9: =المواد!B9 -> كغ | C9: =IF($A9="","",ROUND(SUMIFS(الإدخالات!$D$2:$D$501,الإدخالات!$C$2:$C$501,$A9)+SUMIFS('تعديل الجرد'!$F$2:$F$501,'تعديل الجرد'!$C$2:$C$501,$A9)-SUMIFS('الصرف المباشر'!$D$2:$D$501,'الصرف المباشر'!$C$2:$C$501,$A9)-SUMPRODUCT((الطبخات!$B$2:$B$900=$A9)*الطبخات!$C$2:$C$900*COUNTIF('سجل الإنتاج'!$C$2:$C$501,الطبخات!$A$2:$A$900)),3)) -> 0 | D9: =IF($A9="","",ROUND(SUMIFS('الصرف المباشر'!$D$2:$D$501,'الصرف المباشر'!$C$2:$C$501,$A9)+SUMPRODUCT((الطبخات!$B$2:$B$900=$A9)*الطبخات!$C$2:$C$900*COUNTIF('سجل الإنتاج'!$C$2:$C$501,الطبخات!$A$2:$A$900)),3)) -> 0 | E9: =IF($A9="","",IF($C9<0,"❌ رصيد سالب - يحتاج مراجعة","✔ طبيعي")) -> ✔ طبيعي | F9: =IF(AND($A9<>"",$E9<>"✔ طبيعي"),SUMPRODUCT(('الرصيد الحالي'!$E$2:$E9<>"✔ طبيعي")*('الرصيد الحالي'!$E$2:$E9<>"")*('الرصيد الحالي'!$A$2:$A9<>"")),"")
A10: =المواد!A10 -> كوستيك-قطرونة | B10: =المواد!B10 -> كغ | C10: =IF($A10="","",ROUND(SUMIFS(الإدخالات!$D$2:$D$501,الإدخالات!$C$2:$C$501,$A10)+SUMIFS('تعديل الجرد'!$F$2:$F$501,'تعديل الجرد'!$C$2:$C$501,$A10)-SUMIFS('الصرف المباشر'!$D$2:$D$501,'الصرف المباشر'!$C$2:$C$501,$A10)-SUMPRODUCT((الطبخات!$B$2:$B$900=$A10)*الطبخات!$C$2:$C$900*COUNTIF('سجل الإنتاج'!$C$2:$C$501,الطبخات!$A$2:$A$900)),3)) -> 8.71 | D10: =IF($A10="","",ROUND(SUMIFS('الصرف المباشر'!$D$2:$D$501,'الصرف المباشر'!$C$2:$C$501,$A10)+SUMPRODUCT((الطبخات!$B$2:$B$900=$A10)*الطبخات!$C$2:$C$900*COUNTIF('سجل الإنتاج'!$C$2:$C$501,الطبخات!$A$2:$A$900)),3)) -> 19 | E10: =IF($A10="","",IF($C10<0,"❌ رصيد سالب - يحتاج مراجعة","✔ طبيعي")) -> ✔ طبيعي | F10: =IF(AND($A10<>"",$E10<>"✔ طبيعي"),SUMPRODUCT(('الرصيد الحالي'!$E$2:$E10<>"✔ طبيعي")*('الرصيد الحالي'!$E$2:$E10<>"")*('الرصيد الحالي'!$A$2:$A10<>"")),"")
A11: =المواد!A11 -> كمبرلان | B11: =المواد!B11 -> كغ | C11: =IF($A11="","",ROUND(SUMIFS(الإدخالات!$D$2:$D$501,الإدخالات!$C$2:$C$501,$A11)+SUMIFS('تعديل الجرد'!$F$2:$F$501,'تعديل الجرد'!$C$2:$C$501,$A11)-SUMIFS('الصرف المباشر'!$D$2:$D$501,'الصرف المباشر'!$C$2:$C$501,$A11)-SUMPRODUCT((الطبخات!$B$2:$B$900=$A11)*الطبخات!$C$2:$C$900*COUNTIF('سجل الإنتاج'!$C$2:$C$501,الطبخات!$A$2:$A$900)),3)) -> 0 | D11: =IF($A11="","",ROUND(SUMIFS('الصرف المباشر'!$D$2:$D$501,'الصرف المباشر'!$C$2:$C$501,$A11)+SUMPRODUCT((الطبخات!$B$2:$B$900=$A11)*الطبخات!$C$2:$C$900*COUNTIF('سجل الإنتاج'!$C$2:$C$501,الطبخات!$A$2:$A$900)),3)) -> 0 | E11: =IF($A11="","",IF($C11<0,"❌ رصيد سالب - يحتاج مراجعة","✔ طبيعي")) -> ✔ طبيعي | F11: =IF(AND($A11<>"",$E11<>"✔ طبيعي"),SUMPRODUCT(('الرصيد الحالي'!$E$2:$E11<>"✔ طبيعي")*('الرصيد الحالي'!$E$2:$E11<>"")*('الرصيد الحالي'!$A$2:$A11<>"")),"")
A12: =المواد!A12 -> كليمازول | B12: =المواد!B12 -> كغ | C12: =IF($A12="","",ROUND(SUMIFS(الإدخالات!$D$2:$D$501,الإدخالات!$C$2:$C$501,$A12)+SUMIFS('تعديل الجرد'!$F$2:$F$501,'تعديل الجرد'!$C$2:$C$501,$A12)-SUMIFS('الصرف المباشر'!$D$2:$D$501,'الصرف المباشر'!$C$2:$C$501,$A12)-SUMPRODUCT((الطبخات!$B$2:$B$900=$A12)*الطبخات!$C$2:$C$900*COUNTIF('سجل الإنتاج'!$C$2:$C$501,الطبخات!$A$2:$A$900)),3)) -> 0 | D12: =IF($A12="","",ROUND(SUMIFS('الصرف المباشر'!$D$2:$D$501,'الصرف المباشر'!$C$2:$C$501,$A12)+SUMPRODUCT((الطبخات!$B$2:$B$900=$A12)*الطبخات!$C$2:$C$900*COUNTIF('سجل الإنتاج'!$C$2:$C$501,الطبخات!$A$2:$A$900)),3)) -> 0 | E12: =IF($A12="","",IF($C12<0,"❌ رصيد سالب - يحتاج مراجعة","✔ طبيعي")) -> ✔ طبيعي | F12: =IF(AND($A12<>"",$E12<>"✔ طبيعي"),SUMPRODUCT(('الرصيد الحالي'!$E$2:$E12<>"✔ طبيعي")*('الرصيد الحالي'!$E$2:$E12<>"")*('الرصيد الحالي'!$A$2:$A12<>"")),"")
A13: =المواد!A13 -> كلور خام | B13: =المواد!B13 -> كغ | C13: =IF($A13="","",ROUND(SUMIFS(الإدخالات!$D$2:$D$501,الإدخالات!$C$2:$C$501,$A13)+SUMIFS('تعديل الجرد'!$F$2:$F$501,'تعديل الجرد'!$C$2:$C$501,$A13)-SUMIFS('الصرف المباشر'!$D$2:$D$501,'الصرف المباشر'!$C$2:$C$501,$A13)-SUMPRODUCT((الطبخات!$B$2:$B$900=$A13)*الطبخات!$C$2:$C$900*COUNTIF('سجل الإنتاج'!$C$2:$C$501,الطبخات!$A$2:$A$900)),3)) -> 272 | D13: =IF($A13="","",ROUND(SUMIFS('الصرف المباشر'!$D$2:$D$501,'الصرف المباشر'!$C$2:$C$501,$A13)+SUMPRODUCT((الطبخات!$B$2:$B$900=$A13)*الطبخات!$C$2:$C$900*COUNTIF('سجل الإنتاج'!$C$2:$C$501,الطبخات!$A$2:$A$900)),3)) -> 0 | E13: =IF($A13="","",IF($C13<0,"❌ رصيد سالب - يحتاج مراجعة","✔ طبيعي")) -> ✔ طبيعي | F13: =IF(AND($A13<>"",$E13<>"✔ طبيعي"),SUMPRODUCT(('الرصيد الحالي'!$E$2:$E13<>"✔ طبيعي")*('الرصيد الحالي'!$E$2:$E13<>"")*('الرصيد الحالي'!$A$2:$A13<>"")),"")
... A74: =المواد!A74 -> عبوات حليبي | B74: =المواد!B74 -> قطعة | C74: =IF($A74="","",ROUND(SUMIFS(الإدخالات!$D$2:$D$501,الإدخالات!$C$2:$C$501,$A74)+SUMIFS('تعديل الجرد'!$F$2:$F$501,'تعديل الجرد'!$C$2:$C$501,$A74)-SUMIFS('الصرف المباشر'!$D$2:$D$501,'الصرف المباشر'!$C$2:$C$501,$A74)-SUMPRODUCT((الطبخات!$B$2:$B$900=$A74)*الطبخات!$C$2:$C$900*COUNTIF('سجل الإنتاج'!$C$2:$C$501,الطبخات!$A$2:$A$900)),3)) -> 93.75 | D74: =IF($A74="","",ROUND(SUMIFS('الصرف المباشر'!$D$2:$D$501,'الصرف المباشر'!$C$2:$C$501,$A74)+SUMPRODUCT((الطبخات!$B$2:$B$900=$A74)*الطبخات!$C$2:$C$900*COUNTIF('سجل الإنتاج'!$C$2:$C$501,الطبخات!$A$2:$A$900)),3)) -> 0 | E74: =IF($A74="","",IF($C74<0,"❌ رصيد سالب - يحتاج مراجعة","✔ طبيعي")) -> ✔ طبيعي | F74: =IF(AND($A74<>"",$E74<>"✔ طبيعي"),SUMPRODUCT(('الرصيد الحالي'!$E$2:$E74<>"✔ طبيعي")*('الرصيد الحالي'!$E$2:$E74<>"")*('الرصيد الحالي'!$A$2:$A74<>"")),"")
A75: =المواد!#REF! -> #REF! | B75: =المواد!#REF! -> #REF! | C75: =IF($A75="","",ROUND(SUMIFS(الإدخالات!$D$2:$D$501,الإدخالات!$C$2:$C$501,$A75)+SUMIFS('تعديل الجرد'!$F$2:$F$501,'تعديل الجرد'!$C$2:$C$501,$A75)-SUMIFS('الصرف المباشر'!$D$2:$D$501,'الصرف المباشر'!$C$2:$C$501,$A75)-SUMPRODUCT((الطبخات!$B$2:$B$900=$A75)*الطبخات!$C$2:$C$900*COUNTIF('سجل الإنتاج'!$C$2:$C$501,الطبخات!$A$2:$A$900)),3)) -> #REF! | D75: =IF($A75="","",ROUND(SUMIFS('الصرف المباشر'!$D$2:$D$501,'الصرف المباشر'!$C$2:$C$501,$A75)+SUMPRODUCT((الطبخات!$B$2:$B$900=$A75)*الطبخات!$C$2:$C$900*COUNTIF('سجل الإنتاج'!$C$2:$C$501,الطبخات!$A$2:$A$900)),3)) -> #REF! | E75: =IF($A75="","",IF($C75<0,"❌ رصيد سالب - يحتاج مراجعة","✔ طبيعي")) -> #REF! | F75: =IF(AND($A75<>"",$E75<>"✔ طبيعي"),SUMPRODUCT(('الرصيد الحالي'!$E$2:$E75<>"✔ طبيعي")*('الرصيد الحالي'!$E$2:$E75<>"")*('الرصيد الحالي'!$A$2:$A75<>"")),"") -> #REF!
A76: =المواد!A75 -> عطر عود | B76: =المواد!B75 -> كغ | C76: =IF($A76="","",ROUND(SUMIFS(الإدخالات!$D$2:$D$501,الإدخالات!$C$2:$C$501,$A76)+SUMIFS('تعديل الجرد'!$F$2:$F$501,'تعديل الجرد'!$C$2:$C$501,$A76)-SUMIFS('الصرف المباشر'!$D$2:$D$501,'الصرف المباشر'!$C$2:$C$501,$A76)-SUMPRODUCT((الطبخات!$B$2:$B$900=$A76)*الطبخات!$C$2:$C$900*COUNTIF('سجل الإنتاج'!$C$2:$C$501,الطبخات!$A$2:$A$900)),3)) -> 0 | D76: =IF($A76="","",ROUND(SUMIFS('الصرف المباشر'!$D$2:$D$501,'الصرف المباشر'!$C$2:$C$501,$A76)+SUMPRODUCT((الطبخات!$B$2:$B$900=$A76)*الطبخات!$C$2:$C$900*COUNTIF('سجل الإنتاج'!$C$2:$C$501,الطبخات!$A$2:$A$900)),3)) -> 0 | E76: =IF($A76="","",IF($C76<0,"❌ رصيد سالب - يحتاج مراجعة","✔ طبيعي")) -> ✔ طبيعي | F76: =IF(AND($A76<>"",$E76<>"✔ طبيعي"),SUMPRODUCT(('الرصيد الحالي'!$E$2:$E76<>"✔ طبيعي")*('الرصيد الحالي'!$E$2:$E76<>"")*('الرصيد الحالي'!$A$2:$A76<>"")),"")
A77: =المواد!A76 -> بربولين غيلمول | B77: =المواد!B76 -> كغ | C77: =IF($A77="","",ROUND(SUMIFS(الإدخالات!$D$2:$D$501,الإدخالات!$C$2:$C$501,$A77)+SUMIFS('تعديل الجرد'!$F$2:$F$501,'تعديل الجرد'!$C$2:$C$501,$A77)-SUMIFS('الصرف المباشر'!$D$2:$D$501,'الصرف المباشر'!$C$2:$C$501,$A77)-SUMPRODUCT((الطبخات!$B$2:$B$900=$A77)*الطبخات!$C$2:$C$900*COUNTIF('سجل الإنتاج'!$C$2:$C$501,الطبخات!$A$2:$A$900)),3)) -> 0 | D77: =IF($A77="","",ROUND(SUMIFS('الصرف المباشر'!$D$2:$D$501,'الصرف المباشر'!$C$2:$C$501,$A77)+SUMPRODUCT((الطبخات!$B$2:$B$900=$A77)*الطبخات!$C$2:$C$900*COUNTIF('سجل الإنتاج'!$C$2:$C$501,الطبخات!$A$2:$A$900)),3)) -> 0 | E77: =IF($A77="","",IF($C77<0,"❌ رصيد سالب - يحتاج مراجعة","✔ طبيعي")) -> ✔ طبيعي | F77: =IF(AND($A77<>"",$E77<>"✔ طبيعي"),SUMPRODUCT(('الرصيد الحالي'!$E$2:$E77<>"✔ طبيعي")*('الرصيد الحالي'!$E$2:$E77<>"")*('الرصيد الحالي'!$A$2:$A77<>"")),"")
A78: =المواد!A77 -> حبيبات ملونة | B78: =المواد!B77 -> كغ | C78: =IF($A78="","",ROUND(SUMIFS(الإدخالات!$D$2:$D$501,الإدخالات!$C$2:$C$501,$A78)+SUMIFS('تعديل الجرد'!$F$2:$F$501,'تعديل الجرد'!$C$2:$C$501,$A78)-SUMIFS('الصرف المباشر'!$D$2:$D$501,'الصرف المباشر'!$C$2:$C$501,$A78)-SUMPRODUCT((الطبخات!$B$2:$B$900=$A78)*الطبخات!$C$2:$C$900*COUNTIF('سجل الإنتاج'!$C$2:$C$501,الطبخات!$A$2:$A$900)),3)) -> 0 | D78: =IF($A78="","",ROUND(SUMIFS('الصرف المباشر'!$D$2:$D$501,'الصرف المباشر'!$C$2:$C$501,$A78)+SUMPRODUCT((الطبخات!$B$2:$B$900=$A78)*الطبخات!$C$2:$C$900*COUNTIF('سجل الإنتاج'!$C$2:$C$501,الطبخات!$A$2:$A$900)),3)) -> 0 | E78: =IF($A78="","",IF($C78<0,"❌ رصيد سالب - يحتاج مراجعة","✔ طبيعي")) -> ✔ طبيعي | F78: =IF(AND($A78<>"",$E78<>"✔ طبيعي"),SUMPRODUCT(('الرصيد الحالي'!$E$2:$E78<>"✔ طبيعي")*('الرصيد الحالي'!$E$2:$E78<>"")*('الرصيد الحالي'!$A$2:$A78<>"")),"")
A79: =المواد!A78 -> غطا عبوة 3لتر | B79: =المواد!B78 -> قطعة | C79: =IF($A79="","",ROUND(SUMIFS(الإدخالات!$D$2:$D$501,الإدخالات!$C$2:$C$501,$A79)+SUMIFS('تعديل الجرد'!$F$2:$F$501,'تعديل الجرد'!$C$2:$C$501,$A79)-SUMIFS('الصرف المباشر'!$D$2:$D$501,'الصرف المباشر'!$C$2:$C$501,$A79)-SUMPRODUCT((الطبخات!$B$2:$B$900=$A79)*الطبخات!$C$2:$C$900*COUNTIF('سجل الإنتاج'!$C$2:$C$501,الطبخات!$A$2:$A$900)),3)) -> 0 | D79: =IF($A79="","",ROUND(SUMIFS('الصرف المباشر'!$D$2:$D$501,'الصرف المباشر'!$C$2:$C$501,$A79)+SUMPRODUCT((الطبخات!$B$2:$B$900=$A79)*الطبخات!$C$2:$C$900*COUNTIF('سجل الإنتاج'!$C$2:$C$501,الطبخات!$A$2:$A$900)),3)) -> 0 | E79: =IF($A79="","",IF($C79<0,"❌ رصيد سالب - يحتاج مراجعة","✔ طبيعي")) -> ✔ طبيعي | F79: =IF(AND($A79<>"",$E79<>"✔ طبيعي"),SUMPRODUCT(('الرصيد الحالي'!$E$2:$E79<>"✔ طبيعي")*('الرصيد الحالي'!$E$2:$E79<>"")*('الرصيد الحالي'!$A$2:$A79<>"")),"")
A80: =المواد!A79 -> مياه مقطرة 4 لتر | B80: =المواد!B79 -> عبوة | C80: =IF($A80="","",ROUND(SUMIFS(الإدخالات!$D$2:$D$501,الإدخالات!$C$2:$C$501,$A80)+SUMIFS('تعديل الجرد'!$F$2:$F$501,'تعديل الجرد'!$C$2:$C$501,$A80)-SUMIFS('الصرف المباشر'!$D$2:$D$501,'الصرف المباشر'!$C$2:$C$501,$A80)-SUMPRODUCT((الطبخات!$B$2:$B$900=$A80)*الطبخات!$C$2:$C$900*COUNTIF('سجل الإنتاج'!$C$2:$C$501,الطبخات!$A$2:$A$900)),3)) -> 0 | D80: =IF($A80="","",ROUND(SUMIFS('الصرف المباشر'!$D$2:$D$501,'الصرف المباشر'!$C$2:$C$501,$A80)+SUMPRODUCT((الطبخات!$B$2:$B$900=$A80)*الطبخات!$C$2:$C$900*COUNTIF('سجل الإنتاج'!$C$2:$C$501,الطبخات!$A$2:$A$900)),3)) -> 0 | E80: =IF($A80="","",IF($C80<0,"❌ رصيد سالب - يحتاج مراجعة","✔ طبيعي")) -> ✔ طبيعي | F80: =IF(AND($A80<>"",$E80<>"✔ طبيعي"),SUMPRODUCT(('الرصيد الحالي'!$E$2:$E80<>"✔ طبيعي")*('الرصيد الحالي'!$E$2:$E80<>"")*('الرصيد الحالي'!$A$2:$A80<>"")),"")
A81: =المواد!A80 -> مياه مقطرة 1 لتر | B81: =المواد!B80 -> عبوة | C81: =IF($A81="","",ROUND(SUMIFS(الإدخالات!$D$2:$D$501,الإدخالات!$C$2:$C$501,$A81)+SUMIFS('تعديل الجرد'!$F$2:$F$501,'تعديل الجرد'!$C$2:$C$501,$A81)-SUMIFS('الصرف المباشر'!$D$2:$D$501,'الصرف المباشر'!$C$2:$C$501,$A81)-SUMPRODUCT((الطبخات!$B$2:$B$900=$A81)*الطبخات!$C$2:$C$900*COUNTIF('سجل الإنتاج'!$C$2:$C$501,الطبخات!$A$2:$A$900)),3)) -> 0 | D81: =IF($A81="","",ROUND(SUMIFS('الصرف المباشر'!$D$2:$D$501,'الصرف المباشر'!$C$2:$C$501,$A81)+SUMPRODUCT((الطبخات!$B$2:$B$900=$A81)*الطبخات!$C$2:$C$900*COUNTIF('سجل الإنتاج'!$C$2:$C$501,الطبخات!$A$2:$A$900)),3)) -> 0 | E81: =IF($A81="","",IF($C81<0,"❌ رصيد سالب - يحتاج مراجعة","✔ طبيعي")) -> ✔ طبيعي | F81: =IF(AND($A81<>"",$E81<>"✔ طبيعي"),SUMPRODUCT(('الرصيد الحالي'!$E$2:$E81<>"✔ طبيعي")*('الرصيد الحالي'!$E$2:$E81<>"")*('الرصيد الحالي'!$A$2:$A81<>"")),"")
A82: =المواد!A81 -> مهسهس زفته - معجون | B82: =المواد!B81 -> كغ | C82: =IF($A82="","",ROUND(SUMIFS(الإدخالات!$D$2:$D$501,الإدخالات!$C$2:$C$501,$A82)+SUMIFS('تعديل الجرد'!$F$2:$F$501,'تعديل الجرد'!$C$2:$C$501,$A82)-SUMIFS('الصرف المباشر'!$D$2:$D$501,'الصرف المباشر'!$C$2:$C$501,$A82)-SUMPRODUCT((الطبخات!$B$2:$B$900=$A82)*الطبخات!$C$2:$C$900*COUNTIF('سجل الإنتاج'!$C$2:$C$501,الطبخات!$A$2:$A$900)),3)) -> 0 | D82: =IF($A82="","",ROUND(SUMIFS('الصرف المباشر'!$D$2:$D$501,'الصرف المباشر'!$C$2:$C$501,$A82)+SUMPRODUCT((الطبخات!$B$2:$B$900=$A82)*الطبخات!$C$2:$C$900*COUNTIF('سجل الإنتاج'!$C$2:$C$501,الطبخات!$A$2:$A$900)),3)) -> 0 | E82: =IF($A82="","",IF($C82<0,"❌ رصيد سالب - يحتاج مراجعة","✔ طبيعي")) -> ✔ طبيعي | F82: =IF(AND($A82<>"",$E82<>"✔ طبيعي"),SUMPRODUCT(('الرصيد الحالي'!$E$2:$E82<>"✔ طبيعي")*('الرصيد الحالي'!$E$2:$E82<>"")*('الرصيد الحالي'!$A$2:$A82<>"")),"")
A83: =المواد!A82 -> مماسح مكتب َ | B83: =المواد!B82 -> كيس | C83: =IF($A83="","",ROUND(SUMIFS(الإدخالات!$D$2:$D$501,الإدخالات!$C$2:$C$501,$A83)+SUMIFS('تعديل الجرد'!$F$2:$F$501,'تعديل الجرد'!$C$2:$C$501,$A83)-SUMIFS('الصرف المباشر'!$D$2:$D$501,'الصرف المباشر'!$C$2:$C$501,$A83)-SUMPRODUCT((الطبخات!$B$2:$B$900=$A83)*الطبخات!$C$2:$C$900*COUNTIF('سجل الإنتاج'!$C$2:$C$501,الطبخات!$A$2:$A$900)),3)) -> 0 | D83: =IF($A83="","",ROUND(SUMIFS('الصرف المباشر'!$D$2:$D$501,'الصرف المباشر'!$C$2:$C$501,$A83)+SUMPRODUCT((الطبخات!$B$2:$B$900=$A83)*الطبخات!$C$2:$C$900*COUNTIF('سجل الإنتاج'!$C$2:$C$501,الطبخات!$A$2:$A$900)),3)) -> 0 | E83: =IF($A83="","",IF($C83<0,"❌ رصيد سالب - يحتاج مراجعة","✔ طبيعي")) -> ✔ طبيعي | F83: =IF(AND($A83<>"",$E83<>"✔ طبيعي"),SUMPRODUCT(('الرصيد الحالي'!$E$2:$E83<>"✔ طبيعي")*('الرصيد الحالي'!$E$2:$E83<>"")*('الرصيد الحالي'!$A$2:$A83<>"")),"")
A84: =المواد!A83 -> مماسح قماش عائلة فايبر | B84: =المواد!B83 -> كيس | C84: =IF($A84="","",ROUND(SUMIFS(الإدخالات!$D$2:$D$501,الإدخالات!$C$2:$C$501,$A84)+SUMIFS('تعديل الجرد'!$F$2:$F$501,'تعديل الجرد'!$C$2:$C$501,$A84)-SUMIFS('الصرف المباشر'!$D$2:$D$501,'الصرف المباشر'!$C$2:$C$501,$A84)-SUMPRODUCT((الطبخات!$B$2:$B$900=$A84)*الطبخات!$C$2:$C$900*COUNTIF('سجل الإنتاج'!$C$2:$C$501,الطبخات!$A$2:$A$900)),3)) -> 0 | D84: =IF($A84="","",ROUND(SUMIFS('الصرف المباشر'!$D$2:$D$501,'الصرف المباشر'!$C$2:$C$501,$A84)+SUMPRODUCT((الطبخات!$B$2:$B$900=$A84)*الطبخات!$C$2:$C$900*COUNTIF('سجل الإنتاج'!$C$2:$C$501,الطبخات!$A$2:$A$900)),3)) -> 0 | E84: =IF($A84="","",IF($C84<0,"❌ رصيد سالب - يحتاج مراجعة","✔ طبيعي")) -> ✔ طبيعي | F84: =IF(AND($A84<>"",$E84<>"✔ طبيعي"),SUMPRODUCT(('الرصيد الحالي'!$E$2:$E84<>"✔ طبيعي")*('الرصيد الحالي'!$E$2:$E84<>"")*('الرصيد الحالي'!$A$2:$A84<>"")),"")
A85: =المواد!A84 -> مماسح بلور | B85: =المواد!B84 -> كيس | C85: =IF($A85="","",ROUND(SUMIFS(الإدخالات!$D$2:$D$501,الإدخالات!$C$2:$C$501,$A85)+SUMIFS('تعديل الجرد'!$F$2:$F$501,'تعديل الجرد'!$C$2:$C$501,$A85)-SUMIFS('الصرف المباشر'!$D$2:$D$501,'الصرف المباشر'!$C$2:$C$501,$A85)-SUMPRODUCT((الطبخات!$B$2:$B$900=$A85)*الطبخات!$C$2:$C$900*COUNTIF('سجل الإنتاج'!$C$2:$C$501,الطبخات!$A$2:$A$900)),3)) -> 0 | D85: =IF($A85="","",ROUND(SUMIFS('الصرف المباشر'!$D$2:$D$501,'الصرف المباشر'!$C$2:$C$501,$A85)+SUMPRODUCT((الطبخات!$B$2:$B$900=$A85)*الطبخات!$C$2:$C$900*COUNTIF('سجل الإنتاج'!$C$2:$C$501,الطبخات!$A$2:$A$900)),3)) -> 0 | E85: =IF($A85="","",IF($C85<0,"❌ رصيد سالب - يحتاج مراجعة","✔ طبيعي")) -> ✔ طبيعي | F85: =IF(AND($A85<>"",$E85<>"✔ طبيعي"),SUMPRODUCT(('الرصيد الحالي'!$E$2:$E85<>"✔ طبيعي")*('الرصيد الحالي'!$E$2:$E85<>"")*('الرصيد الحالي'!$A$2:$A85<>"")),"")
A86: =المواد!A85 -> مماسح ارضيات | B86: =المواد!B85 -> كيس | C86: =IF($A86="","",ROUND(SUMIFS(الإدخالات!$D$2:$D$501,الإدخالات!$C$2:$C$501,$A86)+SUMIFS('تعديل الجرد'!$F$2:$F$501,'تعديل الجرد'!$C$2:$C$501,$A86)-SUMIFS('الصرف المباشر'!$D$2:$D$501,'الصرف المباشر'!$C$2:$C$501,$A86)-SUMPRODUCT((الطبخات!$B$2:$B$900=$A86)*الطبخات!$C$2:$C$900*COUNTIF('سجل الإنتاج'!$C$2:$C$501,الطبخات!$A$2:$A$900)),3)) -> 0 | D86: =IF($A86="","",ROUND(SUMIFS('الصرف المباشر'!$D$2:$D$501,'الصرف المباشر'!$C$2:$C$501,$A86)+SUMPRODUCT((الطبخات!$B$2:$B$900=$A86)*الطبخات!$C$2:$C$900*COUNTIF('سجل الإنتاج'!$C$2:$C$501,الطبخات!$A$2:$A$900)),3)) -> 0 | E86: =IF($A86="","",IF($C86<0,"❌ رصيد سالب - يحتاج مراجعة","✔ طبيعي")) -> ✔ طبيعي | F86: =IF(AND($A86<>"",$E86<>"✔ طبيعي"),SUMPRODUCT(('الرصيد الحالي'!$E$2:$E86<>"✔ طبيعي")*('الرصيد الحالي'!$E$2:$E86<>"")*('الرصيد الحالي'!$A$2:$A86<>"")),"")
A87: =المواد!A86 -> ملمع سيارات 3 لتر | B87: =المواد!B86 -> عبوة | C87: =IF($A87="","",ROUND(SUMIFS(الإدخالات!$D$2:$D$501,الإدخالات!$C$2:$C$501,$A87)+SUMIFS('تعديل الجرد'!$F$2:$F$501,'تعديل الجرد'!$C$2:$C$501,$A87)-SUMIFS('الصرف المباشر'!$D$2:$D$501,'الصرف المباشر'!$C$2:$C$501,$A87)-SUMPRODUCT((الطبخات!$B$2:$B$900=$A87)*الطبخات!$C$2:$C$900*COUNTIF('سجل الإنتاج'!$C$2:$C$501,الطبخات!$A$2:$A$900)),3)) -> 0 | D87: =IF($A87="","",ROUND(SUMIFS('الصرف المباشر'!$D$2:$D$501,'الصرف المباشر'!$C$2:$C$501,$A87)+SUMPRODUCT((الطبخات!$B$2:$B$900=$A87)*الطبخات!$C$2:$C$900*COUNTIF('سجل الإنتاج'!$C$2:$C$501,الطبخات!$A$2:$A$900)),3)) -> 0 | E87: =IF($A87="","",IF($C87<0,"❌ رصيد سالب - يحتاج مراجعة","✔ طبيعي")) -> ✔ طبيعي | F87: =IF(AND($A87<>"",$E87<>"✔ طبيعي"),SUMPRODUCT(('الرصيد الحالي'!$E$2:$E87<>"✔ طبيعي")*('الرصيد الحالي'!$E$2:$E87<>"")*('الرصيد الحالي'!$A$2:$A87<>"")),"")
... A320: =المواد!A319 -> 0 | B320: =المواد!B319 -> 0 | C320: =IF($A320="","",ROUND(SUMIFS(الإدخالات!$D$2:$D$501,الإدخالات!$C$2:$C$501,$A320)+SUMIFS('تعديل الجرد'!$F$2:$F$501,'تعديل الجرد'!$C$2:$C$501,$A320)-SUMIFS('الصرف المباشر'!$D$2:$D$501,'الصرف المباشر'!$C$2:$C$501,$A320)-SUMPRODUCT((الطبخات!$B$2:$B$900=$A320)*الطبخات!$C$2:$C$900*COUNTIF('سجل الإنتاج'!$C$2:$C$501,الطبخات!$A$2:$A$900)),3)) -> 0 | D320: =IF($A320="","",ROUND(SUMIFS('الصرف المباشر'!$D$2:$D$501,'الصرف المباشر'!$C$2:$C$501,$A320)+SUMPRODUCT((الطبخات!$B$2:$B$900=$A320)*الطبخات!$C$2:$C$900*COUNTIF('سجل الإنتاج'!$C$2:$C$501,الطبخات!$A$2:$A$900)),3)) -> 0 | E320: =IF($A320="","",IF($C320<0,"❌ رصيد سالب - يحتاج مراجعة","✔ طبيعي")) -> ✔ طبيعي | F320: =IF(AND($A320<>"",$E320<>"✔ طبيعي"),SUMPRODUCT(('الرصيد الحالي'!$E$2:$E320<>"✔ طبيعي")*('الرصيد الحالي'!$E$2:$E320<>"")*('الرصيد الحالي'!$A$2:$A320<>"")),"")

Sheet سجل الحركات
A1: التاريخ | B1: نوع الحركة | C1: المرجع (طبخة/مورد/جهة/سبب) | D1: المادة | E1: الكمية (+ إدخال / - إخراج) | F1: ملاحظات | H1: ملاحظة: هذه الصفحة مضغوطة تلقائياً (بدون فراغات) وتعرض العمليات الأربع كلها - شراء، ثم صرف مباشر، ثم إنتاج، ثم تعديل جرد - كل نوع بترتيب إدخاله. للعرض حسب التاريخ فقط استخدم عامل التصفية/الفرز على عمود "التاريخ".
A2: =IFERROR(INDEX('بيانات الحركات'!A:A,MATCH(1,'بيانات الحركات'!$G:$G,0)),"") -> 46218 | B2: =IFERROR(INDEX('بيانات الحركات'!B:B,MATCH(1,'بيانات الحركات'!$G:$G,0)),"") -> شراء | C2: =IFERROR(INDEX('بيانات الحركات'!C:C,MATCH(1,'بيانات الحركات'!$G:$G,0)),"") -> امين | D2: =IFERROR(INDEX('بيانات الحركات'!D:D,MATCH(1,'بيانات الحركات'!$G:$G,0)),"") -> ملح | E2: =IF($B2="إنتاج طبخة","",IFERROR(INDEX('بيانات الحركات'!E:E,MATCH(1,'بيانات الحركات'!$G:$G,0)),"")) -> 138.04 | F2: =IFERROR(INDEX('بيانات الحركات'!F:F,MATCH(1,'بيانات الحركات'!$G:$G,0)),"") -> تنزيل البيانات لأول مرة
A3: =IFERROR(INDEX('بيانات الحركات'!A:A,MATCH(2,'بيانات الحركات'!$G:$G,0)),"") -> 46218 | B3: =IFERROR(INDEX('بيانات الحركات'!B:B,MATCH(2,'بيانات الحركات'!$G:$G,0)),"") -> شراء | C3: =IFERROR(INDEX('بيانات الحركات'!C:C,MATCH(2,'بيانات الحركات'!$G:$G,0)),"") -> امين | D3: =IFERROR(INDEX('بيانات الحركات'!D:D,MATCH(2,'بيانات الحركات'!$G:$G,0)),"") -> مقصب | E3: =IF($B3="إنتاج طبخة","",IFERROR(INDEX('بيانات الحركات'!E:E,MATCH(2,'بيانات الحركات'!$G:$G,0)),"")) -> 2 | F3: =IFERROR(INDEX('بيانات الحركات'!F:F,MATCH(2,'بيانات الحركات'!$G:$G,0)),"") -> تنزيل البيانات لأول مرة
A4: =IFERROR(INDEX('بيانات الحركات'!A:A,MATCH(3,'بيانات الحركات'!$G:$G,0)),"") -> 46218 | B4: =IFERROR(INDEX('بيانات الحركات'!B:B,MATCH(3,'بيانات الحركات'!$G:$G,0)),"") -> شراء | C4: =IFERROR(INDEX('بيانات الحركات'!C:C,MATCH(3,'بيانات الحركات'!$G:$G,0)),"") -> امين | D4: =IFERROR(INDEX('بيانات الحركات'!D:D,MATCH(3,'بيانات الحركات'!$G:$G,0)),"") -> مجمد | E4: =IF($B4="إنتاج طبخة","",IFERROR(INDEX('بيانات الحركات'!E:E,MATCH(3,'بيانات الحركات'!$G:$G,0)),"")) -> 63.5 | F4: =IFERROR(INDEX('بيانات الحركات'!F:F,MATCH(3,'بيانات الحركات'!$G:$G,0)),"") -> تنزيل البيانات لأول مرة
A5: =IFERROR(INDEX('بيانات الحركات'!A:A,MATCH(4,'بيانات الحركات'!$G:$G,0)),"") -> 46218 | B5: =IFERROR(INDEX('بيانات الحركات'!B:B,MATCH(4,'بيانات الحركات'!$G:$G,0)),"") -> شراء | C5: =IFERROR(INDEX('بيانات الحركات'!C:C,MATCH(4,'بيانات الحركات'!$G:$G,0)),"") -> امين | D5: =IFERROR(INDEX('بيانات الحركات'!D:D,MATCH(4,'بيانات الحركات'!$G:$G,0)),"") -> مانع رغوة مائي | E5: =IF($B5="إنتاج طبخة","",IFERROR(INDEX('بيانات الحركات'!E:E,MATCH(4,'بيانات الحركات'!$G:$G,0)),"")) -> 0 | F5: =IFERROR(INDEX('بيانات الحركات'!F:F,MATCH(4,'بيانات الحركات'!$G:$G,0)),"") -> تنزيل البيانات لأول مرة
A6: =IFERROR(INDEX('بيانات الحركات'!A:A,MATCH(5,'بيانات الحركات'!$G:$G,0)),"") -> 46218 | B6: =IFERROR(INDEX('بيانات الحركات'!B:B,MATCH(5,'بيانات الحركات'!$G:$G,0)),"") -> شراء | C6: =IFERROR(INDEX('بيانات الحركات'!C:C,MATCH(5,'بيانات الحركات'!$G:$G,0)),"") -> امين | D6: =IFERROR(INDEX('بيانات الحركات'!D:D,MATCH(5,'بيانات الحركات'!$G:$G,0)),"") -> مانع رغوة سيليكون | E6: =IF($B6="إنتاج طبخة","",IFERROR(INDEX('بيانات الحركات'!E:E,MATCH(5,'بيانات الحركات'!$G:$G,0)),"")) -> 0 | F6: =IFERROR(INDEX('بيانات الحركات'!F:F,MATCH(5,'بيانات الحركات'!$G:$G,0)),"") -> تنزيل البيانات لأول مرة
A7: =IFERROR(INDEX('بيانات الحركات'!A:A,MATCH(6,'بيانات الحركات'!$G:$G,0)),"") -> 46218 | B7: =IFERROR(INDEX('بيانات الحركات'!B:B,MATCH(6,'بيانات الحركات'!$G:$G,0)),"") -> شراء | C7: =IFERROR(INDEX('بيانات الحركات'!C:C,MATCH(6,'بيانات الحركات'!$G:$G,0)),"") -> امين | D7: =IFERROR(INDEX('بيانات الحركات'!D:D,MATCH(6,'بيانات الحركات'!$G:$G,0)),"") -> ماء مقطرة | E7: =IF($B7="إنتاج طبخة","",IFERROR(INDEX('بيانات الحركات'!E:E,MATCH(6,'بيانات الحركات'!$G:$G,0)),"")) -> 28622 | F7: =IFERROR(INDEX('بيانات الحركات'!F:F,MATCH(6,'بيانات الحركات'!$G:$G,0)),"") -> تنزيل البيانات لأول مرة
A8: =IFERROR(INDEX('بيانات الحركات'!A:A,MATCH(7,'بيانات الحركات'!$G:$G,0)),"") -> 46218 | B8: =IFERROR(INDEX('بيانات الحركات'!B:B,MATCH(7,'بيانات الحركات'!$G:$G,0)),"") -> شراء | C8: =IFERROR(INDEX('بيانات الحركات'!C:C,MATCH(7,'بيانات الحركات'!$G:$G,0)),"") -> امين | D8: =IFERROR(INDEX('بيانات الحركات'!D:D,MATCH(7,'بيانات الحركات'!$G:$G,0)),"") -> ماء بلسم | E8: =IF($B8="إنتاج طبخة","",IFERROR(INDEX('بيانات الحركات'!E:E,MATCH(7,'بيانات الحركات'!$G:$G,0)),"")) -> 3 | F8: =IFERROR(INDEX('بيانات الحركات'!F:F,MATCH(7,'بيانات الحركات'!$G:$G,0)),"") -> تنزيل البيانات لأول مرة
A9: =IFERROR(INDEX('بيانات الحركات'!A:A,MATCH(8,'بيانات الحركات'!$G:$G,0)),"") -> 46218 | B9: =IFERROR(INDEX('بيانات الحركات'!B:B,MATCH(8,'بيانات الحركات'!$G:$G,0)),"") -> شراء | C9: =IFERROR(INDEX('بيانات الحركات'!C:C,MATCH(8,'بيانات الحركات'!$G:$G,0)),"") -> امين | D9: =IFERROR(INDEX('بيانات الحركات'!D:D,MATCH(8,'بيانات الحركات'!$G:$G,0)),"") -> لانيت 16 ماليزي | E9: =IF($B9="إنتاج طبخة","",IFERROR(INDEX('بيانات الحركات'!E:E,MATCH(8,'بيانات الحركات'!$G:$G,0)),"")) -> 0 | F9: =IFERROR(INDEX('بيانات الحركات'!F:F,MATCH(8,'بيانات الحركات'!$G:$G,0)),"") -> تنزيل البيانات لأول مرة
A10: =IFERROR(INDEX('بيانات الحركات'!A:A,MATCH(9,'بيانات الحركات'!$G:$G,0)),"") -> 46218 | B10: =IFERROR(INDEX('بيانات الحركات'!B:B,MATCH(9,'بيانات الحركات'!$G:$G,0)),"") -> شراء | C10: =IFERROR(INDEX('بيانات الحركات'!C:C,MATCH(9,'بيانات الحركات'!$G:$G,0)),"") -> امين | D10: =IFERROR(INDEX('بيانات الحركات'!D:D,MATCH(9,'بيانات الحركات'!$G:$G,0)),"") -> كوستيك-قطرونة | E10: =IF($B10="إنتاج طبخة","",IFERROR(INDEX('بيانات الحركات'!E:E,MATCH(9,'بيانات الحركات'!$G:$G,0)),"")) -> 27.71 | F10: =IFERROR(INDEX('بيانات الحركات'!F:F,MATCH(9,'بيانات الحركات'!$G:$G,0)),"") -> تنزيل البيانات لأول مرة
A11: =IFERROR(INDEX('بيانات الحركات'!A:A,MATCH(10,'بيانات الحركات'!$G:$G,0)),"") -> 46218 | B11: =IFERROR(INDEX('بيانات الحركات'!B:B,MATCH(10,'بيانات الحركات'!$G:$G,0)),"") -> شراء | C11: =IFERROR(INDEX('بيانات الحركات'!C:C,MATCH(10,'بيانات الحركات'!$G:$G,0)),"") -> امين | D11: =IFERROR(INDEX('بيانات الحركات'!D:D,MATCH(10,'بيانات الحركات'!$G:$G,0)),"") -> كمبرلان | E11: =IF($B11="إنتاج طبخة","",IFERROR(INDEX('بيانات الحركات'!E:E,MATCH(10,'بيانات الحركات'!$G:$G,0)),"")) -> 0 | F11: =IFERROR(INDEX('بيانات الحركات'!F:F,MATCH(10,'بيانات الحركات'!$G:$G,0)),"") -> تنزيل البيانات لأول مرة
A12: =IFERROR(INDEX('بيانات الحركات'!A:A,MATCH(11,'بيانات الحركات'!$G:$G,0)),"") -> 46218 | B12: =IFERROR(INDEX('بيانات الحركات'!B:B,MATCH(11,'بيانات الحركات'!$G:$G,0)),"") -> شراء | C12: =IFERROR(INDEX('بيانات الحركات'!C:C,MATCH(11,'بيانات الحركات'!$G:$G,0)),"") -> امين | D12: =IFERROR(INDEX('بيانات الحركات'!D:D,MATCH(11,'بيانات الحركات'!$G:$G,0)),"") -> كليمازول | E12: =IF($B12="إنتاج طبخة","",IFERROR(INDEX('بيانات الحركات'!E:E,MATCH(11,'بيانات الحركات'!$G:$G,0)),"")) -> 0 | F12: =IFERROR(INDEX('بيانات الحركات'!F:F,MATCH(11,'بيانات الحركات'!$G:$G,0)),"") -> تنزيل البيانات لأول مرة
A13: =IFERROR(INDEX('بيانات الحركات'!A:A,MATCH(12,'بيانات الحركات'!$G:$G,0)),"") -> 46218 | B13: =IFERROR(INDEX('بيانات الحركات'!B:B,MATCH(12,'بيانات الحركات'!$G:$G,0)),"") -> شراء | C13: =IFERROR(INDEX('بيانات الحركات'!C:C,MATCH(12,'بيانات الحركات'!$G:$G,0)),"") -> امين | D13: =IFERROR(INDEX('بيانات الحركات'!D:D,MATCH(12,'بيانات الحركات'!$G:$G,0)),"") -> كلور خام | E13: =IF($B13="إنتاج طبخة","",IFERROR(INDEX('بيانات الحركات'!E:E,MATCH(12,'بيانات الحركات'!$G:$G,0)),"")) -> 272 | F13: =IFERROR(INDEX('بيانات الحركات'!F:F,MATCH(12,'بيانات الحركات'!$G:$G,0)),"") -> تنزيل البيانات لأول مرة
A14: =IFERROR(INDEX('بيانات الحركات'!A:A,MATCH(13,'بيانات الحركات'!$G:$G,0)),"") -> 46218 | B14: =IFERROR(INDEX('بيانات الحركات'!B:B,MATCH(13,'بيانات الحركات'!$G:$G,0)),"") -> شراء | C14: =IFERROR(INDEX('بيانات الحركات'!C:C,MATCH(13,'بيانات الحركات'!$G:$G,0)),"") -> امين | D14: =IFERROR(INDEX('بيانات الحركات'!D:D,MATCH(13,'بيانات الحركات'!$G:$G,0)),"") -> كحول (ايثانول) | E14: =IF($B14="إنتاج طبخة","",IFERROR(INDEX('بيانات الحركات'!E:E,MATCH(13,'بيانات الحركات'!$G:$G,0)),"")) -> 25 | F14: =IFERROR(INDEX('بيانات الحركات'!F:F,MATCH(13,'بيانات الحركات'!$G:$G,0)),"") -> تنزيل البيانات لأول مرة
A15: =IFERROR(INDEX('بيانات الحركات'!A:A,MATCH(14,'بيانات الحركات'!$G:$G,0)),"") -> 46218 | B15: =IFERROR(INDEX('بيانات الحركات'!B:B,MATCH(14,'بيانات الحركات'!$G:$G,0)),"") -> شراء | C15: =IFERROR(INDEX('بيانات الحركات'!C:C,MATCH(14,'بيانات الحركات'!$G:$G,0)),"") -> امين | D15: =IFERROR(INDEX('بيانات الحركات'!D:D,MATCH(14,'بيانات الحركات'!$G:$G,0)),"") -> فورمول ( سم ) | E15: =IF($B15="إنتاج طبخة","",IFERROR(INDEX('بيانات الحركات'!E:E,MATCH(14,'بيانات الحركات'!$G:$G,0)),"")) -> 1.64 | F15: =IFERROR(INDEX('بيانات الحركات'!F:F,MATCH(14,'بيانات الحركات'!$G:$G,0)),"") -> تنزيل البيانات لأول مرة
A16: =IFERROR(INDEX('بيانات الحركات'!A:A,MATCH(15,'بيانات الحركات'!$G:$G,0)),"") -> 46218 | B16: =IFERROR(INDEX('بيانات الحركات'!B:B,MATCH(15,'بيانات الحركات'!$G:$G,0)),"") -> شراء | C16: =IFERROR(INDEX('بيانات الحركات'!C:C,MATCH(15,'بيانات الحركات'!$G:$G,0)),"") -> امين | D16: =IFERROR(INDEX('بيانات الحركات'!D:D,MATCH(15,'بيانات الحركات'!$G:$G,0)),"") -> فاتي كحول | E16: =IF($B16="إنتاج طبخة","",IFERROR(INDEX('بيانات الحركات'!E:E,MATCH(15,'بيانات الحركات'!$G:$G,0)),"")) -> 251.4 | F16: =IFERROR(INDEX('بيانات الحركات'!F:F,MATCH(15,'بيانات الحركات'!$G:$G,0)),"") -> تنزيل البيانات لأول مرة
A17: =IFERROR(INDEX('بيانات الحركات'!A:A,MATCH(16,'بيانات الحركات'!$G:$G,0)),"") -> 46218 | B17: =IFERROR(INDEX('بيانات الحركات'!B:B,MATCH(16,'بيانات الحركات'!$G:$G,0)),"") -> شراء | C17: =IFERROR(INDEX('بيانات الحركات'!C:C,MATCH(16,'بيانات الحركات'!$G:$G,0)),"") -> امين | D17: =IFERROR(INDEX('بيانات الحركات'!D:D,MATCH(16,'بيانات الحركات'!$G:$G,0)),"") -> غليسيرين | E17: =IF($B17="إنتاج طبخة","",IFERROR(INDEX('بيانات الحركات'!E:E,MATCH(16,'بيانات الحركات'!$G:$G,0)),"")) -> 0 | F17: =IFERROR(INDEX('بيانات الحركات'!F:F,MATCH(16,'بيانات الحركات'!$G:$G,0)),"") -> تنزيل البيانات لأول مرة
A18: =IFERROR(INDEX('بيانات الحركات'!A:A,MATCH(17,'بيانات الحركات'!$G:$G,0)),"") -> 46218 | B18: =IFERROR(INDEX('بيانات الحركات'!B:B,MATCH(17,'بيانات الحركات'!$G:$G,0)),"") -> شراء | C18: =IFERROR(INDEX('بيانات الحركات'!C:C,MATCH(17,'بيانات الحركات'!$G:$G,0)),"") -> امين | D18: =IFERROR(INDEX('بيانات الحركات'!D:D,MATCH(17,'بيانات الحركات'!$G:$G,0)),"") -> عطر-نسيم-المحيط ocean-breeze - 327993 | E18: =IF($B18="إنتاج طبخة","",IFERROR(INDEX('بيانات الحركات'!E:E,MATCH(17,'بيانات الحركات'!$G:$G,0)),"")) -> 0.59 | F18: =IFERROR(INDEX('بيانات الحركات'!F:F,MATCH(17,'بيانات الحركات'!$G:$G,0)),"") -> تنزيل البيانات لأول مرة
A19: =IFERROR(INDEX('بيانات الحركات'!A:A,MATCH(18,'بيانات الحركات'!$G:$G,0)),"") -> 46218 | B19: =IFERROR(INDEX('بيانات الحركات'!B:B,MATCH(18,'بيانات الحركات'!$G:$G,0)),"") -> شراء | C19: =IFERROR(INDEX('بيانات الحركات'!C:C,MATCH(18,'بيانات الحركات'!$G:$G,0)),"") -> امين | D19: =IFERROR(INDEX('بيانات الحركات'!D:D,MATCH(18,'بيانات الحركات'!$G:$G,0)),"") -> عطر-ليمون shiny-star - 485764 | E19: =IF($B19="إنتاج طبخة","",IFERROR(INDEX('بيانات الحركات'!E:E,MATCH(18,'بيانات الحركات'!$G:$G,0)),"")) -> 0.52 | F19: =IFERROR(INDEX('بيانات الحركات'!F:F,MATCH(18,'بيانات الحركات'!$G:$G,0)),"") -> تنزيل البيانات لأول مرة
A20: =IFERROR(INDEX('بيانات الحركات'!A:A,MATCH(19,'بيانات الحركات'!$G:$G,0)),"") -> 46218 | B20: =IFERROR(INDEX('بيانات الحركات'!B:B,MATCH(19,'بيانات الحركات'!$G:$G,0)),"") -> شراء | C20: =IFERROR(INDEX('بيانات الحركات'!C:C,MATCH(19,'بيانات الحركات'!$G:$G,0)),"") -> امين | D20: =IFERROR(INDEX('بيانات الحركات'!D:D,MATCH(19,'بيانات الحركات'!$G:$G,0)),"") -> عطر-ليمون citrus lemon new - 321639 | E20: =IF($B20="إنتاج طبخة","",IFERROR(INDEX('بيانات الحركات'!E:E,MATCH(19,'بيانات الحركات'!$G:$G,0)),"")) -> 0.36 | F20: =IFERROR(INDEX('بيانات الحركات'!F:F,MATCH(19,'بيانات الحركات'!$G:$G,0)),"") -> تنزيل البيانات لأول مرة
A21: =IFERROR(INDEX('بيانات الحركات'!A:A,MATCH(20,'بيانات الحركات'!$G:$G,0)),"") -> 46218 | B21: =IFERROR(INDEX('بيانات الحركات'!B:B,MATCH(20,'بيانات الحركات'!$G:$G,0)),"") -> شراء | C21: =IFERROR(INDEX('بيانات الحركات'!C:C,MATCH(20,'بيانات الحركات'!$G:$G,0)),"") -> امين | D21: =IFERROR(INDEX('بيانات الحركات'!D:D,MATCH(20,'بيانات الحركات'!$G:$G,0)),"") -> عطر-ليلك ariel-sensation - 318728 | E21: =IF($B21="إنتاج طبخة","",IFERROR(INDEX('بيانات الحركات'!E:E,MATCH(20,'بيانات الحركات'!$G:$G,0)),"")) -> 0.74 | F21: =IFERROR(INDEX('بيانات الحركات'!F:F,MATCH(20,'بيانات الحركات'!$G:$G,0)),"") -> تنزيل البيانات لأول مرة
A22: =IFERROR(INDEX('بيانات الحركات'!A:A,MATCH(21,'بيانات الحركات'!$G:$G,0)),"") -> 46218 | B22: =IFERROR(INDEX('بيانات الحركات'!B:B,MATCH(21,'بيانات الحركات'!$G:$G,0)),"") -> شراء | C22: =IFERROR(INDEX('بيانات الحركات'!C:C,MATCH(21,'بيانات الحركات'!$G:$G,0)),"") -> امين | D22: =IFERROR(INDEX('بيانات الحركات'!D:D,MATCH(21,'بيانات الحركات'!$G:$G,0)),"") -> عطر-سلطان | E22: =IF($B22="إنتاج طبخة","",IFERROR(INDEX('بيانات الحركات'!E:E,MATCH(21,'بيانات الحركات'!$G:$G,0)),"")) -> 2.59 | F22: =IFERROR(INDEX('بيانات الحركات'!F:F,MATCH(21,'بيانات الحركات'!$G:$G,0)),"") -> تنزيل البيانات لأول مرة
A23: =IFERROR(INDEX('بيانات الحركات'!A:A,MATCH(22,'بيانات الحركات'!$G:$G,0)),"") -> 46218 | B23: =IFERROR(INDEX('بيانات الحركات'!B:B,MATCH(22,'بيانات الحركات'!$G:$G,0)),"") -> شراء | C23: =IFERROR(INDEX('بيانات الحركات'!C:C,MATCH(22,'بيانات الحركات'!$G:$G,0)),"") -> امين | D23: =IFERROR(INDEX('بيانات الحركات'!D:D,MATCH(22,'بيانات الحركات'!$G:$G,0)),"") -> عطر-زهور lovely-petals - 485718 | E23: =IF($B23="إنتاج طبخة","",IFERROR(INDEX('بيانات الحركات'!E:E,MATCH(22,'بيانات الحركات'!$G:$G,0)),"")) -> 0.53 | F23: =IFERROR(INDEX('بيانات الحركات'!F:F,MATCH(22,'بيانات الحركات'!$G:$G,0)),"") -> تنزيل البيانات لأول مرة
A24: =IFERROR(INDEX('بيانات الحركات'!A:A,MATCH(23,'بيانات الحركات'!$G:$G,0)),"") -> 46218 | B24: =IFERROR(INDEX('بيانات الحركات'!B:B,MATCH(23,'بيانات الحركات'!$G:$G,0)),"") -> شراء | C24: =IFERROR(INDEX('بيانات الحركات'!C:C,MATCH(23,'بيانات الحركات'!$G:$G,0)),"") -> امين | D24: =IFERROR(INDEX('بيانات الحركات'!D:D,MATCH(23,'بيانات الحركات'!$G:$G,0)),"") -> عطر-رمان apple grandada - 322730 | E24: =IF($B24="إنتاج طبخة","",IFERROR(INDEX('بيانات الحركات'!E:E,MATCH(23,'بيانات الحركات'!$G:$G,0)),"")) -> 0.66 | F24: =IFERROR(INDEX('بيانات الحركات'!F:F,MATCH(23,'بيانات الحركات'!$G:$G,0)),"") -> تنزيل البيانات لأول مرة
A25: =IFERROR(INDEX('بيانات الحركات'!A:A,MATCH(24,'بيانات الحركات'!$G:$G,0)),"") -> 46218 | B25: =IFERROR(INDEX('بيانات الحركات'!B:B,MATCH(24,'بيانات الحركات'!$G:$G,0)),"") -> شراء | C25: =IFERROR(INDEX('بيانات الحركات'!C:C,MATCH(24,'بيانات الحركات'!$G:$G,0)),"") -> امين | D25: =IFERROR(INDEX('بيانات الحركات'!D:D,MATCH(24,'بيانات الحركات'!$G:$G,0)),"") -> عطر-توليب fresh-scent-amour - 485833 | E25: =IF($B25="إنتاج طبخة","",IFERROR(INDEX('بيانات الحركات'!E:E,MATCH(24,'بيانات الحركات'!$G:$G,0)),"")) -> 0.6 | F25: =IFERROR(INDEX('بيانات الحركات'!F:F,MATCH(24,'بيانات الحركات'!$G:$G,0)),"") -> تنزيل البيانات لأول مرة
A26: =IFERROR(INDEX('بيانات الحركات'!A:A,MATCH(25,'بيانات الحركات'!$G:$G,0)),"") -> 46218 | B26: =IFERROR(INDEX('بيانات الحركات'!B:B,MATCH(25,'بيانات الحركات'!$G:$G,0)),"") -> شراء | C26: =IFERROR(INDEX('بيانات الحركات'!C:C,MATCH(25,'بيانات الحركات'!$G:$G,0)),"") -> امين | D26: =IFERROR(INDEX('بيانات الحركات'!D:D,MATCH(25,'بيانات الحركات'!$G:$G,0)),"") -> عطر-تفاح apple - 317691 | E26: =IF($B26="إنتاج طبخة","",IFERROR(INDEX('بيانات الحركات'!E:E,MATCH(25,'بيانات الحركات'!$G:$G,0)),"")) -> 0.47 | F26: =IFERROR(INDEX('بيانات الحركات'!F:F,MATCH(25,'بيانات الحركات'!$G:$G,0)),"") -> تنزيل البيانات لأول مرة
A27: =IFERROR(INDEX('بيانات الحركات'!A:A,MATCH(26,'بيانات الحركات'!$G:$G,0)),"") -> 46218 | B27: =IFERROR(INDEX('بيانات الحركات'!B:B,MATCH(26,'بيانات الحركات'!$G:$G,0)),"") -> شراء | C27: =IFERROR(INDEX('بيانات الحركات'!C:C,MATCH(26,'بيانات الحركات'!$G:$G,0)),"") -> امين | D27: =IFERROR(INDEX('بيانات الحركات'!D:D,MATCH(26,'بيانات الحركات'!$G:$G,0)),"") -> عطر-برنس | E27: =IF($B27="إنتاج طبخة","",IFERROR(INDEX('بيانات الحركات'!E:E,MATCH(26,'بيانات الحركات'!$G:$G,0)),"")) -> 0 | F27: =IFERROR(INDEX('بيانات الحركات'!F:F,MATCH(26,'بيانات الحركات'!$G:$G,0)),"") -> تنزيل البيانات لأول مرة
A28: =IFERROR(INDEX('بيانات الحركات'!A:A,MATCH(27,'بيانات الحركات'!$G:$G,0)),"") -> 46218 | B28: =IFERROR(INDEX('بيانات الحركات'!B:B,MATCH(27,'بيانات الحركات'!$G:$G,0)),"") -> شراء | C28: =IFERROR(INDEX('بيانات الحركات'!C:C,MATCH(27,'بيانات الحركات'!$G:$G,0)),"") -> امين | D28: =IFERROR(INDEX('بيانات الحركات'!D:D,MATCH(27,'بيانات الحركات'!$G:$G,0)),"") -> عطر-ببوري ultimate-mixture - 485797 | E28: =IF($B28="إنتاج طبخة","",IFERROR(INDEX('بيانات الحركات'!E:E,MATCH(27,'بيانات الحركات'!$G:$G,0)),"")) -> 20 | F28: =IFERROR(INDEX('بيانات الحركات'!F:F,MATCH(27,'بيانات الحركات'!$G:$G,0)),"") -> تنزيل البيانات لأول مرة
A29: =IFERROR(INDEX('بيانات الحركات'!A:A,MATCH(28,'بيانات الحركات'!$G:$G,0)),"") -> 46218 | B29: =IFERROR(INDEX('بيانات الحركات'!B:B,MATCH(28,'بيانات الحركات'!$G:$G,0)),"") -> شراء | C29: =IFERROR(INDEX('بيانات الحركات'!C:C,MATCH(28,'بيانات الحركات'!$G:$G,0)),"") -> امين | D29: =IFERROR(INDEX('بيانات الحركات'!D:D,MATCH(28,'بيانات الحركات'!$G:$G,0)),"") -> عطر-ازهار-الربيع spring - 318643 | E29: =IF($B29="إنتاج طبخة","",IFERROR(INDEX('بيانات الحركات'!E:E,MATCH(28,'بيانات الحركات'!$G:$G,0)),"")) -> 21.4 | F29: =IFERROR(INDEX('بيانات الحركات'!F:F,MATCH(28,'بيانات الحركات'!$G:$G,0)),"") -> تنزيل البيانات لأول مرة
A30: =IFERROR(INDEX('بيانات الحركات'!A:A,MATCH(29,'بيانات الحركات'!$G:$G,0)),"") -> 46218 | B30: =IFERROR(INDEX('بيانات الحركات'!B:B,MATCH(29,'بيانات الحركات'!$G:$G,0)),"") -> شراء | C30: =IFERROR(INDEX('بيانات الحركات'!C:C,MATCH(29,'بيانات الحركات'!$G:$G,0)),"") -> امين | D30: =IFERROR(INDEX('بيانات الحركات'!D:D,MATCH(29,'بيانات الحركات'!$G:$G,0)),"") -> عطر هامول | E30: =IF($B30="إنتاج طبخة","",IFERROR(INDEX('بيانات الحركات'!E:E,MATCH(29,'بيانات الحركات'!$G:$G,0)),"")) -> 0 | F30: =IFERROR(INDEX('بيانات الحركات'!F:F,MATCH(29,'بيانات الحركات'!$G:$G,0)),"") -> تنزيل البيانات لأول مرة
A31: =IFERROR(INDEX('بيانات الحركات'!A:A,MATCH(30,'بيانات الحركات'!$G:$G,0)),"") -> 46218 | B31: =IFERROR(INDEX('بيانات الحركات'!B:B,MATCH(30,'بيانات الحركات'!$G:$G,0)),"") -> شراء | C31: =IFERROR(INDEX('بيانات الحركات'!C:C,MATCH(30,'بيانات الحركات'!$G:$G,0)),"") -> امين | D31: =IFERROR(INDEX('بيانات الحركات'!D:D,MATCH(30,'بيانات الحركات'!$G:$G,0)),"") -> عطر مسك احمر | E31: =IF($B31="إنتاج طبخة","",IFERROR(INDEX('بيانات الحركات'!E:E,MATCH(30,'بيانات الحركات'!$G:$G,0)),"")) -> 2 | F31: =IFERROR(INDEX('بيانات الحركات'!F:F,MATCH(30,'بيانات الحركات'!$G:$G,0)),"") -> تنزيل البيانات لأول مرة
A32: =IFERROR(INDEX('بيانات الحركات'!A:A,MATCH(31,'بيانات الحركات'!$G:$G,0)),"") -> 46218 | B32: =IFERROR(INDEX('بيانات الحركات'!B:B,MATCH(31,'بيانات الحركات'!$G:$G,0)),"") -> شراء | C32: =IFERROR(INDEX('بيانات الحركات'!C:C,MATCH(31,'بيانات الحركات'!$G:$G,0)),"") -> امين | D32: =IFERROR(INDEX('بيانات الحركات'!D:D,MATCH(31,'بيانات الحركات'!$G:$G,0)),"") -> عطر مسك | E32: =IF($B32="إنتاج طبخة","",IFERROR(INDEX('بيانات الحركات'!E:E,MATCH(31,'بيانات الحركات'!$G:$G,0)),"")) -> 3 | F32: =IFERROR(INDEX('بيانات الحركات'!F:F,MATCH(31,'بيانات الحركات'!$G:$G,0)),"") -> تنزيل البيانات لأول مرة
A33: =IFERROR(INDEX('بيانات الحركات'!A:A,MATCH(32,'بيانات الحركات'!$G:$G,0)),"") -> 46218 | B33: =IFERROR(INDEX('بيانات الحركات'!B:B,MATCH(32,'بيانات الحركات'!$G:$G,0)),"") -> شراء | C33: =IFERROR(INDEX('بيانات الحركات'!C:C,MATCH(32,'بيانات الحركات'!$G:$G,0)),"") -> امين | D33: =IFERROR(INDEX('بيانات الحركات'!D:D,MATCH(32,'بيانات الحركات'!$G:$G,0)),"") -> عطر ليمون ماكسي | E33: =IF($B33="إنتاج طبخة","",IFERROR(INDEX('بيانات الحركات'!E:E,MATCH(32,'بيانات الحركات'!$G:$G,0)),"")) -> 0.42 | F33: =IFERROR(INDEX('بيانات الحركات'!F:F,MATCH(32,'بيانات الحركات'!$G:$G,0)),"") -> تنزيل البيانات لأول مرة
A34: =IFERROR(INDEX('بيانات الحركات'!A:A,MATCH(33,'بيانات الحركات'!$G:$G,0)),"") -> 46218 | B34: =IFERROR(INDEX('بيانات الحركات'!B:B,MATCH(33,'بيانات الحركات'!$G:$G,0)),"") -> شراء | C34: =IFERROR(INDEX('بيانات الحركات'!C:C,MATCH(33,'بيانات الحركات'!$G:$G,0)),"") -> امين | D34: =IFERROR(INDEX('بيانات الحركات'!D:D,MATCH(33,'بيانات الحركات'!$G:$G,0)),"") -> عطر عسل | E34: =IF($B34="إنتاج طبخة","",IFERROR(INDEX('بيانات الحركات'!E:E,MATCH(33,'بيانات الحركات'!$G:$G,0)),"")) -> 1 | F34: =IFERROR(INDEX('بيانات الحركات'!F:F,MATCH(33,'بيانات الحركات'!$G:$G,0)),"") -> تنزيل البيانات لأول مرة
A35: =IFERROR(INDEX('بيانات الحركات'!A:A,MATCH(34,'بيانات الحركات'!$G:$G,0)),"") -> 46218 | B35: =IFERROR(INDEX('بيانات الحركات'!B:B,MATCH(34,'بيانات الحركات'!$G:$G,0)),"") -> شراء | C35: =IFERROR(INDEX('بيانات الحركات'!C:C,MATCH(34,'بيانات الحركات'!$G:$G,0)),"") -> امين | D35: =IFERROR(INDEX('بيانات الحركات'!D:D,MATCH(34,'بيانات الحركات'!$G:$G,0)),"") -> عطر جوز الهند | E35: =IF($B35="إنتاج طبخة","",IFERROR(INDEX('بيانات الحركات'!E:E,MATCH(34,'بيانات الحركات'!$G:$G,0)),"")) -> 0 | F35: =IFERROR(INDEX('بيانات الحركات'!F:F,MATCH(34,'بيانات الحركات'!$G:$G,0)),"") -> تنزيل البيانات لأول مرة
A36: =IFERROR(INDEX('بيانات الحركات'!A:A,MATCH(35,'بيانات الحركات'!$G:$G,0)),"") -> 46218 | B36: =IFERROR(INDEX('بيانات الحركات'!B:B,MATCH(35,'بيانات الحركات'!$G:$G,0)),"") -> شراء | C36: =IFERROR(INDEX('بيانات الحركات'!C:C,MATCH(35,'بيانات الحركات'!$G:$G,0)),"") -> امين | D36: =IFERROR(INDEX('بيانات الحركات'!D:D,MATCH(35,'بيانات الحركات'!$G:$G,0)),"") -> عطر بانتين | E36: =IF($B36="إنتاج طبخة","",IFERROR(INDEX('بيانات الحركات'!E:E,MATCH(35,'بيانات الحركات'!$G:$G,0)),"")) -> 0 | F36: =IFERROR(INDEX('بيانات الحركات'!F:F,MATCH(35,'بيانات الحركات'!$G:$G,0)),"") -> تنزيل البيانات لأول مرة
A37: =IFERROR(INDEX('بيانات الحركات'!A:A,MATCH(36,'بيانات الحركات'!$G:$G,0)),"") -> 46218 | B37: =IFERROR(INDEX('بيانات الحركات'!B:B,MATCH(36,'بيانات الحركات'!$G:$G,0)),"") -> شراء | C37: =IFERROR(INDEX('بيانات الحركات'!C:C,MATCH(36,'بيانات الحركات'!$G:$G,0)),"") -> امين | D37: =IFERROR(INDEX('بيانات الحركات'!D:D,MATCH(36,'بيانات الحركات'!$G:$G,0)),"") -> عطر اوليفا | E37: =IF($B37="إنتاج طبخة","",IFERROR(INDEX('بيانات الحركات'!E:E,MATCH(36,'بيانات الحركات'!$G:$G,0)),"")) -> 0 | F37: =IFERROR(INDEX('بيانات الحركات'!F:F,MATCH(36,'بيانات الحركات'!$G:$G,0)),"") -> تنزيل البيانات لأول مرة
A38: =IFERROR(INDEX('بيانات الحركات'!A:A,MATCH(37,'بيانات الحركات'!$G:$G,0)),"") -> 46218 | B38: =IFERROR(INDEX('بيانات الحركات'!B:B,MATCH(37,'بيانات الحركات'!$G:$G,0)),"") -> شراء | C38: =IFERROR(INDEX('بيانات الحركات'!C:C,MATCH(37,'بيانات الحركات'!$G:$G,0)),"") -> امين | D38: =IFERROR(INDEX('بيانات الحركات'!D:D,MATCH(37,'بيانات الحركات'!$G:$G,0)),"") -> عطر ramani-kodi-000110 | E38: =IF($B38="إنتاج طبخة","",IFERROR(INDEX('بيانات الحركات'!E:E,MATCH(37,'بيانات الحركات'!$G:$G,0)),"")) -> 2 | F38: =IFERROR(INDEX('بيانات الحركات'!F:F,MATCH(37,'بيانات الحركات'!$G:$G,0)),"") -> تنزيل البيانات لأول مرة
A39: =IFERROR(INDEX('بيانات الحركات'!A:A,MATCH(38,'بيانات الحركات'!$G:$G,0)),"") -> 46218 | B39: =IFERROR(INDEX('بيانات الحركات'!B:B,MATCH(38,'بيانات الحركات'!$G:$G,0)),"") -> شراء | C39: =IFERROR(INDEX('بيانات الحركات'!C:C,MATCH(38,'بيانات الحركات'!$G:$G,0)),"") -> امين | D39: =IFERROR(INDEX('بيانات الحركات'!D:D,MATCH(38,'بيانات الحركات'!$G:$G,0)),"") -> عطر magic sprel - 6168581 | E39: =IF($B39="إنتاج طبخة","",IFERROR(INDEX('بيانات الحركات'!E:E,MATCH(38,'بيانات الحركات'!$G:$G,0)),"")) -> 50 | F39: =IFERROR(INDEX('بيانات الحركات'!F:F,MATCH(38,'بيانات الحركات'!$G:$G,0)),"") -> تنزيل البيانات لأول مرة
A40: =IFERROR(INDEX('بيانات الحركات'!A:A,MATCH(39,'بيانات الحركات'!$G:$G,0)),"") -> 46218 | B40: =IFERROR(INDEX('بيانات الحركات'!B:B,MATCH(39,'بيانات الحركات'!$G:$G,0)),"") -> شراء | C40: =IFERROR(INDEX('بيانات الحركات'!C:C,MATCH(39,'بيانات الحركات'!$G:$G,0)),"") -> امين | D40: =IFERROR(INDEX('بيانات الحركات'!D:D,MATCH(39,'بيانات الحركات'!$G:$G,0)),"") -> عطر kavien-clein-eforia-000020 | E40: =IF($B40="إنتاج طبخة","",IFERROR(INDEX('بيانات الحركات'!E:E,MATCH(39,'بيانات الحركات'!$G:$G,0)),"")) -> 4 | F40: =IFERROR(INDEX('بيانات الحركات'!F:F,MATCH(39,'بيانات الحركات'!$G:$G,0)),"") -> تنزيل البيانات لأول مرة
A41: =IFERROR(INDEX('بيانات الحركات'!A:A,MATCH(40,'بيانات الحركات'!$G:$G,0)),"") -> 46218 | B41: =IFERROR(INDEX('بيانات الحركات'!B:B,MATCH(40,'بيانات الحركات'!$G:$G,0)),"") -> شراء | C41: =IFERROR(INDEX('بيانات الحركات'!C:C,MATCH(40,'بيانات الحركات'!$G:$G,0)),"") -> امين | D41: =IFERROR(INDEX('بيانات الحركات'!D:D,MATCH(40,'بيانات الحركات'!$G:$G,0)),"") -> عطر energy-000400 | E41: =IF($B41="إنتاج طبخة","",IFERROR(INDEX('بيانات الحركات'!E:E,MATCH(40,'بيانات الحركات'!$G:$G,0)),"")) -> 1.44 | F41: =IFERROR(INDEX('بيانات الحركات'!F:F,MATCH(40,'بيانات الحركات'!$G:$G,0)),"") -> تنزيل البيانات لأول مرة
A42: =IFERROR(INDEX('بيانات الحركات'!A:A,MATCH(41,'بيانات الحركات'!$G:$G,0)),"") -> 46218 | B42: =IFERROR(INDEX('بيانات الحركات'!B:B,MATCH(41,'بيانات الحركات'!$G:$G,0)),"") -> شراء | C42: =IFERROR(INDEX('بيانات الحركات'!C:C,MATCH(41,'بيانات الحركات'!$G:$G,0)),"") -> امين | D42: =IFERROR(INDEX('بيانات الحركات'!D:D,MATCH(41,'بيانات الحركات'!$G:$G,0)),"") -> عطر Blue APC - 0001198620 | E42: =IF($B42="إنتاج طبخة","",IFERROR(INDEX('بيانات الحركات'!E:E,MATCH(41,'بيانات الحركات'!$G:$G,0)),"")) -> 105 | F42: =IFERROR(INDEX('بيانات الحركات'!F:F,MATCH(41,'بيانات الحركات'!$G:$G,0)),"") -> تنزيل البيانات لأول مرة
A43: =IFERROR(INDEX('بيانات الحركات'!A:A,MATCH(42,'بيانات الحركات'!$G:$G,0)),"") -> 46218 | B43: =IFERROR(INDEX('بيانات الحركات'!B:B,MATCH(42,'بيانات الحركات'!$G:$G,0)),"") -> شراء | C43: =IFERROR(INDEX('بيانات الحركات'!C:C,MATCH(42,'بيانات الحركات'!$G:$G,0)),"") -> امين | D43: =IFERROR(INDEX('بيانات الحركات'!D:D,MATCH(42,'بيانات الحركات'!$G:$G,0)),"") -> عطر billionair-000250 | E43: =IF($B43="إنتاج طبخة","",IFERROR(INDEX('بيانات الحركات'!E:E,MATCH(42,'بيانات الحركات'!$G:$G,0)),"")) -> 4 | F43: =IFERROR(INDEX('بيانات الحركات'!F:F,MATCH(42,'بيانات الحركات'!$G:$G,0)),"") -> تنزيل البيانات لأول مرة
A44: =IFERROR(INDEX('بيانات الحركات'!A:A,MATCH(43,'بيانات الحركات'!$G:$G,0)),"") -> 46218 | B44: =IFERROR(INDEX('بيانات الحركات'!B:B,MATCH(43,'بيانات الحركات'!$G:$G,0)),"") -> شراء | C44: =IFERROR(INDEX('بيانات الحركات'!C:C,MATCH(43,'بيانات الحركات'!$G:$G,0)),"") -> امين | D44: =IFERROR(INDEX('بيانات الحركات'!D:D,MATCH(43,'بيانات الحركات'!$G:$G,0)),"") -> عطر be-apple-000320 | E44: =IF($B44="إنتاج طبخة","",IFERROR(INDEX('بيانات الحركات'!E:E,MATCH(43,'بيانات الحركات'!$G:$G,0)),"")) -> 2 | F44: =IFERROR(INDEX('بيانات الحركات'!F:F,MATCH(43,'بيانات الحركات'!$G:$G,0)),"") -> تنزيل البيانات لأول مرة
A45: =IFERROR(INDEX('بيانات الحركات'!A:A,MATCH(44,'بيانات الحركات'!$G:$G,0)),"") -> 46218 | B45: =IFERROR(INDEX('بيانات الحركات'!B:B,MATCH(44,'بيانات الحركات'!$G:$G,0)),"") -> شراء | C45: =IFERROR(INDEX('بيانات الحركات'!C:C,MATCH(44,'بيانات الحركات'!$G:$G,0)),"") -> امين | D45: =IFERROR(INDEX('بيانات الحركات'!D:D,MATCH(44,'بيانات الحركات'!$G:$G,0)),"") -> عبوة 1 لتر | E45: =IF($B45="إنتاج طبخة","",IFERROR(INDEX('بيانات الحركات'!E:E,MATCH(44,'بيانات الحركات'!$G:$G,0)),"")) -> 0 | F45: =IFERROR(INDEX('بيانات الحركات'!F:F,MATCH(44,'بيانات الحركات'!$G:$G,0)),"") -> تنزيل البيانات لأول مرة
A46: =IFERROR(INDEX('بيانات الحركات'!A:A,MATCH(45,'بيانات الحركات'!$G:$G,0)),"") -> 46218 | B46: =IFERROR(INDEX('بيانات الحركات'!B:B,MATCH(45,'بيانات الحركات'!$G:$G,0)),"") -> شراء | C46: =IFERROR(INDEX('بيانات الحركات'!C:C,MATCH(45,'بيانات الحركات'!$G:$G,0)),"") -> امين | D46: =IFERROR(INDEX('بيانات الحركات'!D:D,MATCH(45,'بيانات الحركات'!$G:$G,0)),"") -> طبالي خشب | E46: =IF($B46="إنتاج طبخة","",IFERROR(INDEX('بيانات الحركات'!E:E,MATCH(45,'بيانات الحركات'!$G:$G,0)),"")) -> 17 | F46: =IFERROR(INDEX('بيانات الحركات'!F:F,MATCH(45,'بيانات الحركات'!$G:$G,0)),"") -> تنزيل البيانات لأول مرة
A47: =IFERROR(INDEX('بيانات الحركات'!A:A,MATCH(46,'بيانات الحركات'!$G:$G,0)),"") -> 46218 | B47: =IFERROR(INDEX('بيانات الحركات'!B:B,MATCH(46,'بيانات الحركات'!$G:$G,0)),"") -> شراء | C47: =IFERROR(INDEX('بيانات الحركات'!C:C,MATCH(46,'بيانات الحركات'!$G:$G,0)),"") -> امين | D47: =IFERROR(INDEX('بيانات الحركات'!D:D,MATCH(46,'بيانات الحركات'!$G:$G,0)),"") -> صودا أش | E47: =IF($B47="إنتاج طبخة","",IFERROR(INDEX('بيانات الحركات'!E:E,MATCH(46,'بيانات الحركات'!$G:$G,0)),"")) -> 0 | F47: =IFERROR(INDEX('بيانات الحركات'!F:F,MATCH(46,'بيانات الحركات'!$G:$G,0)),"") -> تنزيل البيانات لأول مرة
A48: =IFERROR(INDEX('بيانات الحركات'!A:A,MATCH(47,'بيانات الحركات'!$G:$G,0)),"") -> 46218 | B48: =IFERROR(INDEX('بيانات الحركات'!B:B,MATCH(47,'بيانات الحركات'!$G:$G,0)),"") -> شراء | C48: =IFERROR(INDEX('بيانات الحركات'!C:C,MATCH(47,'بيانات الحركات'!$G:$G,0)),"") -> امين | D48: =IFERROR(INDEX('بيانات الحركات'!D:D,MATCH(47,'بيانات الحركات'!$G:$G,0)),"") -> صبغة | E48: =IF($B48="إنتاج طبخة","",IFERROR(INDEX('بيانات الحركات'!E:E,MATCH(47,'بيانات الحركات'!$G:$G,0)),"")) -> 1.42 | F48: =IFERROR(INDEX('بيانات الحركات'!F:F,MATCH(47,'بيانات الحركات'!$G:$G,0)),"") -> تنزيل البيانات لأول مرة
A49: =IFERROR(INDEX('بيانات الحركات'!A:A,MATCH(48,'بيانات الحركات'!$G:$G,0)),"") -> 46218 | B49: =IFERROR(INDEX('بيانات الحركات'!B:B,MATCH(48,'بيانات الحركات'!$G:$G,0)),"") -> شراء | C49: =IFERROR(INDEX('بيانات الحركات'!C:C,MATCH(48,'بيانات الحركات'!$G:$G,0)),"") -> امين | D49: =IFERROR(INDEX('بيانات الحركات'!D:D,MATCH(48,'بيانات الحركات'!$G:$G,0)),"") -> سيليكات سائلة | E49: =IF($B49="إنتاج طبخة","",IFERROR(INDEX('بيانات الحركات'!E:E,MATCH(48,'بيانات الحركات'!$G:$G,0)),"")) -> 0 | F49: =IFERROR(INDEX('بيانات الحركات'!F:F,MATCH(48,'بيانات الحركات'!$G:$G,0)),"") -> تنزيل البيانات لأول مرة
A50: =IFERROR(INDEX('بيانات الحركات'!A:A,MATCH(49,'بيانات الحركات'!$G:$G,0)),"") -> 46218 | B50: =IFERROR(INDEX('بيانات الحركات'!B:B,MATCH(49,'بيانات الحركات'!$G:$G,0)),"") -> شراء | C50: =IFERROR(INDEX('بيانات الحركات'!C:C,MATCH(49,'بيانات الحركات'!$G:$G,0)),"") -> امين | D50: =IFERROR(INDEX('بيانات الحركات'!D:D,MATCH(49,'بيانات الحركات'!$G:$G,0)),"") -> زيت الصنوبر | E50: =IF($B50="إنتاج طبخة","",IFERROR(INDEX('بيانات الحركات'!E:E,MATCH(49,'بيانات الحركات'!$G:$G,0)),"")) -> 24 | F50: =IFERROR(INDEX('بيانات الحركات'!F:F,MATCH(49,'بيانات الحركات'!$G:$G,0)),"") -> تنزيل البيانات لأول مرة
A51: =IFERROR(INDEX('بيانات الحركات'!A:A,MATCH(50,'بيانات الحركات'!$G:$G,0)),"") -> 46218 | B51: =IFERROR(INDEX('بيانات الحركات'!B:B,MATCH(50,'بيانات الحركات'!$G:$G,0)),"") -> شراء | C51: =IFERROR(INDEX('بيانات الحركات'!C:C,MATCH(50,'بيانات الحركات'!$G:$G,0)),"") -> امين | D51: =IFERROR(INDEX('بيانات الحركات'!D:D,MATCH(50,'بيانات الحركات'!$G:$G,0)),"") -> زفتة | E51: =IF($B51="إنتاج طبخة","",IFERROR(INDEX('بيانات الحركات'!E:E,MATCH(50,'بيانات الحركات'!$G:$G,0)),"")) -> 536 | F51: =IFERROR(INDEX('بيانات الحركات'!F:F,MATCH(50,'بيانات الحركات'!$G:$G,0)),"") -> تنزيل البيانات لأول مرة
A52: =IFERROR(INDEX('بيانات الحركات'!A:A,MATCH(51,'بيانات الحركات'!$G:$G,0)),"") -> 46218 | B52: =IFERROR(INDEX('بيانات الحركات'!B:B,MATCH(51,'بيانات الحركات'!$G:$G,0)),"") -> شراء | C52: =IFERROR(INDEX('بيانات الحركات'!C:C,MATCH(51,'بيانات الحركات'!$G:$G,0)),"") -> امين | D52: =IFERROR(INDEX('بيانات الحركات'!D:D,MATCH(51,'بيانات الحركات'!$G:$G,0)),"") -> ديباتيول فينب | E52: =IF($B52="إنتاج طبخة","",IFERROR(INDEX('بيانات الحركات'!E:E,MATCH(51,'بيانات الحركات'!$G:$G,0)),"")) -> 0 | F52: =IFERROR(INDEX('بيانات الحركات'!F:F,MATCH(51,'بيانات الحركات'!$G:$G,0)),"") -> تنزيل البيانات لأول مرة
A53: =IFERROR(INDEX('بيانات الحركات'!A:A,MATCH(52,'بيانات الحركات'!$G:$G,0)),"") -> 46218 | B53: =IFERROR(INDEX('بيانات الحركات'!B:B,MATCH(52,'بيانات الحركات'!$G:$G,0)),"") -> شراء | C53: =IFERROR(INDEX('بيانات الحركات'!C:C,MATCH(52,'بيانات الحركات'!$G:$G,0)),"") -> امين | D53: =IFERROR(INDEX('بيانات الحركات'!D:D,MATCH(52,'بيانات الحركات'!$G:$G,0)),"") -> دواء غسيل نصف مصنع | E53: =IF($B53="إنتاج طبخة","",IFERROR(INDEX('بيانات الحركات'!E:E,MATCH(52,'بيانات الحركات'!$G:$G,0)),"")) -> 34 | F53: =IFERROR(INDEX('بيانات الحركات'!F:F,MATCH(52,'بيانات الحركات'!$G:$G,0)),"") -> تنزيل البيانات لأول مرة
A54: =IFERROR(INDEX('بيانات الحركات'!A:A,MATCH(53,'بيانات الحركات'!$G:$G,0)),"") -> 46218 | B54: =IFERROR(INDEX('بيانات الحركات'!B:B,MATCH(53,'بيانات الحركات'!$G:$G,0)),"") -> شراء | C54: =IFERROR(INDEX('بيانات الحركات'!C:C,MATCH(53,'بيانات الحركات'!$G:$G,0)),"") -> امين | D54: =IFERROR(INDEX('بيانات الحركات'!D:D,MATCH(53,'بيانات الحركات'!$G:$G,0)),"") -> حمض الليمون | E54: =IF($B54="إنتاج طبخة","",IFERROR(INDEX('بيانات الحركات'!E:E,MATCH(53,'بيانات الحركات'!$G:$G,0)),"")) -> 1 | F54: =IFERROR(INDEX('بيانات الحركات'!F:F,MATCH(53,'بيانات الحركات'!$G:$G,0)),"") -> تنزيل البيانات لأول مرة
A55: =IFERROR(INDEX('بيانات الحركات'!A:A,MATCH(54,'بيانات الحركات'!$G:$G,0)),"") -> 46218 | B55: =IFERROR(INDEX('بيانات الحركات'!B:B,MATCH(54,'بيانات الحركات'!$G:$G,0)),"") -> شراء | C55: =IFERROR(INDEX('بيانات الحركات'!C:C,MATCH(54,'بيانات الحركات'!$G:$G,0)),"") -> امين | D55: =IFERROR(INDEX('بيانات الحركات'!D:D,MATCH(54,'بيانات الحركات'!$G:$G,0)),"") -> حمض الكبريت | E55: =IF($B55="إنتاج طبخة","",IFERROR(INDEX('بيانات الحركات'!E:E,MATCH(54,'بيانات الحركات'!$G:$G,0)),"")) -> 0 | F55: =IFERROR(INDEX('بيانات الحركات'!F:F,MATCH(54,'بيانات الحركات'!$G:$G,0)),"") -> تنزيل البيانات لأول مرة
A56: =IFERROR(INDEX('بيانات الحركات'!A:A,MATCH(55,'بيانات الحركات'!$G:$G,0)),"") -> 46218 | B56: =IFERROR(INDEX('بيانات الحركات'!B:B,MATCH(55,'بيانات الحركات'!$G:$G,0)),"") -> شراء | C56: =IFERROR(INDEX('بيانات الحركات'!C:C,MATCH(55,'بيانات الحركات'!$G:$G,0)),"") -> امين | D56: =IFERROR(INDEX('بيانات الحركات'!D:D,MATCH(55,'بيانات الحركات'!$G:$G,0)),"") -> حمض الخل | E56: =IF($B56="إنتاج طبخة","",IFERROR(INDEX('بيانات الحركات'!E:E,MATCH(55,'بيانات الحركات'!$G:$G,0)),"")) -> 1 | F56: =IFERROR(INDEX('بيانات الحركات'!F:F,MATCH(55,'بيانات الحركات'!$G:$G,0)),"") -> تنزيل البيانات لأول مرة
A57: =IFERROR(INDEX('بيانات الحركات'!A:A,MATCH(56,'بيانات الحركات'!$G:$G,0)),"") -> 46218 | B57: =IFERROR(INDEX('بيانات الحركات'!B:B,MATCH(56,'بيانات الحركات'!$G:$G,0)),"") -> شراء | C57: =IFERROR(INDEX('بيانات الحركات'!C:C,MATCH(56,'بيانات الحركات'!$G:$G,0)),"") -> امين | D57: =IFERROR(INDEX('بيانات الحركات'!D:D,MATCH(56,'بيانات الحركات'!$G:$G,0)),"") -> حليب التين | E57: =IF($B57="إنتاج طبخة","",IFERROR(INDEX('بيانات الحركات'!E:E,MATCH(56,'بيانات الحركات'!$G:$G,0)),"")) -> 0.83 | F57: =IFERROR(INDEX('بيانات الحركات'!F:F,MATCH(56,'بيانات الحركات'!$G:$G,0)),"") -> تنزيل البيانات لأول مرة
A58: =IFERROR(INDEX('بيانات الحركات'!A:A,MATCH(57,'بيانات الحركات'!$G:$G,0)),"") -> 46218 | B58: =IFERROR(INDEX('بيانات الحركات'!B:B,MATCH(57,'بيانات الحركات'!$G:$G,0)),"") -> شراء | C58: =IFERROR(INDEX('بيانات الحركات'!C:C,MATCH(57,'بيانات الحركات'!$G:$G,0)),"") -> امين | D58: =IFERROR(INDEX('بيانات الحركات'!D:D,MATCH(57,'بيانات الحركات'!$G:$G,0)),"") -> حبيبات ملونة | E58: =IF($B58="إنتاج طبخة","",IFERROR(INDEX('بيانات الحركات'!E:E,MATCH(57,'بيانات الحركات'!$G:$G,0)),"")) -> 0 | F58: =IFERROR(INDEX('بيانات الحركات'!F:F,MATCH(57,'بيانات الحركات'!$G:$G,0)),"") -> تنزيل البيانات لأول مرة
A59: =IFERROR(INDEX('بيانات الحركات'!A:A,MATCH(58,'بيانات الحركات'!$G:$G,0)),"") -> 46218 | B59: =IFERROR(INDEX('بيانات الحركات'!B:B,MATCH(58,'بيانات الحركات'!$G:$G,0)),"") -> شراء | C59: =IFERROR(INDEX('بيانات الحركات'!C:C,MATCH(58,'بيانات الحركات'!$G:$G,0)),"") -> امين | D59: =IFERROR(INDEX('بيانات الحركات'!D:D,MATCH(58,'بيانات الحركات'!$G:$G,0)),"") -> تكسبون | E59: =IF($B59="إنتاج طبخة","",IFERROR(INDEX('بيانات الحركات'!E:E,MATCH(58,'بيانات الحركات'!$G:$G,0)),"")) -> 468 | F59: =IFERROR(INDEX('بيانات الحركات'!F:F,MATCH(58,'بيانات الحركات'!$G:$G,0)),"") -> تنزيل البيانات لأول مرة
A60: =IFERROR(INDEX('بيانات الحركات'!A:A,MATCH(59,'بيانات الحركات'!$G:$G,0)),"") -> 46218 | B60: =IFERROR(INDEX('بيانات الحركات'!B:B,MATCH(59,'بيانات الحركات'!$G:$G,0)),"") -> شراء | C60: =IFERROR(INDEX('بيانات الحركات'!C:C,MATCH(59,'بيانات الحركات'!$G:$G,0)),"") -> امين | D60: =IFERROR(INDEX('بيانات الحركات'!D:D,MATCH(59,'بيانات الحركات'!$G:$G,0)),"") -> بيدون 4 لتر | E60: =IF($B60="إنتاج طبخة","",IFERROR(INDEX('بيانات الحركات'!E:E,MATCH(59,'بيانات الحركات'!$G:$G,0)),"")) -> 12 | F60: =IFERROR(INDEX('بيانات الحركات'!F:F,MATCH(59,'بيانات الحركات'!$G:$G,0)),"") -> تنزيل البيانات لأول مرة
A61: =IFERROR(INDEX('بيانات الحركات'!A:A,MATCH(60,'بيانات الحركات'!$G:$G,0)),"") -> 46218 | B61: =IFERROR(INDEX('بيانات الحركات'!B:B,MATCH(60,'بيانات الحركات'!$G:$G,0)),"") -> شراء | C61: =IFERROR(INDEX('بيانات الحركات'!C:C,MATCH(60,'بيانات الحركات'!$G:$G,0)),"") -> امين | D61: =IFERROR(INDEX('بيانات الحركات'!D:D,MATCH(60,'بيانات الحركات'!$G:$G,0)),"") -> بيتائين | E61: =IF($B61="إنتاج طبخة","",IFERROR(INDEX('بيانات الحركات'!E:E,MATCH(60,'بيانات الحركات'!$G:$G,0)),"")) -> 307.5 | F61: =IFERROR(INDEX('بيانات الحركات'!F:F,MATCH(60,'بيانات الحركات'!$G:$G,0)),"") -> تنزيل البيانات لأول مرة
A62: =IFERROR(INDEX('بيانات الحركات'!A:A,MATCH(61,'بيانات الحركات'!$G:$G,0)),"") -> 46218 | B62: =IFERROR(INDEX('بيانات الحركات'!B:B,MATCH(61,'بيانات الحركات'!$G:$G,0)),"") -> شراء | C62: =IFERROR(INDEX('بيانات الحركات'!C:C,MATCH(61,'بيانات الحركات'!$G:$G,0)),"") -> امين | D62: =IFERROR(INDEX('بيانات الحركات'!D:D,MATCH(61,'بيانات الحركات'!$G:$G,0)),"") -> بوتيل غليكول | E62: =IF($B62="إنتاج طبخة","",IFERROR(INDEX('بيانات الحركات'!E:E,MATCH(61,'بيانات الحركات'!$G:$G,0)),"")) -> 0 | F62: =IFERROR(INDEX('بيانات الحركات'!F:F,MATCH(61,'بيانات الحركات'!$G:$G,0)),"") -> تنزيل البيانات لأول مرة
A63: =IFERROR(INDEX('بيانات الحركات'!A:A,MATCH(62,'بيانات الحركات'!$G:$G,0)),"") -> 46218 | B63: =IFERROR(INDEX('بيانات الحركات'!B:B,MATCH(62,'بيانات الحركات'!$G:$G,0)),"") -> شراء | C63: =IFERROR(INDEX('بيانات الحركات'!C:C,MATCH(62,'بيانات الحركات'!$G:$G,0)),"") -> امين | D63: =IFERROR(INDEX('بيانات الحركات'!D:D,MATCH(62,'بيانات الحركات'!$G:$G,0)),"") -> بلسم جامد | E63: =IF($B63="إنتاج طبخة","",IFERROR(INDEX('بيانات الحركات'!E:E,MATCH(62,'بيانات الحركات'!$G:$G,0)),"")) -> 3 | F63: =IFERROR(INDEX('بيانات الحركات'!F:F,MATCH(62,'بيانات الحركات'!$G:$G,0)),"") -> تنزيل البيانات لأول مرة
A64: =IFERROR(INDEX('بيانات الحركات'!A:A,MATCH(63,'بيانات الحركات'!$G:$G,0)),"") -> 46218 | B64: =IFERROR(INDEX('بيانات الحركات'!B:B,MATCH(63,'بيانات الحركات'!$G:$G,0)),"") -> شراء | C64: =IFERROR(INDEX('بيانات الحركات'!C:C,MATCH(63,'بيانات الحركات'!$G:$G,0)),"") -> امين | D64: =IFERROR(INDEX('بيانات الحركات'!D:D,MATCH(63,'بيانات الحركات'!$G:$G,0)),"") -> بروبلين - فينب | E64: =IF($B64="إنتاج طبخة","",IFERROR(INDEX('بيانات الحركات'!E:E,MATCH(63,'بيانات الحركات'!$G:$G,0)),"")) -> 0 | F64: =IFERROR(INDEX('بيانات الحركات'!F:F,MATCH(63,'بيانات الحركات'!$G:$G,0)),"") -> تنزيل البيانات لأول مرة
A65: =IFERROR(INDEX('بيانات الحركات'!A:A,MATCH(64,'بيانات الحركات'!$G:$G,0)),"") -> 46218 | B65: =IFERROR(INDEX('بيانات الحركات'!B:B,MATCH(64,'بيانات الحركات'!$G:$G,0)),"") -> شراء | C65: =IFERROR(INDEX('بيانات الحركات'!C:C,MATCH(64,'بيانات الحركات'!$G:$G,0)),"") -> امين | D65: =IFERROR(INDEX('بيانات الحركات'!D:D,MATCH(64,'بيانات الحركات'!$G:$G,0)),"") -> ايمولجين | E65: =IF($B65="إنتاج طبخة","",IFERROR(INDEX('بيانات الحركات'!E:E,MATCH(64,'بيانات الحركات'!$G:$G,0)),"")) -> 6 | F65: =IFERROR(INDEX('بيانات الحركات'!F:F,MATCH(64,'بيانات الحركات'!$G:$G,0)),"") -> تنزيل البيانات لأول مرة
A66: =IFERROR(INDEX('بيانات الحركات'!A:A,MATCH(65,'بيانات الحركات'!$G:$G,0)),"") -> 46218 | B66: =IFERROR(INDEX('بيانات الحركات'!B:B,MATCH(65,'بيانات الحركات'!$G:$G,0)),"") -> شراء | C66: =IFERROR(INDEX('بيانات الحركات'!C:C,MATCH(65,'بيانات الحركات'!$G:$G,0)),"") -> امين | D66: =IFERROR(INDEX('بيانات الحركات'!D:D,MATCH(65,'بيانات الحركات'!$G:$G,0)),"") -> ايديتا | E66: =IF($B66="إنتاج طبخة","",IFERROR(INDEX('بيانات الحركات'!E:E,MATCH(65,'بيانات الحركات'!$G:$G,0)),"")) -> 16.5 | F66: =IFERROR(INDEX('بيانات الحركات'!F:F,MATCH(65,'بيانات الحركات'!$G:$G,0)),"") -> تنزيل البيانات لأول مرة
A67: =IFERROR(INDEX('بيانات الحركات'!A:A,MATCH(66,'بيانات الحركات'!$G:$G,0)),"") -> 46218 | B67: =IFERROR(INDEX('بيانات الحركات'!B:B,MATCH(66,'بيانات الحركات'!$G:$G,0)),"") -> شراء | C67: =IFERROR(INDEX('بيانات الحركات'!C:C,MATCH(66,'بيانات الحركات'!$G:$G,0)),"") -> امين | D67: =IFERROR(INDEX('بيانات الحركات'!D:D,MATCH(66,'بيانات الحركات'!$G:$G,0)),"") -> اسيد - روح الملح - حمض كلور الماء | E67: =IF($B67="إنتاج طبخة","",IFERROR(INDEX('بيانات الحركات'!E:E,MATCH(66,'بيانات الحركات'!$G:$G,0)),"")) -> 57 | F67: =IFERROR(INDEX('بيانات الحركات'!F:F,MATCH(66,'بيانات الحركات'!$G:$G,0)),"") -> تنزيل البيانات لأول مرة
A68: =IFERROR(INDEX('بيانات الحركات'!A:A,MATCH(67,'بيانات الحركات'!$G:$G,0)),"") -> 46218 | B68: =IFERROR(INDEX('بيانات الحركات'!B:B,MATCH(67,'بيانات الحركات'!$G:$G,0)),"") -> شراء | C68: =IFERROR(INDEX('بيانات الحركات'!C:C,MATCH(67,'بيانات الحركات'!$G:$G,0)),"") -> امين | D68: =IFERROR(INDEX('بيانات الحركات'!D:D,MATCH(67,'بيانات الحركات'!$G:$G,0)),"") -> اسيتون | E68: =IF($B68="إنتاج طبخة","",IFERROR(INDEX('بيانات الحركات'!E:E,MATCH(67,'بيانات الحركات'!$G:$G,0)),"")) -> 207.5 | F68: =IFERROR(INDEX('بيانات الحركات'!F:F,MATCH(67,'بيانات الحركات'!$G:$G,0)),"") -> تنزيل البيانات لأول مرة
A69: =IFERROR(INDEX('بيانات الحركات'!A:A,MATCH(68,'بيانات الحركات'!$G:$G,0)),"") -> 46218 | B69: =IFERROR(INDEX('بيانات الحركات'!B:B,MATCH(68,'بيانات الحركات'!$G:$G,0)),"") -> شراء | C69: =IFERROR(INDEX('بيانات الحركات'!C:C,MATCH(68,'بيانات الحركات'!$G:$G,0)),"") -> امين | D69: =IFERROR(INDEX('بيانات الحركات'!D:D,MATCH(68,'بيانات الحركات'!$G:$G,0)),"") -> لصاقة طابعة | E69: =IF($B69="إنتاج طبخة","",IFERROR(INDEX('بيانات الحركات'!E:E,MATCH(68,'بيانات الحركات'!$G:$G,0)),"")) -> 0 | F69: =IFERROR(INDEX('بيانات الحركات'!F:F,MATCH(68,'بيانات الحركات'!$G:$G,0)),"") -> تنزيل البيانات لأول مرة
A70: =IFERROR(INDEX('بيانات الحركات'!A:A,MATCH(69,'بيانات الحركات'!$G:$G,0)),"") -> 46218 | B70: =IFERROR(INDEX('بيانات الحركات'!B:B,MATCH(69,'بيانات الحركات'!$G:$G,0)),"") -> شراء | C70: =IFERROR(INDEX('بيانات الحركات'!C:C,MATCH(69,'بيانات الحركات'!$G:$G,0)),"") -> امين | D70: =IFERROR(INDEX('بيانات الحركات'!D:D,MATCH(69,'بيانات الحركات'!$G:$G,0)),"") -> كريك بلاستيك | E70: =IF($B70="إنتاج طبخة","",IFERROR(INDEX('بيانات الحركات'!E:E,MATCH(69,'بيانات الحركات'!$G:$G,0)),"")) -> 1 | F70: =IFERROR(INDEX('بيانات الحركات'!F:F,MATCH(69,'بيانات الحركات'!$G:$G,0)),"") -> تنزيل البيانات لأول مرة
A71: =IFERROR(INDEX('بيانات الحركات'!A:A,MATCH(70,'بيانات الحركات'!$G:$G,0)),"") -> 46218 | B71: =IFERROR(INDEX('بيانات الحركات'!B:B,MATCH(70,'بيانات الحركات'!$G:$G,0)),"") -> شراء | C71: =IFERROR(INDEX('بيانات الحركات'!C:C,MATCH(70,'بيانات الحركات'!$G:$G,0)),"") -> امين | D71: =IFERROR(INDEX('بيانات الحركات'!D:D,MATCH(70,'بيانات الحركات'!$G:$G,0)),"") -> فازلين | E71: =IF($B71="إنتاج طبخة","",IFERROR(INDEX('بيانات الحركات'!E:E,MATCH(70,'بيانات الحركات'!$G:$G,0)),"")) -> 0 | F71: =IFERROR(INDEX('بيانات الحركات'!F:F,MATCH(70,'بيانات الحركات'!$G:$G,0)),"") -> تنزيل البيانات لأول مرة
A72: =IFERROR(INDEX('بيانات الحركات'!A:A,MATCH(71,'بيانات الحركات'!$G:$G,0)),"") -> 46218 | B72: =IFERROR(INDEX('بيانات الحركات'!B:B,MATCH(71,'بيانات الحركات'!$G:$G,0)),"") -> شراء | C72: =IFERROR(INDEX('بيانات الحركات'!C:C,MATCH(71,'بيانات الحركات'!$G:$G,0)),"") -> امين | D72: =IFERROR(INDEX('بيانات الحركات'!D:D,MATCH(71,'بيانات الحركات'!$G:$G,0)),"") -> عبوات كلور + فلاش فارغة | E72: =IF($B72="إنتاج طبخة","",IFERROR(INDEX('بيانات الحركات'!E:E,MATCH(71,'بيانات الحركات'!$G:$G,0)),"")) -> 19.83 | F72: =IFERROR(INDEX('بيانات الحركات'!F:F,MATCH(71,'بيانات الحركات'!$G:$G,0)),"") -> تنزيل البيانات لأول مرة
A73: =IFERROR(INDEX('بيانات الحركات'!A:A,MATCH(72,'بيانات الحركات'!$G:$G,0)),"") -> 46218 | B73: =IFERROR(INDEX('بيانات الحركات'!B:B,MATCH(72,'بيانات الحركات'!$G:$G,0)),"") -> شراء | C73: =IFERROR(INDEX('بيانات الحركات'!C:C,MATCH(72,'بيانات الحركات'!$G:$G,0)),"") -> امين | D73: =IFERROR(INDEX('بيانات الحركات'!D:D,MATCH(72,'بيانات الحركات'!$G:$G,0)),"") -> عبوات شفافة 3 لتر | E73: =IF($B73="إنتاج طبخة","",IFERROR(INDEX('بيانات الحركات'!E:E,MATCH(72,'بيانات الحركات'!$G:$G,0)),"")) -> 11.16 | F73: =IFERROR(INDEX('بيانات الحركات'!F:F,MATCH(72,'بيانات الحركات'!$G:$G,0)),"") -> تنزيل البيانات لأول مرة
A74: =IFERROR(INDEX('بيانات الحركات'!A:A,MATCH(73,'بيانات الحركات'!$G:$G,0)),"") -> 46218 | B74: =IFERROR(INDEX('بيانات الحركات'!B:B,MATCH(73,'بيانات الحركات'!$G:$G,0)),"") -> شراء | C74: =IFERROR(INDEX('بيانات الحركات'!C:C,MATCH(73,'بيانات الحركات'!$G:$G,0)),"") -> امين | D74: =IFERROR(INDEX('بيانات الحركات'!D:D,MATCH(73,'بيانات الحركات'!$G:$G,0)),"") -> عبوات حليبي | E74: =IF($B74="إنتاج طبخة","",IFERROR(INDEX('بيانات الحركات'!E:E,MATCH(73,'بيانات الحركات'!$G:$G,0)),"")) -> 93.75 | F74: =IFERROR(INDEX('بيانات الحركات'!F:F,MATCH(73,'بيانات الحركات'!$G:$G,0)),"") -> تنزيل البيانات لأول مرة
A75: =IFERROR(INDEX('بيانات الحركات'!A:A,MATCH(74,'بيانات الحركات'!$G:$G,0)),"") -> 46218 | B75: =IFERROR(INDEX('بيانات الحركات'!B:B,MATCH(74,'بيانات الحركات'!$G:$G,0)),"") -> شراء | C75: =IFERROR(INDEX('بيانات الحركات'!C:C,MATCH(74,'بيانات الحركات'!$G:$G,0)),"") -> امين | D75: =IFERROR(INDEX('بيانات الحركات'!D:D,MATCH(74,'بيانات الحركات'!$G:$G,0)),"") -> ديتول خام | E75: =IF($B75="إنتاج طبخة","",IFERROR(INDEX('بيانات الحركات'!E:E,MATCH(74,'بيانات الحركات'!$G:$G,0)),"")) -> 0 | F75: =IFERROR(INDEX('بيانات الحركات'!F:F,MATCH(74,'بيانات الحركات'!$G:$G,0)),"") -> تنزيل البيانات لأول مرة
A76: =IFERROR(INDEX('بيانات الحركات'!A:A,MATCH(75,'بيانات الحركات'!$G:$G,0)),"") -> 46218 | B76: =IFERROR(INDEX('بيانات الحركات'!B:B,MATCH(75,'بيانات الحركات'!$G:$G,0)),"") -> شراء | C76: =IFERROR(INDEX('بيانات الحركات'!C:C,MATCH(75,'بيانات الحركات'!$G:$G,0)),"") -> - | D76: =IFERROR(INDEX('بيانات الحركات'!D:D,MATCH(75,'بيانات الحركات'!$G:$G,0)),"") -> غطا عبوة 3لتر | E76: =IF($B76="إنتاج طبخة","",IFERROR(INDEX('بيانات الحركات'!E:E,MATCH(75,'بيانات الحركات'!$G:$G,0)),"")) -> 0 | F76: =IFERROR(INDEX('بيانات الحركات'!F:F,MATCH(75,'بيانات الحركات'!$G:$G,0)),"")
A77: =IFERROR(INDEX('بيانات الحركات'!A:A,MATCH(76,'بيانات الحركات'!$G:$G,0)),"") -> 46218 | B77: =IFERROR(INDEX('بيانات الحركات'!B:B,MATCH(76,'بيانات الحركات'!$G:$G,0)),"") -> شراء | C77: =IFERROR(INDEX('بيانات الحركات'!C:C,MATCH(76,'بيانات الحركات'!$G:$G,0)),"") -> - | D77: =IFERROR(INDEX('بيانات الحركات'!D:D,MATCH(76,'بيانات الحركات'!$G:$G,0)),"") -> مياه مقطرة 4 لتر | E77: =IF($B77="إنتاج طبخة","",IFERROR(INDEX('بيانات الحركات'!E:E,MATCH(76,'بيانات الحركات'!$G:$G,0)),"")) -> 0 | F77: =IFERROR(INDEX('بيانات الحركات'!F:F,MATCH(76,'بيانات الحركات'!$G:$G,0)),"")
A78: =IFERROR(INDEX('بيانات الحركات'!A:A,MATCH(77,'بيانات الحركات'!$G:$G,0)),"") -> 46218 | B78: =IFERROR(INDEX('بيانات الحركات'!B:B,MATCH(77,'بيانات الحركات'!$G:$G,0)),"") -> شراء | C78: =IFERROR(INDEX('بيانات الحركات'!C:C,MATCH(77,'بيانات الحركات'!$G:$G,0)),"") -> - | D78: =IFERROR(INDEX('بيانات الحركات'!D:D,MATCH(77,'بيانات الحركات'!$G:$G,0)),"") -> مياه مقطرة 1 لتر | E78: =IF($B78="إنتاج طبخة","",IFERROR(INDEX('بيانات الحركات'!E:E,MATCH(77,'بيانات الحركات'!$G:$G,0)),"")) -> 0 | F78: =IFERROR(INDEX('بيانات الحركات'!F:F,MATCH(77,'بيانات الحركات'!$G:$G,0)),"")
A79: =IFERROR(INDEX('بيانات الحركات'!A:A,MATCH(78,'بيانات الحركات'!$G:$G,0)),"") -> 46218 | B79: =IFERROR(INDEX('بيانات الحركات'!B:B,MATCH(78,'بيانات الحركات'!$G:$G,0)),"") -> شراء | C79: =IFERROR(INDEX('بيانات الحركات'!C:C,MATCH(78,'بيانات الحركات'!$G:$G,0)),"") -> - | D79: =IFERROR(INDEX('بيانات الحركات'!D:D,MATCH(78,'بيانات الحركات'!$G:$G,0)),"") -> مهسهس زفته - معجون | E79: =IF($B79="إنتاج طبخة","",IFERROR(INDEX('بيانات الحركات'!E:E,MATCH(78,'بيانات الحركات'!$G:$G,0)),"")) -> 0 | F79: =IFERROR(INDEX('بيانات الحركات'!F:F,MATCH(78,'بيانات الحركات'!$G:$G,0)),"")
A80: =IFERROR(INDEX('بيانات الحركات'!A:A,MATCH(79,'بيانات الحركات'!$G:$G,0)),"") -> 46218 | B80: =IFERROR(INDEX('بيانات الحركات'!B:B,MATCH(79,'بيانات الحركات'!$G:$G,0)),"") -> شراء | C80: =IFERROR(INDEX('بيانات الحركات'!C:C,MATCH(79,'بيانات الحركات'!$G:$G,0)),"") -> - | D80: =IFERROR(INDEX('بيانات الحركات'!D:D,MATCH(79,'بيانات الحركات'!$G:$G,0)),"") -> مماسح مكتب َ | E80: =IF($B80="إنتاج طبخة","",IFERROR(INDEX('بيانات الحركات'!E:E,MATCH(79,'بيانات الحركات'!$G:$G,0)),"")) -> 0 | F80: =IFERROR(INDEX('بيانات الحركات'!F:F,MATCH(79,'بيانات الحركات'!$G:$G,0)),"")
A81: =IFERROR(INDEX('بيانات الحركات'!A:A,MATCH(80,'بيانات الحركات'!$G:$G,0)),"") -> 46218 | B81: =IFERROR(INDEX('بيانات الحركات'!B:B,MATCH(80,'بيانات الحركات'!$G:$G,0)),"") -> شراء | C81: =IFERROR(INDEX('بيانات الحركات'!C:C,MATCH(80,'بيانات الحركات'!$G:$G,0)),"") -> - | D81: =IFERROR(INDEX('بيانات الحركات'!D:D,MATCH(80,'بيانات الحركات'!$G:$G,0)),"") -> مماسح قماش عائلة فايبر | E81: =IF($B81="إنتاج طبخة","",IFERROR(INDEX('بيانات الحركات'!E:E,MATCH(80,'بيانات الحركات'!$G:$G,0)),"")) -> 0 | F81: =IFERROR(INDEX('بيانات الحركات'!F:F,MATCH(80,'بيانات الحركات'!$G:$G,0)),"")
A82: =IFERROR(INDEX('بيانات الحركات'!A:A,MATCH(81,'بيانات الحركات'!$G:$G,0)),"") -> 46218 | B82: =IFERROR(INDEX('بيانات الحركات'!B:B,MATCH(81,'بيانات الحركات'!$G:$G,0)),"") -> شراء | C82: =IFERROR(INDEX('بيانات الحركات'!C:C,MATCH(81,'بيانات الحركات'!$G:$G,0)),"") -> - | D82: =IFERROR(INDEX('بيانات الحركات'!D:D,MATCH(81,'بيانات الحركات'!$G:$G,0)),"") -> مماسح بلور | E82: =IF($B82="إنتاج طبخة","",IFERROR(INDEX('بيانات الحركات'!E:E,MATCH(81,'بيانات الحركات'!$G:$G,0)),"")) -> 0 | F82: =IFERROR(INDEX('بيانات الحركات'!F:F,MATCH(81,'بيانات الحركات'!$G:$G,0)),"")
A83: =IFERROR(INDEX('بيانات الحركات'!A:A,MATCH(82,'بيانات الحركات'!$G:$G,0)),"") -> 46218 | B83: =IFERROR(INDEX('بيانات الحركات'!B:B,MATCH(82,'بيانات الحركات'!$G:$G,0)),"") -> شراء | C83: =IFERROR(INDEX('بيانات الحركات'!C:C,MATCH(82,'بيانات الحركات'!$G:$G,0)),"") -> - | D83: =IFERROR(INDEX('بيانات الحركات'!D:D,MATCH(82,'بيانات الحركات'!$G:$G,0)),"") -> مماسح ارضيات | E83: =IF($B83="إنتاج طبخة","",IFERROR(INDEX('بيانات الحركات'!E:E,MATCH(82,'بيانات الحركات'!$G:$G,0)),"")) -> 0 | F83: =IFERROR(INDEX('بيانات الحركات'!F:F,MATCH(82,'بيانات الحركات'!$G:$G,0)),"")
A84: =IFERROR(INDEX('بيانات الحركات'!A:A,MATCH(83,'بيانات الحركات'!$G:$G,0)),"") -> 46218 | B84: =IFERROR(INDEX('بيانات الحركات'!B:B,MATCH(83,'بيانات الحركات'!$G:$G,0)),"") -> شراء | C84: =IFERROR(INDEX('بيانات الحركات'!C:C,MATCH(83,'بيانات الحركات'!$G:$G,0)),"") -> - | D84: =IFERROR(INDEX('بيانات الحركات'!D:D,MATCH(83,'بيانات الحركات'!$G:$G,0)),"") -> ملمع سيارات 3 لتر | E84: =IF($B84="إنتاج طبخة","",IFERROR(INDEX('بيانات الحركات'!E:E,MATCH(83,'بيانات الحركات'!$G:$G,0)),"")) -> 0 | F84: =IFERROR(INDEX('بيانات الحركات'!F:F,MATCH(83,'بيانات الحركات'!$G:$G,0)),"")
A85: =IFERROR(INDEX('بيانات الحركات'!A:A,MATCH(84,'بيانات الحركات'!$G:$G,0)),"") -> 46218 | B85: =IFERROR(INDEX('بيانات الحركات'!B:B,MATCH(84,'بيانات الحركات'!$G:$G,0)),"") -> شراء | C85: =IFERROR(INDEX('بيانات الحركات'!C:C,MATCH(84,'بيانات الحركات'!$G:$G,0)),"") -> - | D85: =IFERROR(INDEX('بيانات الحركات'!D:D,MATCH(84,'بيانات الحركات'!$G:$G,0)),"") -> ملمع سيارات / فرط | E85: =IF($B85="إنتاج طبخة","",IFERROR(INDEX('بيانات الحركات'!E:E,MATCH(84,'بيانات الحركات'!$G:$G,0)),"")) -> 0 | F85: =IFERROR(INDEX('بيانات الحركات'!F:F,MATCH(84,'بيانات الحركات'!$G:$G,0)),"")
A86: =IFERROR(INDEX('بيانات الحركات'!A:A,MATCH(85,'بيانات الحركات'!$G:$G,0)),"") -> 46218 | B86: =IFERROR(INDEX('بيانات الحركات'!B:B,MATCH(85,'بيانات الحركات'!$G:$G,0)),"") -> شراء | C86: =IFERROR(INDEX('بيانات الحركات'!C:C,MATCH(85,'بيانات الحركات'!$G:$G,0)),"") -> - | D86: =IFERROR(INDEX('بيانات الحركات'!D:D,MATCH(85,'بيانات الحركات'!$G:$G,0)),"") -> ملمع زجاج الكرمل | E86: =IF($B86="إنتاج طبخة","",IFERROR(INDEX('بيانات الحركات'!E:E,MATCH(85,'بيانات الحركات'!$G:$G,0)),"")) -> 0 | F86: =IFERROR(INDEX('بيانات الحركات'!F:F,MATCH(85,'بيانات الحركات'!$G:$G,0)),"")
A87: =IFERROR(INDEX('بيانات الحركات'!A:A,MATCH(86,'بيانات الحركات'!$G:$G,0)),"") -> 46218 | B87: =IFERROR(INDEX('بيانات الحركات'!B:B,MATCH(86,'بيانات الحركات'!$G:$G,0)),"") -> شراء | C87: =IFERROR(INDEX('بيانات الحركات'!C:C,MATCH(86,'بيانات الحركات'!$G:$G,0)),"") -> - | D87: =IFERROR(INDEX('بيانات الحركات'!D:D,MATCH(86,'بيانات الحركات'!$G:$G,0)),"") -> ملمع زجاج 3 لتر | E87: =IF($B87="إنتاج طبخة","",IFERROR(INDEX('بيانات الحركات'!E:E,MATCH(86,'بيانات الحركات'!$G:$G,0)),"")) -> 0 | F87: =IFERROR(INDEX('بيانات الحركات'!F:F,MATCH(86,'بيانات الحركات'!$G:$G,0)),"")
A88: =IFERROR(INDEX('بيانات الحركات'!A:A,MATCH(87,'بيانات الحركات'!$G:$G,0)),"") -> 46218 | B88: =IFERROR(INDEX('بيانات الحركات'!B:B,MATCH(87,'بيانات الحركات'!$G:$G,0)),"") -> شراء | C88: =IFERROR(INDEX('بيانات الحركات'!C:C,MATCH(87,'بيانات الحركات'!$G:$G,0)),"") -> - | D88: =IFERROR(INDEX('بيانات الحركات'!D:D,MATCH(87,'بيانات الحركات'!$G:$G,0)),"") -> ملمع زجاج / فرط | E88: =IF($B88="إنتاج طبخة","",IFERROR(INDEX('بيانات الحركات'!E:E,MATCH(87,'بيانات الحركات'!$G:$G,0)),"")) -> 0 | F88: =IFERROR(INDEX('بيانات الحركات'!F:F,MATCH(87,'بيانات الحركات'!$G:$G,0)),"")
A89: =IFERROR(INDEX('بيانات الحركات'!A:A,MATCH(88,'بيانات الحركات'!$G:$G,0)),"") -> 46218 | B89: =IFERROR(INDEX('بيانات الحركات'!B:B,MATCH(88,'بيانات الحركات'!$G:$G,0)),"") -> شراء | C89: =IFERROR(INDEX('بيانات الحركات'!C:C,MATCH(88,'بيانات الحركات'!$G:$G,0)),"") -> - | D89: =IFERROR(INDEX('بيانات الحركات'!D:D,MATCH(88,'بيانات الحركات'!$G:$G,0)),"") -> ملطف جو ليتس | E89: =IF($B89="إنتاج طبخة","",IFERROR(INDEX('بيانات الحركات'!E:E,MATCH(88,'بيانات الحركات'!$G:$G,0)),"")) -> 0 | F89: =IFERROR(INDEX('بيانات الحركات'!F:F,MATCH(88,'بيانات الحركات'!$G:$G,0)),"")
A90: =IFERROR(INDEX('بيانات الحركات'!A:A,MATCH(89,'بيانات الحركات'!$G:$G,0)),"") -> 46218 | B90: =IFERROR(INDEX('بيانات الحركات'!B:B,MATCH(89,'بيانات الحركات'!$G:$G,0)),"") -> شراء | C90: =IFERROR(INDEX('بيانات الحركات'!C:C,MATCH(89,'بيانات الحركات'!$G:$G,0)),"") -> - | D90: =IFERROR(INDEX('بيانات الحركات'!D:D,MATCH(89,'بيانات الحركات'!$G:$G,0)),"") -> ملطف جو | E90: =IF($B90="إنتاج طبخة","",IFERROR(INDEX('بيانات الحركات'!E:E,MATCH(89,'بيانات الحركات'!$G:$G,0)),"")) -> 0 | F90: =IFERROR(INDEX('بيانات الحركات'!F:F,MATCH(89,'بيانات الحركات'!$G:$G,0)),"")
A91: =IFERROR(INDEX('بيانات الحركات'!A:A,MATCH(90,'بيانات الحركات'!$G:$G,0)),"") -> 46218 | B91: =IFERROR(INDEX('بيانات الحركات'!B:B,MATCH(90,'بيانات الحركات'!$G:$G,0)),"") -> شراء | C91: =IFERROR(INDEX('بيانات الحركات'!C:C,MATCH(90,'بيانات الحركات'!$G:$G,0)),"") -> - | D91: =IFERROR(INDEX('بيانات الحركات'!D:D,MATCH(90,'بيانات الحركات'!$G:$G,0)),"") -> مكانس ناعمة كثيفة | E91: =IF($B91="إنتاج طبخة","",IFERROR(INDEX('بيانات الحركات'!E:E,MATCH(90,'بيانات الحركات'!$G:$G,0)),"")) -> 0 | F91: =IFERROR(INDEX('بيانات الحركات'!F:F,MATCH(90,'بيانات الحركات'!$G:$G,0)),"")
A92: =IFERROR(INDEX('بيانات الحركات'!A:A,MATCH(91,'بيانات الحركات'!$G:$G,0)),"") -> 46218 | B92: =IFERROR(INDEX('بيانات الحركات'!B:B,MATCH(91,'بيانات الحركات'!$G:$G,0)),"") -> شراء | C92: =IFERROR(INDEX('بيانات الحركات'!C:C,MATCH(91,'بيانات الحركات'!$G:$G,0)),"") -> - | D92: =IFERROR(INDEX('بيانات الحركات'!D:D,MATCH(91,'بيانات الحركات'!$G:$G,0)),"") -> مكانس خشنة | E92: =IF($B92="إنتاج طبخة","",IFERROR(INDEX('بيانات الحركات'!E:E,MATCH(91,'بيانات الحركات'!$G:$G,0)),"")) -> 0 | F92: =IFERROR(INDEX('بيانات الحركات'!F:F,MATCH(91,'بيانات الحركات'!$G:$G,0)),"")
A93: =IFERROR(INDEX('بيانات الحركات'!A:A,MATCH(92,'بيانات الحركات'!$G:$G,0)),"") -> 46218 | B93: =IFERROR(INDEX('بيانات الحركات'!B:B,MATCH(92,'بيانات الحركات'!$G:$G,0)),"") -> شراء | C93: =IFERROR(INDEX('بيانات الحركات'!C:C,MATCH(92,'بيانات الحركات'!$G:$G,0)),"") -> - | D93: =IFERROR(INDEX('بيانات الحركات'!D:D,MATCH(92,'بيانات الحركات'!$G:$G,0)),"") -> معطر كرمل . | E93: =IF($B93="إنتاج طبخة","",IFERROR(INDEX('بيانات الحركات'!E:E,MATCH(92,'بيانات الحركات'!$G:$G,0)),"")) -> 0 | F93: =IFERROR(INDEX('بيانات الحركات'!F:F,MATCH(92,'بيانات الحركات'!$G:$G,0)),"")
A94: =IFERROR(INDEX('بيانات الحركات'!A:A,MATCH(93,'بيانات الحركات'!$G:$G,0)),"") -> 46218 | B94: =IFERROR(INDEX('بيانات الحركات'!B:B,MATCH(93,'بيانات الحركات'!$G:$G,0)),"") -> شراء | C94: =IFERROR(INDEX('بيانات الحركات'!C:C,MATCH(93,'بيانات الحركات'!$G:$G,0)),"") -> - | D94: =IFERROR(INDEX('بيانات الحركات'!D:D,MATCH(93,'بيانات الحركات'!$G:$G,0)),"") -> معطر عافية | E94: =IF($B94="إنتاج طبخة","",IFERROR(INDEX('بيانات الحركات'!E:E,MATCH(93,'بيانات الحركات'!$G:$G,0)),"")) -> 0 | F94: =IFERROR(INDEX('بيانات الحركات'!F:F,MATCH(93,'بيانات الحركات'!$G:$G,0)),"")
A95: =IFERROR(INDEX('بيانات الحركات'!A:A,MATCH(94,'بيانات الحركات'!$G:$G,0)),"") -> 46218 | B95: =IFERROR(INDEX('بيانات الحركات'!B:B,MATCH(94,'بيانات الحركات'!$G:$G,0)),"") -> شراء | C95: =IFERROR(INDEX('بيانات الحركات'!C:C,MATCH(94,'بيانات الحركات'!$G:$G,0)),"") -> - | D95: =IFERROR(INDEX('بيانات الحركات'!D:D,MATCH(94,'بيانات الحركات'!$G:$G,0)),"") -> معطر super / فرط | E95: =IF($B95="إنتاج طبخة","",IFERROR(INDEX('بيانات الحركات'!E:E,MATCH(94,'بيانات الحركات'!$G:$G,0)),"")) -> 0 | F95: =IFERROR(INDEX('بيانات الحركات'!F:F,MATCH(94,'بيانات الحركات'!$G:$G,0)),"")
A96: =IFERROR(INDEX('بيانات الحركات'!A:A,MATCH(95,'بيانات الحركات'!$G:$G,0)),"") -> 46218 | B96: =IFERROR(INDEX('بيانات الحركات'!B:B,MATCH(95,'بيانات الحركات'!$G:$G,0)),"") -> شراء | C96: =IFERROR(INDEX('بيانات الحركات'!C:C,MATCH(95,'بيانات الحركات'!$G:$G,0)),"") -> - | D96: =IFERROR(INDEX('بيانات الحركات'!D:D,MATCH(95,'بيانات الحركات'!$G:$G,0)),"") -> معطر super / عبوة 3 لتر | E96: =IF($B96="إنتاج طبخة","",IFERROR(INDEX('بيانات الحركات'!E:E,MATCH(95,'بيانات الحركات'!$G:$G,0)),"")) -> 0 | F96: =IFERROR(INDEX('بيانات الحركات'!F:F,MATCH(95,'بيانات الحركات'!$G:$G,0)),"")
A97: =IFERROR(INDEX('بيانات الحركات'!A:A,MATCH(96,'بيانات الحركات'!$G:$G,0)),"") -> 46218 | B97: =IFERROR(INDEX('بيانات الحركات'!B:B,MATCH(96,'بيانات الحركات'!$G:$G,0)),"") -> شراء | C97: =IFERROR(INDEX('بيانات الحركات'!C:C,MATCH(96,'بيانات الحركات'!$G:$G,0)),"") -> - | D97: =IFERROR(INDEX('بيانات الحركات'!D:D,MATCH(96,'بيانات الحركات'!$G:$G,0)),"") -> مساحات / نشافات | E97: =IF($B97="إنتاج طبخة","",IFERROR(INDEX('بيانات الحركات'!E:E,MATCH(96,'بيانات الحركات'!$G:$G,0)),"")) -> 0 | F97: =IFERROR(INDEX('بيانات الحركات'!F:F,MATCH(96,'بيانات الحركات'!$G:$G,0)),"")
A98: =IFERROR(INDEX('بيانات الحركات'!A:A,MATCH(97,'بيانات الحركات'!$G:$G,0)),"") -> 46218 | B98: =IFERROR(INDEX('بيانات الحركات'!B:B,MATCH(97,'بيانات الحركات'!$G:$G,0)),"") -> شراء | C98: =IFERROR(INDEX('بيانات الحركات'!C:C,MATCH(97,'بيانات الحركات'!$G:$G,0)),"") -> - | D98: =IFERROR(INDEX('بيانات الحركات'!D:D,MATCH(97,'بيانات الحركات'!$G:$G,0)),"") -> محارم مكتب | E98: =IF($B98="إنتاج طبخة","",IFERROR(INDEX('بيانات الحركات'!E:E,MATCH(97,'بيانات الحركات'!$G:$G,0)),"")) -> 0 | F98: =IFERROR(INDEX('بيانات الحركات'!F:F,MATCH(97,'بيانات الحركات'!$G:$G,0)),"")
A99: =IFERROR(INDEX('بيانات الحركات'!A:A,MATCH(98,'بيانات الحركات'!$G:$G,0)),"") -> 46218 | B99: =IFERROR(INDEX('بيانات الحركات'!B:B,MATCH(98,'بيانات الحركات'!$G:$G,0)),"") -> شراء | C99: =IFERROR(INDEX('بيانات الحركات'!C:C,MATCH(98,'بيانات الحركات'!$G:$G,0)),"") -> - | D99: =IFERROR(INDEX('بيانات الحركات'!D:D,MATCH(98,'بيانات الحركات'!$G:$G,0)),"") -> محارم تواليت | E99: =IF($B99="إنتاج طبخة","",IFERROR(INDEX('بيانات الحركات'!E:E,MATCH(98,'بيانات الحركات'!$G:$G,0)),"")) -> 0 | F99: =IFERROR(INDEX('بيانات الحركات'!F:F,MATCH(98,'بيانات الحركات'!$G:$G,0)),"")
A100: =IFERROR(INDEX('بيانات الحركات'!A:A,MATCH(99,'بيانات الحركات'!$G:$G,0)),"") -> 46218 | B100: =IFERROR(INDEX('بيانات الحركات'!B:B,MATCH(99,'بيانات الحركات'!$G:$G,0)),"") -> شراء | C100: =IFERROR(INDEX('بيانات الحركات'!C:C,MATCH(99,'بيانات الحركات'!$G:$G,0)),"") -> - | D100: =IFERROR(INDEX('بيانات الحركات'!D:D,MATCH(99,'بيانات الحركات'!$G:$G,0)),"") -> محارم الكرزة | E100: =IF($B100="إنتاج طبخة","",IFERROR(INDEX('بيانات الحركات'!E:E,MATCH(99,'بيانات الحركات'!$G:$G,0)),"")) -> 0 | F100: =IFERROR(INDEX('بيانات الحركات'!F:F,MATCH(99,'بيانات الحركات'!$G:$G,0)),"")
...

Sheet المواد
A1: اسم المادة | B1: وحدة القياس | C1: الرصيد الحالي | D1: ملاحظات
A2: ملح | B2: كغ | C2: =IF(A2="","",ROUND(SUMIFS(الإدخالات!$D$2:$D$501,الإدخالات!$C$2:$C$501,A2)+SUMIFS('تعديل الجرد'!$F$2:$F$501,'تعديل الجرد'!$C$2:$C$501,A2)-SUMIFS('الصرف المباشر'!$D$2:$D$501,'الصرف المباشر'!$C$2:$C$501,A2)-SUMPRODUCT((الطبخات!$B$2:$B$900=A2)*الطبخات!$C$2:$C$900*COUNTIF('سجل الإنتاج'!$C$2:$C$501,الطبخات!$A$2:$A$900)),3)) -> 128.04
A3: مقصب | B3: كغ | C3: =IF(A3="","",ROUND(SUMIFS(الإدخالات!$D$2:$D$501,الإدخالات!$C$2:$C$501,A3)+SUMIFS('تعديل الجرد'!$F$2:$F$501,'تعديل الجرد'!$C$2:$C$501,A3)-SUMIFS('الصرف المباشر'!$D$2:$D$501,'الصرف المباشر'!$C$2:$C$501,A3)-SUMPRODUCT((الطبخات!$B$2:$B$900=A3)*الطبخات!$C$2:$C$900*COUNTIF('سجل الإنتاج'!$C$2:$C$501,الطبخات!$A$2:$A$900)),3)) -> 2
A4: مجمد | B4: كغ | C4: =IF(A4="","",ROUND(SUMIFS(الإدخالات!$D$2:$D$501,الإدخالات!$C$2:$C$501,A4)+SUMIFS('تعديل الجرد'!$F$2:$F$501,'تعديل الجرد'!$C$2:$C$501,A4)-SUMIFS('الصرف المباشر'!$D$2:$D$501,'الصرف المباشر'!$C$2:$C$501,A4)-SUMPRODUCT((الطبخات!$B$2:$B$900=A4)*الطبخات!$C$2:$C$900*COUNTIF('سجل الإنتاج'!$C$2:$C$501,الطبخات!$A$2:$A$900)),3)) -> 63.5
A5: مانع رغوة مائي | B5: كغ | C5: =IF(A5="","",ROUND(SUMIFS(الإدخالات!$D$2:$D$501,الإدخالات!$C$2:$C$501,A5)+SUMIFS('تعديل الجرد'!$F$2:$F$501,'تعديل الجرد'!$C$2:$C$501,A5)-SUMIFS('الصرف المباشر'!$D$2:$D$501,'الصرف المباشر'!$C$2:$C$501,A5)-SUMPRODUCT((الطبخات!$B$2:$B$900=A5)*الطبخات!$C$2:$C$900*COUNTIF('سجل الإنتاج'!$C$2:$C$501,الطبخات!$A$2:$A$900)),3)) -> 0
A6: مانع رغوة سيليكون | B6: كغ | C6: =IF(A6="","",ROUND(SUMIFS(الإدخالات!$D$2:$D$501,الإدخالات!$C$2:$C$501,A6)+SUMIFS('تعديل الجرد'!$F$2:$F$501,'تعديل الجرد'!$C$2:$C$501,A6)-SUMIFS('الصرف المباشر'!$D$2:$D$501,'الصرف المباشر'!$C$2:$C$501,A6)-SUMPRODUCT((الطبخات!$B$2:$B$900=A6)*الطبخات!$C$2:$C$900*COUNTIF('سجل الإنتاج'!$C$2:$C$501,الطبخات!$A$2:$A$900)),3)) -> 0
A7: ماء مقطرة | B7: كغ | C7: =IF(A7="","",ROUND(SUMIFS(الإدخالات!$D$2:$D$501,الإدخالات!$C$2:$C$501,A7)+SUMIFS('تعديل الجرد'!$F$2:$F$501,'تعديل الجرد'!$C$2:$C$501,A7)-SUMIFS('الصرف المباشر'!$D$2:$D$501,'الصرف المباشر'!$C$2:$C$501,A7)-SUMPRODUCT((الطبخات!$B$2:$B$900=A7)*الطبخات!$C$2:$C$900*COUNTIF('سجل الإنتاج'!$C$2:$C$501,الطبخات!$A$2:$A$900)),3)) -> 27947
A8: ماء بلسم | B8: كغ | C8: =IF(A8="","",ROUND(SUMIFS(الإدخالات!$D$2:$D$501,الإدخالات!$C$2:$C$501,A8)+SUMIFS('تعديل الجرد'!$F$2:$F$501,'تعديل الجرد'!$C$2:$C$501,A8)-SUMIFS('الصرف المباشر'!$D$2:$D$501,'الصرف المباشر'!$C$2:$C$501,A8)-SUMPRODUCT((الطبخات!$B$2:$B$900=A8)*الطبخات!$C$2:$C$900*COUNTIF('سجل الإنتاج'!$C$2:$C$501,الطبخات!$A$2:$A$900)),3)) -> 0
A9: لانيت 16 ماليزي | B9: كغ | C9: =IF(A9="","",ROUND(SUMIFS(الإدخالات!$D$2:$D$501,الإدخالات!$C$2:$C$501,A9)+SUMIFS('تعديل الجرد'!$F$2:$F$501,'تعديل الجرد'!$C$2:$C$501,A9)-SUMIFS('الصرف المباشر'!$D$2:$D$501,'الصرف المباشر'!$C$2:$C$501,A9)-SUMPRODUCT((الطبخات!$B$2:$B$900=A9)*الطبخات!$C$2:$C$900*COUNTIF('سجل الإنتاج'!$C$2:$C$501,الطبخات!$A$2:$A$900)),3)) -> 0
A10: كوستيك-قطرونة | B10: كغ | C10: =IF(A10="","",ROUND(SUMIFS(الإدخالات!$D$2:$D$501,الإدخالات!$C$2:$C$501,A10)+SUMIFS('تعديل الجرد'!$F$2:$F$501,'تعديل الجرد'!$C$2:$C$501,A10)-SUMIFS('الصرف المباشر'!$D$2:$D$501,'الصرف المباشر'!$C$2:$C$501,A10)-SUMPRODUCT((الطبخات!$B$2:$B$900=A10)*الطبخات!$C$2:$C$900*COUNTIF('سجل الإنتاج'!$C$2:$C$501,الطبخات!$A$2:$A$900)),3)) -> 8.71
A11: كمبرلان | B11: كغ | C11: =IF(A11="","",ROUND(SUMIFS(الإدخالات!$D$2:$D$501,الإدخالات!$C$2:$C$501,A11)+SUMIFS('تعديل الجرد'!$F$2:$F$501,'تعديل الجرد'!$C$2:$C$501,A11)-SUMIFS('الصرف المباشر'!$D$2:$D$501,'الصرف المباشر'!$C$2:$C$501,A11)-SUMPRODUCT((الطبخات!$B$2:$B$900=A11)*الطبخات!$C$2:$C$900*COUNTIF('سجل الإنتاج'!$C$2:$C$501,الطبخات!$A$2:$A$900)),3)) -> 0
A12: كليمازول | B12: كغ | C12: =IF(A12="","",ROUND(SUMIFS(الإدخالات!$D$2:$D$501,الإدخالات!$C$2:$C$501,A12)+SUMIFS('تعديل الجرد'!$F$2:$F$501,'تعديل الجرد'!$C$2:$C$501,A12)-SUMIFS('الصرف المباشر'!$D$2:$D$501,'الصرف المباشر'!$C$2:$C$501,A12)-SUMPRODUCT((الطبخات!$B$2:$B$900=A12)*الطبخات!$C$2:$C$900*COUNTIF('سجل الإنتاج'!$C$2:$C$501,الطبخات!$A$2:$A$900)),3)) -> 0
A13: كلور خام | B13: كغ | C13: =IF(A13="","",ROUND(SUMIFS(الإدخالات!$D$2:$D$501,الإدخالات!$C$2:$C$501,A13)+SUMIFS('تعديل الجرد'!$F$2:$F$501,'تعديل الجرد'!$C$2:$C$501,A13)-SUMIFS('الصرف المباشر'!$D$2:$D$501,'الصرف المباشر'!$C$2:$C$501,A13)-SUMPRODUCT((الطبخات!$B$2:$B$900=A13)*الطبخات!$C$2:$C$900*COUNTIF('سجل الإنتاج'!$C$2:$C$501,الطبخات!$A$2:$A$900)),3)) -> 272
... A179: أسيد 1 لتر | B179: قطعة | C179: =IF(A179="","",ROUND(SUMIFS(الإدخالات!$D$2:$D$501,الإدخالات!$C$2:$C$501,A179)+SUMIFS('تعديل الجرد'!$F$2:$F$501,'تعديل الجرد'!$C$2:$C$501,A179)-SUMIFS('الصرف المباشر'!$D$2:$D$501,'الصرف المباشر'!$C$2:$C$501,A179)-SUMPRODUCT((الطبخات!$B$2:$B$900=A179)*الطبخات!$C$2:$C$900*COUNTIF('سجل الإنتاج'!$C$2:$C$501,الطبخات!$A$2:$A$900)),3)) -> 0
C180: =IF(A180="","",ROUND(SUMIFS(الإدخالات!$D$2:$D$501,الإدخالات!$C$2:$C$501,A180)+SUMIFS('تعديل الجرد'!$F$2:$F$501,'تعديل الجرد'!$C$2:$C$501,A180)-SUMIFS('الصرف المباشر'!$D$2:$D$501,'الصرف المباشر'!$C$2:$C$501,A180)-SUMPRODUCT((الطبخات!$B$2:$B$900=A180)*الطبخات!$C$2:$C$900*COUNTIF('سجل الإنتاج'!$C$2:$C$501,الطبخات!$A$2:$A$900)),3))
C181: =IF(A181="","",ROUND(SUMIFS(الإدخالات!$D$2:$D$501,الإدخالات!$C$2:$C$501,A181)+SUMIFS('تعديل الجرد'!$F$2:$F$501,'تعديل الجرد'!$C$2:$C$501,A181)-SUMIFS('الصرف المباشر'!$D$2:$D$501,'الصرف المباشر'!$C$2:$C$501,A181)-SUMPRODUCT((الطبخات!$B$2:$B$900=A181)*الطبخات!$C$2:$C$900*COUNTIF('سجل الإنتاج'!$C$2:$C$501,الطبخات!$A$2:$A$900)),3))
C182: =IF(A182="","",ROUND(SUMIFS(الإدخالات!$D$2:$D$501,الإدخالات!$C$2:$C$501,A182)+SUMIFS('تعديل الجرد'!$F$2:$F$501,'تعديل الجرد'!$C$2:$C$501,A182)-SUMIFS('الصرف المباشر'!$D$2:$D$501,'الصرف المباشر'!$C$2:$C$501,A182)-SUMPRODUCT((الطبخات!$B$2:$B$900=A182)*الطبخات!$C$2:$C$900*COUNTIF('سجل الإنتاج'!$C$2:$C$501,الطبخات!$A$2:$A$900)),3))
C183: =IF(A183="","",ROUND(SUMIFS(الإدخالات!$D$2:$D$501,الإدخالات!$C$2:$C$501,A183)+SUMIFS('تعديل الجرد'!$F$2:$F$501,'تعديل الجرد'!$C$2:$C$501,A183)-SUMIFS('الصرف المباشر'!$D$2:$D$501,'الصرف المباشر'!$C$2:$C$501,A183)-SUMPRODUCT((الطبخات!$B$2:$B$900=A183)*الطبخات!$C$2:$C$900*COUNTIF('سجل الإنتاج'!$C$2:$C$501,الطبخات!$A$2:$A$900)),3))
C184: =IF(A184="","",ROUND(SUMIFS(الإدخالات!$D$2:$D$501,الإدخالات!$C$2:$C$501,A184)+SUMIFS('تعديل الجرد'!$F$2:$F$501,'تعديل الجرد'!$C$2:$C$501,A184)-SUMIFS('الصرف المباشر'!$D$2:$D$501,'الصرف المباشر'!$C$2:$C$501,A184)-SUMPRODUCT((الطبخات!$B$2:$B$900=A184)*الطبخات!$C$2:$C$900*COUNTIF('سجل الإنتاج'!$C$2:$C$501,الطبخات!$A$2:$A$900)),3))
C185: =IF(A185="","",ROUND(SUMIFS(الإدخالات!$D$2:$D$501,الإدخالات!$C$2:$C$501,A185)+SUMIFS('تعديل الجرد'!$F$2:$F$501,'تعديل الجرد'!$C$2:$C$501,A185)-SUMIFS('الصرف المباشر'!$D$2:$D$501,'الصرف المباشر'!$C$2:$C$501,A185)-SUMPRODUCT((الطبخات!$B$2:$B$900=A185)*الطبخات!$C$2:$C$900*COUNTIF('سجل الإنتاج'!$C$2:$C$501,الطبخات!$A$2:$A$900)),3))
C186: =IF(A186="","",ROUND(SUMIFS(الإدخالات!$D$2:$D$501,الإدخالات!$C$2:$C$501,A186)+SUMIFS('تعديل الجرد'!$F$2:$F$501,'تعديل الجرد'!$C$2:$C$501,A186)-SUMIFS('الصرف المباشر'!$D$2:$D$501,'الصرف المباشر'!$C$2:$C$501,A186)-SUMPRODUCT((الطبخات!$B$2:$B$900=A186)*الطبخات!$C$2:$C$900*COUNTIF('سجل الإنتاج'!$C$2:$C$501,الطبخات!$A$2:$A$900)),3))
C187: =IF(A187="","",ROUND(SUMIFS(الإدخالات!$D$2:$D$501,الإدخالات!$C$2:$C$501,A187)+SUMIFS('تعديل الجرد'!$F$2:$F$501,'تعديل الجرد'!$C$2:$C$501,A187)-SUMIFS('الصرف المباشر'!$D$2:$D$501,'الصرف المباشر'!$C$2:$C$501,A187)-SUMPRODUCT((الطبخات!$B$2:$B$900=A187)*الطبخات!$C$2:$C$900*COUNTIF('سجل الإنتاج'!$C$2:$C$501,الطبخات!$A$2:$A$900)),3))
C188: =IF(A188="","",ROUND(SUMIFS(الإدخالات!$D$2:$D$501,الإدخالات!$C$2:$C$501,A188)+SUMIFS('تعديل الجرد'!$F$2:$F$501,'تعديل الجرد'!$C$2:$C$501,A188)-SUMIFS('الصرف المباشر'!$D$2:$D$501,'الصرف المباشر'!$C$2:$C$501,A188)-SUMPRODUCT((الطبخات!$B$2:$B$900=A188)*الطبخات!$C$2:$C$900*COUNTIF('سجل الإنتاج'!$C$2:$C$501,الطبخات!$A$2:$A$900)),3))
B189: كوستيك-قطرونة | C189: =IF(A189="","",ROUND(SUMIFS(الإدخالات!$D$2:$D$501,الإدخالات!$C$2:$C$501,A189)+SUMIFS('تعديل الجرد'!$F$2:$F$501,'تعديل الجرد'!$C$2:$C$501,A189)-SUMIFS('الصرف المباشر'!$D$2:$D$501,'الصرف المباشر'!$C$2:$C$501,A189)-SUMPRODUCT((الطبخات!$B$2:$B$900=A189)*الطبخات!$C$2:$C$900*COUNTIF('سجل الإنتاج'!$C$2:$C$501,الطبخات!$A$2:$A$900)),3))
C190: =IF(A190="","",ROUND(SUMIFS(الإدخالات!$D$2:$D$501,الإدخالات!$C$2:$C$501,A190)+SUMIFS('تعديل الجرد'!$F$2:$F$501,'تعديل الجرد'!$C$2:$C$501,A190)-SUMIFS('الصرف المباشر'!$D$2:$D$501,'الصرف المباشر'!$C$2:$C$501,A190)-SUMPRODUCT((الطبخات!$B$2:$B$900=A190)*الطبخات!$C$2:$C$900*COUNTIF('سجل الإنتاج'!$C$2:$C$501,الطبخات!$A$2:$A$900)),3))
C191: =IF(A191="","",ROUND(SUMIFS(الإدخالات!$D$2:$D$501,الإدخالات!$C$2:$C$501,A191)+SUMIFS('تعديل الجرد'!$F$2:$F$501,'تعديل الجرد'!$C$2:$C$501,A191)-SUMIFS('الصرف المباشر'!$D$2:$D$501,'الصرف المباشر'!$C$2:$C$501,A191)-SUMPRODUCT((الطبخات!$B$2:$B$900=A191)*الطبخات!$C$2:$C$900*COUNTIF('سجل الإنتاج'!$C$2:$C$501,الطبخات!$A$2:$A$900)),3))
C192: =IF(A192="","",ROUND(SUMIFS(الإدخالات!$D$2:$D$501,الإدخالات!$C$2:$C$501,A192)+SUMIFS('تعديل الجرد'!$F$2:$F$501,'تعديل الجرد'!$C$2:$C$501,A192)-SUMIFS('الصرف المباشر'!$D$2:$D$501,'الصرف المباشر'!$C$2:$C$501,A192)-SUMPRODUCT((الطبخات!$B$2:$B$900=A192)*الطبخات!$C$2:$C$900*COUNTIF('سجل الإنتاج'!$C$2:$C$501,الطبخات!$A$2:$A$900)),3))
C193: =IF(A193="","",ROUND(SUMIFS(الإدخالات!$D$2:$D$501,الإدخالات!$C$2:$C$501,A193)+SUMIFS('تعديل الجرد'!$F$2:$F$501,'تعديل الجرد'!$C$2:$C$501,A193)-SUMIFS('الصرف المباشر'!$D$2:$D$501,'الصرف المباشر'!$C$2:$C$501,A193)-SUMPRODUCT((الطبخات!$B$2:$B$900=A193)*الطبخات!$C$2:$C$900*COUNTIF('سجل الإنتاج'!$C$2:$C$501,الطبخات!$A$2:$A$900)),3))
C194: =IF(A194="","",ROUND(SUMIFS(الإدخالات!$D$2:$D$501,الإدخالات!$C$2:$C$501,A194)+SUMIFS('تعديل الجرد'!$F$2:$F$501,'تعديل الجرد'!$C$2:$C$501,A194)-SUMIFS('الصرف المباشر'!$D$2:$D$501,'الصرف المباشر'!$C$2:$C$501,A194)-SUMPRODUCT((الطبخات!$B$2:$B$900=A194)*الطبخات!$C$2:$C$900*COUNTIF('سجل الإنتاج'!$C$2:$C$501,الطبخات!$A$2:$A$900)),3))
C195: =IF(A195="","",ROUND(SUMIFS(الإدخالات!$D$2:$D$501,الإدخالات!$C$2:$C$501,A195)+SUMIFS('تعديل الجرد'!$F$2:$F$501,'تعديل الجرد'!$C$2:$C$501,A195)-SUMIFS('الصرف المباشر'!$D$2:$D$501,'الصرف المباشر'!$C$2:$C$501,A195)-SUMPRODUCT((الطبخات!$B$2:$B$900=A195)*الطبخات!$C$2:$C$900*COUNTIF('سجل الإنتاج'!$C$2:$C$501,الطبخات!$A$2:$A$900)),3))
C196: =IF(A196="","",ROUND(SUMIFS(الإدخالات!$D$2:$D$501,الإدخالات!$C$2:$C$501,A196)+SUMIFS('تعديل الجرد'!$F$2:$F$501,'تعديل الجرد'!$C$2:$C$501,A196)-SUMIFS('الصرف المباشر'!$D$2:$D$501,'الصرف المباشر'!$C$2:$C$501,A196)-SUMPRODUCT((الطبخات!$B$2:$B$900=A196)*الطبخات!$C$2:$C$900*COUNTIF('سجل الإنتاج'!$C$2:$C$501,الطبخات!$A$2:$A$900)),3))
C197: =IF(A197="","",ROUND(SUMIFS(الإدخالات!$D$2:$D$501,الإدخالات!$C$2:$C$501,A197)+SUMIFS('تعديل الجرد'!$F$2:$F$501,'تعديل الجرد'!$C$2:$C$501,A197)-SUMIFS('الصرف المباشر'!$D$2:$D$501,'الصرف المباشر'!$C$2:$C$501,A197)-SUMPRODUCT((الطبخات!$B$2:$B$900=A197)*الطبخات!$C$2:$C$900*COUNTIF('سجل الإنتاج'!$C$2:$C$501,الطبخات!$A$2:$A$900)),3))
C198: =IF(A198="","",ROUND(SUMIFS(الإدخالات!$D$2:$D$501,الإدخالات!$C$2:$C$501,A198)+SUMIFS('تعديل الجرد'!$F$2:$F$501,'تعديل الجرد'!$C$2:$C$501,A198)-SUMIFS('الصرف المباشر'!$D$2:$D$501,'الصرف المباشر'!$C$2:$C$501,A198)-SUMPRODUCT((الطبخات!$B$2:$B$900=A198)*الطبخات!$C$2:$C$900*COUNTIF('سجل الإنتاج'!$C$2:$C$501,الطبخات!$A$2:$A$900)),3))
C199: =IF(A199="","",ROUND(SUMIFS(الإدخالات!$D$2:$D$501,الإدخالات!$C$2:$C$501,A199)+SUMIFS('تعديل الجرد'!$F$2:$F$501,'تعديل الجرد'!$C$2:$C$501,A199)-SUMIFS('الصرف المباشر'!$D$2:$D$501,'الصرف المباشر'!$C$2:$C$501,A199)-SUMPRODUCT((الطبخات!$B$2:$B$900=A199)*الطبخات!$C$2:$C$900*COUNTIF('سجل الإنتاج'!$C$2:$C$501,الطبخات!$A$2:$A$900)),3))
C200: =IF(A200="","",ROUND(SUMIFS(الإدخالات!$D$2:$D$501,الإدخالات!$C$2:$C$501,A200)+SUMIFS('تعديل الجرد'!$F$2:$F$501,'تعديل الجرد'!$C$2:$C$501,A200)-SUMIFS('الصرف المباشر'!$D$2:$D$501,'الصرف المباشر'!$C$2:$C$501,A200)-SUMPRODUCT((الطبخات!$B$2:$B$900=A200)*الطبخات!$C$2:$C$900*COUNTIF('سجل الإنتاج'!$C$2:$C$501,الطبخات!$A$2:$A$900)),3))
C201: =IF(A201="","",ROUND(SUMIFS(الإدخالات!$D$2:$D$501,الإدخالات!$C$2:$C$501,A201)+SUMIFS('تعديل الجرد'!$F$2:$F$501,'تعديل الجرد'!$C$2:$C$501,A201)-SUMIFS('الصرف المباشر'!$D$2:$D$501,'الصرف المباشر'!$C$2:$C$501,A201)-SUMPRODUCT((الطبخات!$B$2:$B$900=A201)*الطبخات!$C$2:$C$900*COUNTIF('سجل الإنتاج'!$C$2:$C$501,الطبخات!$A$2:$A$900)),3))
... C220: =IF(A220="","",ROUND(SUMIFS(الإدخالات!$D$2:$D$501,الإدخالات!$C$2:$C$501,A220)+SUMIFS('تعديل الجرد'!$F$2:$F$501,'تعديل الجرد'!$C$2:$C$501,A220)-SUMIFS('الصرف المباشر'!$D$2:$D$501,'الصرف المباشر'!$C$2:$C$501,A220)-SUMPRODUCT((الطبخات!$B$2:$B$900=A220)*الطبخات!$C$2:$C$900*COUNTIF('سجل الإنتاج'!$C$2:$C$501,الطبخات!$A$2:$A$900)),3))
B221: كوستيك-قطرونة | C221: =IF(A221="","",ROUND(SUMIFS(الإدخالات!$D$2:$D$501,الإدخالات!$C$2:$C$501,A221)+SUMIFS('تعديل الجرد'!$F$2:$F$501,'تعديل الجرد'!$C$2:$C$501,A221)-SUMIFS('الصرف المباشر'!$D$2:$D$501,'الصرف المباشر'!$C$2:$C$501,A221)-SUMPRODUCT((الطبخات!$B$2:$B$900=A221)*الطبخات!$C$2:$C$900*COUNTIF('سجل الإنتاج'!$C$2:$C$501,الطبخات!$A$2:$A$900)),3))
C222: =IF(A222="","",ROUND(SUMIFS(الإدخالات!$D$2:$D$501,الإدخالات!$C$2:$C$501,A222)+SUMIFS('تعديل الجرد'!$F$2:$F$501,'تعديل الجرد'!$C$2:$C$501,A222)-SUMIFS('الصرف المباشر'!$D$2:$D$501,'الصرف المباشر'!$C$2:$C$501,A222)-SUMPRODUCT((الطبخات!$B$2:$B$900=A222)*الطبخات!$C$2:$C$900*COUNTIF('سجل الإنتاج'!$C$2:$C$501,الطبخات!$A$2:$A$900)),3))
C223: =IF(A223="","",ROUND(SUMIFS(الإدخالات!$D$2:$D$501,الإدخالات!$C$2:$C$501,A223)+SUMIFS('تعديل الجرد'!$F$2:$F$501,'تعديل الجرد'!$C$2:$C$501,A223)-SUMIFS('الصرف المباشر'!$D$2:$D$501,'الصرف المباشر'!$C$2:$C$501,A223)-SUMPRODUCT((الطبخات!$B$2:$B$900=A223)*الطبخات!$C$2:$C$900*COUNTIF('سجل الإنتاج'!$C$2:$C$501,الطبخات!$A$2:$A$900)),3))
C224: =IF(A224="","",ROUND(SUMIFS(الإدخالات!$D$2:$D$501,الإدخالات!$C$2:$C$501,A224)+SUMIFS('تعديل الجرد'!$F$2:$F$501,'تعديل الجرد'!$C$2:$C$501,A224)-SUMIFS('الصرف المباشر'!$D$2:$D$501,'الصرف المباشر'!$C$2:$C$501,A224)-SUMPRODUCT((الطبخات!$B$2:$B$900=A224)*الطبخات!$C$2:$C$900*COUNTIF('سجل الإنتاج'!$C$2:$C$501,الطبخات!$A$2:$A$900)),3))
C225: =IF(A225="","",ROUND(SUMIFS(الإدخالات!$D$2:$D$501,الإدخالات!$C$2:$C$501,A225)+SUMIFS('تعديل الجرد'!$F$2:$F$501,'تعديل الجرد'!$C$2:$C$501,A225)-SUMIFS('الصرف المباشر'!$D$2:$D$501,'الصرف المباشر'!$C$2:$C$501,A225)-SUMPRODUCT((الطبخات!$B$2:$B$900=A225)*الطبخات!$C$2:$C$900*COUNTIF('سجل الإنتاج'!$C$2:$C$501,الطبخات!$A$2:$A$900)),3))
C226: =IF(A226="","",ROUND(SUMIFS(الإدخالات!$D$2:$D$501,الإدخالات!$C$2:$C$501,A226)+SUMIFS('تعديل الجرد'!$F$2:$F$501,'تعديل الجرد'!$C$2:$C$501,A226)-SUMIFS('الصرف المباشر'!$D$2:$D$501,'الصرف المباشر'!$C$2:$C$501,A226)-SUMPRODUCT((الطبخات!$B$2:$B$900=A226)*الطبخات!$C$2:$C$900*COUNTIF('سجل الإنتاج'!$C$2:$C$501,الطبخات!$A$2:$A$900)),3))
C227: =IF(A227="","",ROUND(SUMIFS(الإدخالات!$D$2:$D$501,الإدخالات!$C$2:$C$501,A227)+SUMIFS('تعديل الجرد'!$F$2:$F$501,'تعديل الجرد'!$C$2:$C$501,A227)-SUMIFS('الصرف المباشر'!$D$2:$D$501,'الصرف المباشر'!$C$2:$C$501,A227)-SUMPRODUCT((الطبخات!$B$2:$B$900=A227)*الطبخات!$C$2:$C$900*COUNTIF('سجل الإنتاج'!$C$2:$C$501,الطبخات!$A$2:$A$900)),3))
C228: =IF(A228="","",ROUND(SUMIFS(الإدخالات!$D$2:$D$501,الإدخالات!$C$2:$C$501,A228)+SUMIFS('تعديل الجرد'!$F$2:$F$501,'تعديل الجرد'!$C$2:$C$501,A228)-SUMIFS('الصرف المباشر'!$D$2:$D$501,'الصرف المباشر'!$C$2:$C$501,A228)-SUMPRODUCT((الطبخات!$B$2:$B$900=A228)*الطبخات!$C$2:$C$900*COUNTIF('سجل الإنتاج'!$C$2:$C$501,الطبخات!$A$2:$A$900)),3))
C229: =IF(A229="","",ROUND(SUMIFS(الإدخالات!$D$2:$D$501,الإدخالات!$C$2:$C$501,A229)+SUMIFS('تعديل الجرد'!$F$2:$F$501,'تعديل الجرد'!$C$2:$C$501,A229)-SUMIFS('الصرف المباشر'!$D$2:$D$501,'الصرف المباشر'!$C$2:$C$501,A229)-SUMPRODUCT((الطبخات!$B$2:$B$900=A229)*الطبخات!$C$2:$C$900*COUNTIF('سجل الإنتاج'!$C$2:$C$501,الطبخات!$A$2:$A$900)),3))
C230: =IF(A230="","",ROUND(SUMIFS(الإدخالات!$D$2:$D$501,الإدخالات!$C$2:$C$501,A230)+SUMIFS('تعديل الجرد'!$F$2:$F$501,'تعديل الجرد'!$C$2:$C$501,A230)-SUMIFS('الصرف المباشر'!$D$2:$D$501,'الصرف المباشر'!$C$2:$C$501,A230)-SUMPRODUCT((الطبخات!$B$2:$B$900=A230)*الطبخات!$C$2:$C$900*COUNTIF('سجل الإنتاج'!$C$2:$C$501,الطبخات!$A$2:$A$900)),3))
C231: =IF(A231="","",ROUND(SUMIFS(الإدخالات!$D$2:$D$501,الإدخالات!$C$2:$C$501,A231)+SUMIFS('تعديل الجرد'!$F$2:$F$501,'تعديل الجرد'!$C$2:$C$501,A231)-SUMIFS('الصرف المباشر'!$D$2:$D$501,'الصرف المباشر'!$C$2:$C$501,A231)-SUMPRODUCT((الطبخات!$B$2:$B$900=A231)*الطبخات!$C$2:$C$900*COUNTIF('سجل الإنتاج'!$C$2:$C$501,الطبخات!$A$2:$A$900)),3))
B232: كوستيك-قطرونة | C232: =IF(A232="","",ROUND(SUMIFS(الإدخالات!$D$2:$D$501,الإدخالات!$C$2:$C$501,A232)+SUMIFS('تعديل الجرد'!$F$2:$F$501,'تعديل الجرد'!$C$2:$C$501,A232)-SUMIFS('الصرف المباشر'!$D$2:$D$501,'الصرف المباشر'!$C$2:$C$501,A232)-SUMPRODUCT((الطبخات!$B$2:$B$900=A232)*الطبخات!$C$2:$C$900*COUNTIF('سجل الإنتاج'!$C$2:$C$501,الطبخات!$A$2:$A$900)),3))
C233: =IF(A233="","",ROUND(SUMIFS(الإدخالات!$D$2:$D$501,الإدخالات!$C$2:$C$501,A233)+SUMIFS('تعديل الجرد'!$F$2:$F$501,'تعديل الجرد'!$C$2:$C$501,A233)-SUMIFS('الصرف المباشر'!$D$2:$D$501,'الصرف المباشر'!$C$2:$C$501,A233)-SUMPRODUCT((الطبخات!$B$2:$B$900=A233)*الطبخات!$C$2:$C$900*COUNTIF('سجل الإنتاج'!$C$2:$C$501,الطبخات!$A$2:$A$900)),3))
C234: =IF(A234="","",ROUND(SUMIFS(الإدخالات!$D$2:$D$501,الإدخالات!$C$2:$C$501,A234)+SUMIFS('تعديل الجرد'!$F$2:$F$501,'تعديل الجرد'!$C$2:$C$501,A234)-SUMIFS('الصرف المباشر'!$D$2:$D$501,'الصرف المباشر'!$C$2:$C$501,A234)-SUMPRODUCT((الطبخات!$B$2:$B$900=A234)*الطبخات!$C$2:$C$900*COUNTIF('سجل الإنتاج'!$C$2:$C$501,الطبخات!$A$2:$A$900)),3))
C235: =IF(A235="","",ROUND(SUMIFS(الإدخالات!$D$2:$D$501,الإدخالات!$C$2:$C$501,A235)+SUMIFS('تعديل الجرد'!$F$2:$F$501,'تعديل الجرد'!$C$2:$C$501,A235)-SUMIFS('الصرف المباشر'!$D$2:$D$501,'الصرف المباشر'!$C$2:$C$501,A235)-SUMPRODUCT((الطبخات!$B$2:$B$900=A235)*الطبخات!$C$2:$C$900*COUNTIF('سجل الإنتاج'!$C$2:$C$501,الطبخات!$A$2:$A$900)),3))
C236: =IF(A236="","",ROUND(SUMIFS(الإدخالات!$D$2:$D$501,الإدخالات!$C$2:$C$501,A236)+SUMIFS('تعديل الجرد'!$F$2:$F$501,'تعديل الجرد'!$C$2:$C$501,A236)-SUMIFS('الصرف المباشر'!$D$2:$D$501,'الصرف المباشر'!$C$2:$C$501,A236)-SUMPRODUCT((الطبخات!$B$2:$B$900=A236)*الطبخات!$C$2:$C$900*COUNTIF('سجل الإنتاج'!$C$2:$C$501,الطبخات!$A$2:$A$900)),3))
C237: =IF(A237="","",ROUND(SUMIFS(الإدخالات!$D$2:$D$501,الإدخالات!$C$2:$C$501,A237)+SUMIFS('تعديل الجرد'!$F$2:$F$501,'تعديل الجرد'!$C$2:$C$501,A237)-SUMIFS('الصرف المباشر'!$D$2:$D$501,'الصرف المباشر'!$C$2:$C$501,A237)-SUMPRODUCT((الطبخات!$B$2:$B$900=A237)*الطبخات!$C$2:$C$900*COUNTIF('سجل الإنتاج'!$C$2:$C$501,الطبخات!$A$2:$A$900)),3))
C238: =IF(A238="","",ROUND(SUMIFS(الإدخالات!$D$2:$D$501,الإدخالات!$C$2:$C$501,A238)+SUMIFS('تعديل الجرد'!$F$2:$F$501,'تعديل الجرد'!$C$2:$C$501,A238)-SUMIFS('الصرف المباشر'!$D$2:$D$501,'الصرف المباشر'!$C$2:$C$501,A238)-SUMPRODUCT((الطبخات!$B$2:$B$900=A238)*الطبخات!$C$2:$C$900*COUNTIF('سجل الإنتاج'!$C$2:$C$501,الطبخات!$A$2:$A$900)),3))
C239: =IF(A239="","",ROUND(SUMIFS(الإدخالات!$D$2:$D$501,الإدخالات!$C$2:$C$501,A239)+SUMIFS('تعديل الجرد'!$F$2:$F$501,'تعديل الجرد'!$C$2:$C$501,A239)-SUMIFS('الصرف المباشر'!$D$2:$D$501,'الصرف المباشر'!$C$2:$C$501,A239)-SUMPRODUCT((الطبخات!$B$2:$B$900=A239)*الطبخات!$C$2:$C$900*COUNTIF('سجل الإنتاج'!$C$2:$C$501,الطبخات!$A$2:$A$900)),3))
C240: =IF(A240="","",ROUND(SUMIFS(الإدخالات!$D$2:$D$501,الإدخالات!$C$2:$C$501,A240)+SUMIFS('تعديل الجرد'!$F$2:$F$501,'تعديل الجرد'!$C$2:$C$501,A240)-SUMIFS('الصرف المباشر'!$D$2:$D$501,'الصرف المباشر'!$C$2:$C$501,A240)-SUMPRODUCT((الطبخات!$B$2:$B$900=A240)*الطبخات!$C$2:$C$900*COUNTIF('سجل الإنتاج'!$C$2:$C$501,الطبخات!$A$2:$A$900)),3))
C241: =IF(A241="","",ROUND(SUMIFS(الإدخالات!$D$2:$D$501,الإدخالات!$C$2:$C$501,A241)+SUMIFS('تعديل الجرد'!$F$2:$F$501,'تعديل الجرد'!$C$2:$C$501,A241)-SUMIFS('الصرف المباشر'!$D$2:$D$501,'الصرف المباشر'!$C$2:$C$501,A241)-SUMPRODUCT((الطبخات!$B$2:$B$900=A241)*الطبخات!$C$2:$C$900*COUNTIF('سجل الإنتاج'!$C$2:$C$501,الطبخات!$A$2:$A$900)),3))
C242: =IF(A242="","",ROUND(SUMIFS(الإدخالات!$D$2:$D$501,الإدخالات!$C$2:$C$501,A242)+SUMIFS('تعديل الجرد'!$F$2:$F$501,'تعديل الجرد'!$C$2:$C$501,A242)-SUMIFS('الصرف المباشر'!$D$2:$D$501,'الصرف المباشر'!$C$2:$C$501,A242)-SUMPRODUCT((الطبخات!$B$2:$B$900=A242)*الطبخات!$C$2:$C$900*COUNTIF('سجل الإنتاج'!$C$2:$C$501,الطبخات!$A$2:$A$900)),3))
C243: =IF(A243="","",ROUND(SUMIFS(الإدخالات!$D$2:$D$501,الإدخالات!$C$2:$C$501,A243)+SUMIFS('تعديل الجرد'!$F$2:$F$501,'تعديل الجرد'!$C$2:$C$501,A243)-SUMIFS('الصرف المباشر'!$D$2:$D$501,'الصرف المباشر'!$C$2:$C$501,A243)-SUMPRODUCT((الطبخات!$B$2:$B$900=A243)*الطبخات!$C$2:$C$900*COUNTIF('سجل الإنتاج'!$C$2:$C$501,الطبخات!$A$2:$A$900)),3))
C244: =IF(A244="","",ROUND(SUMIFS(الإدخالات!$D$2:$D$501,الإدخالات!$C$2:$C$501,A244)+SUMIFS('تعديل الجرد'!$F$2:$F$501,'تعديل الجرد'!$C$2:$C$501,A244)-SUMIFS('الصرف المباشر'!$D$2:$D$501,'الصرف المباشر'!$C$2:$C$501,A244)-SUMPRODUCT((الطبخات!$B$2:$B$900=A244)*الطبخات!$C$2:$C$900*COUNTIF('سجل الإنتاج'!$C$2:$C$501,الطبخات!$A$2:$A$900)),3))
... C319: =IF(A319="","",ROUND(SUMIFS(الإدخالات!$D$2:$D$501,الإدخالات!$C$2:$C$501,A319)+SUMIFS('تعديل الجرد'!$F$2:$F$501,'تعديل الجرد'!$C$2:$C$501,A319)-SUMIFS('الصرف المباشر'!$D$2:$D$501,'الصرف المباشر'!$C$2:$C$501,A319)-SUMPRODUCT((الطبخات!$B$2:$B$900=A319)*الطبخات!$C$2:$C$900*COUNTIF('سجل الإنتاج'!$C$2:$C$501,الطبخات!$A$2:$A$900)),3))
B360: حمض الخل

Sheet الطبخات
A1: اسم الطبخة | B1: المادة | C1: الكمية | D1: الوحدة | E1: ملاحظات | F1: أول ظهور (مساعد - لا يُعدَّل) | G1: ترتيب مضغوط (مساعد - لا يُعدَّل)
A2: دوا غسيل بودرا 157 كغ - ببوري | B2: دواء غسيل نصف مصنع | C2: 105 | D2: كغ | F2: =IF(AND($A2<>"",COUNTIF($A$2:A2,$A2)=1),$A2,"") -> دوا غسيل بودرا 157 كغ - ببوري | G2: =IF($F2<>"",SUMPRODUCT(($F$2:F2<>"")*1),"") -> 1
A3: دوا غسيل بودرا 157 كغ - ببوري | B3: ملح | C3: 40 | D3: كغ | F3: =IF(AND($A3<>"",COUNTIF($A$2:A3,$A3)=1),$A3,"") | G3: =IF($F3<>"",SUMPRODUCT(($F$2:F3<>"")*1),"")
A4: دوا غسيل بودرا 157 كغ - ببوري | B4: عطر-ببوري ultimate-mixture - 485797 | C4: 1 | D4: كغ | F4: =IF(AND($A4<>"",COUNTIF($A$2:A4,$A4)=1),$A4,"") | G4: =IF($F4<>"",SUMPRODUCT(($F$2:F4<>"")*1),"")
A5: دوا غسيل بودرا 157 كغ - ببوري | B5: حبيبات ملونة | C5: 11 | D5: =IFERROR(INDEX(المواد!$B$2:$B$319,MATCH(B5,المواد!$A$2:$A$319,0)),"") -> كغ | F5: =IF(AND($A5<>"",COUNTIF($A$2:A5,$A5)=1),$A5,"") | G5: =IF($F5<>"",SUMPRODUCT(($F$2:F5<>"")*1),"")
A6: دوا غسيل بودرا 157 كغ - ببوري | B6: مانع رغوة سيليكون | C6: 210 | D6: =IFERROR(INDEX(المواد!$B$2:$B$319,MATCH(B6,المواد!$A$2:$A$319,0)),"") -> كغ | F6: =IF(AND($A6<>"",COUNTIF($A$2:A6,$A6)=1),$A6,"") | G6: =IF($F6<>"",SUMPRODUCT(($F$2:F6<>"")*1),"")
A7: دوا غسيل بودرا 45كغ مصنع | B7: دواء غسيل نصف مصنع | C7: 45 | D7: =IFERROR(INDEX(المواد!$B$2:$B$319,MATCH(B7,المواد!$A$2:$A$319,0)),"") -> كغ | F7: =IF(AND($A7<>"",COUNTIF($A$2:A7,$A7)=1),$A7,"") -> دوا غسيل بودرا 45كغ مصنع | G7: =IF($F7<>"",SUMPRODUCT(($F$2:F7<>"")*1),"") -> 2
A8: دوا غسيل بودرا 45كغ مصنع | B8: ملح | C8: 18 | D8: =IFERROR(INDEX(المواد!$B$2:$B$319,MATCH(B8,المواد!$A$2:$A$319,0)),"") -> كغ | F8: =IF(AND($A8<>"",COUNTIF($A$2:A8,$A8)=1),$A8,"") | G8: =IF($F8<>"",SUMPRODUCT(($F$2:F8<>"")*1),"")
A9: دوا غسيل بودرا 45كغ مصنع | B9: عطر-ببوري ultimate-mixture - 485797 | C9: 0.45 | D9: =IFERROR(INDEX(المواد!$B$2:$B$319,MATCH(B9,المواد!$A$2:$A$319,0)),"") -> كغ | F9: =IF(AND($A9<>"",COUNTIF($A$2:A9,$A9)=1),$A9,"") | G9: =IF($F9<>"",SUMPRODUCT(($F$2:F9<>"")*1),"")
A10: دوا غسيل بودرا 45كغ مصنع | B10: حبيبات ملونة | C10: 5 | D10: =IFERROR(INDEX(المواد!$B$2:$B$319,MATCH(B10,المواد!$A$2:$A$319,0)),"") -> كغ | F10: =IF(AND($A10<>"",COUNTIF($A$2:A10,$A10)=1),$A10,"") | G10: =IF($F10<>"",SUMPRODUCT(($F$2:F10<>"")*1),"")
A11: دوا غسيل بودرا 45كغ مصنع | B11: مانع رغوة سيليكون | C11: 95 | D11: =IFERROR(INDEX(المواد!$B$2:$B$319,MATCH(B11,المواد!$A$2:$A$319,0)),"") -> كغ | F11: =IF(AND($A11<>"",COUNTIF($A$2:A11,$A11)=1),$A11,"") | G11: =IF($F11<>"",SUMPRODUCT(($F$2:F11<>"")*1),"")
A12: دوا غسيل بودرا 60 كغ -عطر ببوري | B12: دواء غسيل نصف مصنع | C12: 60 | D12: =IFERROR(INDEX(المواد!$B$2:$B$319,MATCH(B12,المواد!$A$2:$A$319,0)),"") -> كغ | F12: =IF(AND($A12<>"",COUNTIF($A$2:A12,$A12)=1),$A12,"") -> دوا غسيل بودرا 60 كغ -عطر ببوري | G12: =IF($F12<>"",SUMPRODUCT(($F$2:F12<>"")*1),"") -> 3
A13: دوا غسيل بودرا 60 كغ -عطر ببوري | B13: ملح | C13: 24 | D13: =IFERROR(INDEX(المواد!$B$2:$B$319,MATCH(B13,المواد!$A$2:$A$319,0)),"") -> كغ | F13: =IF(AND($A13<>"",COUNTIF($A$2:A13,$A13)=1),$A13,"") | G13: =IF($F13<>"",SUMPRODUCT(($F$2:F13<>"")*1),"")
A14: دوا غسيل بودرا 60 كغ -عطر ببوري | B14: عطر-ببوري ultimate-mixture - 485797 | C14: 0.6 | D14: =IFERROR(INDEX(المواد!$B$2:$B$319,MATCH(B14,المواد!$A$2:$A$319,0)),"") -> كغ | F14: =IF(AND($A14<>"",COUNTIF($A$2:A14,$A14)=1),$A14,"") | G14: =IF($F14<>"",SUMPRODUCT(($F$2:F14<>"")*1),"")
A15: دوا غسيل بودرا 60 كغ -عطر ببوري | B15: حبيبات ملونة | C15: 6.6 | D15: =IFERROR(INDEX(المواد!$B$2:$B$319,MATCH(B15,المواد!$A$2:$A$319,0)),"") -> كغ | F15: =IF(AND($A15<>"",COUNTIF($A$2:A15,$A15)=1),$A15,"") | G15: =IF($F15<>"",SUMPRODUCT(($F$2:F15<>"")*1),"")
A16: دوا غسيل بودرا 60 كغ -عطر ببوري | B16: مانع رغوة سيليكون | C16: 126 | D16: =IFERROR(INDEX(المواد!$B$2:$B$319,MATCH(B16,المواد!$A$2:$A$319,0)),"") -> كغ | F16: =IF(AND($A16<>"",COUNTIF($A$2:A16,$A16)=1),$A16,"") | G16: =IF($F16<>"",SUMPRODUCT(($F$2:F16<>"")*1),"")
... A23: صابون سائل رمان - لافندر | B23: عطر-رمان apple grandada - 322730 | C23: 2 | D23: =IFERROR(INDEX(المواد!$B$2:$B$319,MATCH(B23,المواد!$A$2:$A$319,0)),"") -> كغ | F23: =IF(AND($A23<>"",COUNTIF($A$2:A23,$A23)=1),$A23,"") | G23: =IF($F23<>"",SUMPRODUCT(($F$2:F23<>"")*1),"")
A24: صابون سائل رمان - لافندر | B24: صبغة | D24: =IFERROR(INDEX(المواد!$B$2:$B$319,MATCH(B24,المواد!$A$2:$A$319,0)),"") -> كغ | F24: =IF(AND($A24<>"",COUNTIF($A$2:A24,$A24)=1),$A24,"") | G24: =IF($F24<>"",SUMPRODUCT(($F$2:F24<>"")*1),"")
A25: صابون سائل رمان - لافندر | B25: ماء مقطرة | C25: 800 | D25: =IFERROR(INDEX(المواد!$B$2:$B$319,MATCH(B25,المواد!$A$2:$A$319,0)),"") -> كغ | F25: =IF(AND($A25<>"",COUNTIF($A$2:A25,$A25)=1),$A25,"") | G25: =IF($F25<>"",SUMPRODUCT(($F$2:F25<>"")*1),"")
A26: صابون سائل رمان - لافندر | B26: حمض الليمون | D26: =IFERROR(INDEX(المواد!$B$2:$B$319,MATCH(B26,المواد!$A$2:$A$319,0)),"") -> كغ | F26: =IF(AND($A26<>"",COUNTIF($A$2:A26,$A26)=1),$A26,"") | G26: =IF($F26<>"",SUMPRODUCT(($F$2:F26<>"")*1),"")
A27: صابون سائل عود | B27: تكسبون | C27: 120 | D27: =IFERROR(INDEX(المواد!$B$2:$B$319,MATCH(B27,المواد!$A$2:$A$319,0)),"") -> كغ | F27: =IF(AND($A27<>"",COUNTIF($A$2:A27,$A27)=1),$A27,"") -> صابون سائل عود | G27: =IF($F27<>"",SUMPRODUCT(($F$2:F27<>"")*1),"") -> 5
A28: صابون سائل عود | B28: زفتة | C28: 40 | D28: =IFERROR(INDEX(المواد!$B$2:$B$319,MATCH(B28,المواد!$A$2:$A$319,0)),"") -> كغ | F28: =IF(AND($A28<>"",COUNTIF($A$2:A28,$A28)=1),$A28,"") | G28: =IF($F28<>"",SUMPRODUCT(($F$2:F28<>"")*1),"")
A29: صابون سائل عود | B29: كوستيك-قطرونة | C29: 5 | D29: =IFERROR(INDEX(المواد!$B$2:$B$319,MATCH(B29,المواد!$A$2:$A$319,0)),"") -> كغ | F29: =IF(AND($A29<>"",COUNTIF($A$2:A29,$A29)=1),$A29,"") | G29: =IF($F29<>"",SUMPRODUCT(($F$2:F29<>"")*1),"")
A30: صابون سائل عود | B30: غليسيرين | C30: 5 | D30: =IFERROR(INDEX(المواد!$B$2:$B$319,MATCH(B30,المواد!$A$2:$A$319,0)),"") -> كغ | F30: =IF(AND($A30<>"",COUNTIF($A$2:A30,$A30)=1),$A30,"") | G30: =IF($F30<>"",SUMPRODUCT(($F$2:F30<>"")*1),"")
A31: صابون سائل عود | B31: فورمول ( سم ) | C31: 1.5 | D31: =IFERROR(INDEX(المواد!$B$2:$B$319,MATCH(B31,المواد!$A$2:$A$319,0)),"") -> كغ | F31: =IF(AND($A31<>"",COUNTIF($A$2:A31,$A31)=1),$A31,"") | G31: =IF($F31<>"",SUMPRODUCT(($F$2:F31<>"")*1),"")
A32: صابون سائل عود | B32: بيتائين | C32: 20 | D32: =IFERROR(INDEX(المواد!$B$2:$B$319,MATCH(B32,المواد!$A$2:$A$319,0)),"") -> كغ | F32: =IF(AND($A32<>"",COUNTIF($A$2:A32,$A32)=1),$A32,"") | G32: =IF($F32<>"",SUMPRODUCT(($F$2:F32<>"")*1),"")
A33: صابون سائل عود | B33: عطر عود | C33: 2 | D33: =IFERROR(INDEX(المواد!$B$2:$B$319,MATCH(B33,المواد!$A$2:$A$319,0)),"") -> كغ | F33: =IF(AND($A33<>"",COUNTIF($A$2:A33,$A33)=1),$A33,"") | G33: =IF($F33<>"",SUMPRODUCT(($F$2:F33<>"")*1),"")
A34: صابون سائل عود | B34: صبغة | D34: =IFERROR(INDEX(المواد!$B$2:$B$319,MATCH(B34,المواد!$A$2:$A$319,0)),"") -> كغ | F34: =IF(AND($A34<>"",COUNTIF($A$2:A34,$A34)=1),$A34,"") | G34: =IF($F34<>"",SUMPRODUCT(($F$2:F34<>"")*1),"")
A35: صابون سائل عود | B35: ماء مقطرة | C35: 800 | D35: =IFERROR(INDEX(المواد!$B$2:$B$319,MATCH(B35,المواد!$A$2:$A$319,0)),"") -> كغ | F35: =IF(AND($A35<>"",COUNTIF($A$2:A35,$A35)=1),$A35,"") | G35: =IF($F35<>"",SUMPRODUCT(($F$2:F35<>"")*1),"")
A36: صابون سائل عود | B36: حمض الليمون | D36: =IFERROR(INDEX(المواد!$B$2:$B$319,MATCH(B36,المواد!$A$2:$A$319,0)),"") -> كغ | F36: =IF(AND($A36<>"",COUNTIF($A$2:A36,$A36)=1),$A36,"") | G36: =IF($F36<>"",SUMPRODUCT(($F$2:F36<>"")*1),"")
A37: صابون سائل ماء الذهب | B37: تكسبون | C37: 120 | D37: =IFERROR(INDEX(المواد!$B$2:$B$319,MATCH(B37,المواد!$A$2:$A$319,0)),"") -> كغ | F37: =IF(AND($A37<>"",COUNTIF($A$2:A37,$A37)=1),$A37,"") -> صابون سائل ماء الذهب | G37: =IF($F37<>"",SUMPRODUCT(($F$2:F37<>"")*1),"") -> 6
A38: صابون سائل ماء الذهب | B38: زفتة | C38: 40 | D38: =IFERROR(INDEX(المواد!$B$2:$B$319,MATCH(B38,المواد!$A$2:$A$319,0)),"") -> كغ | F38: =IF(AND($A38<>"",COUNTIF($A$2:A38,$A38)=1),$A38,"") | G38: =IF($F38<>"",SUMPRODUCT(($F$2:F38<>"")*1),"")
A39: صابون سائل ماء الذهب | B39: كوستيك-قطرونة | C39: 5 | D39: =IFERROR(INDEX(المواد!$B$2:$B$319,MATCH(B39,المواد!$A$2:$A$319,0)),"") -> كغ | F39: =IF(AND($A39<>"",COUNTIF($A$2:A39,$A39)=1),$A39,"") | G39: =IF($F39<>"",SUMPRODUCT(($F$2:F39<>"")*1),"")
A40: صابون سائل ماء الذهب | B40: غليسيرين | C40: 5 | D40: =IFERROR(INDEX(المواد!$B$2:$B$319,MATCH(B40,المواد!$A$2:$A$319,0)),"") -> كغ | F40: =IF(AND($A40<>"",COUNTIF($A$2:A40,$A40)=1),$A40,"") | G40: =IF($F40<>"",SUMPRODUCT(($F$2:F40<>"")*1),"")
A41: صابون سائل ماء الذهب | B41: فورمول ( سم ) | C41: 1.5 | D41: =IFERROR(INDEX(المواد!$B$2:$B$319,MATCH(B41,المواد!$A$2:$A$319,0)),"") -> كغ | F41: =IF(AND($A41<>"",COUNTIF($A$2:A41,$A41)=1),$A41,"") | G41: =IF($F41<>"",SUMPRODUCT(($F$2:F41<>"")*1),"")
A42: صابون سائل ماء الذهب | B42: بيتائين | C42: 20 | D42: =IFERROR(INDEX(المواد!$B$2:$B$319,MATCH(B42,المواد!$A$2:$A$319,0)),"") -> كغ | F42: =IF(AND($A42<>"",COUNTIF($A$2:A42,$A42)=1),$A42,"") | G42: =IF($F42<>"",SUMPRODUCT(($F$2:F42<>"")*1),"")
A43: صابون سائل ماء الذهب | B43: عطر-سلطان | C43: 2 | D43: =IFERROR(INDEX(المواد!$B$2:$B$319,MATCH(B43,المواد!$A$2:$A$319,0)),"") -> كغ | F43: =IF(AND($A43<>"",COUNTIF($A$2:A43,$A43)=1),$A43,"") | G43: =IF($F43<>"",SUMPRODUCT(($F$2:F43<>"")*1),"")
A44: صابون سائل ماء الذهب | B44: صبغة | D44: =IFERROR(INDEX(المواد!$B$2:$B$319,MATCH(B44,المواد!$A$2:$A$319,0)),"") -> كغ | F44: =IF(AND($A44<>"",COUNTIF($A$2:A44,$A44)=1),$A44,"") | G44: =IF($F44<>"",SUMPRODUCT(($F$2:F44<>"")*1),"")
A45: صابون سائل ماء الذهب | B45: ماء مقطرة | C45: 800 | D45: =IFERROR(INDEX(المواد!$B$2:$B$319,MATCH(B45,المواد!$A$2:$A$319,0)),"") -> كغ | F45: =IF(AND($A45<>"",COUNTIF($A$2:A45,$A45)=1),$A45,"") | G45: =IF($F45<>"",SUMPRODUCT(($F$2:F45<>"")*1),"")
A46: صابون سائل ماء الذهب | B46: حمض الليمون | D46: =IFERROR(INDEX(المواد!$B$2:$B$319,MATCH(B46,المواد!$A$2:$A$319,0)),"") -> كغ | F46: =IF(AND($A46<>"",COUNTIF($A$2:A46,$A46)=1),$A46,"") | G46: =IF($F46<>"",SUMPRODUCT(($F$2:F46<>"")*1),"")
A47: صابون سادة | B47: تكسبون | C47: 120 | D47: =IFERROR(INDEX(المواد!$B$2:$B$319,MATCH(B47,المواد!$A$2:$A$319,0)),"") -> كغ | F47: =IF(AND($A47<>"",COUNTIF($A$2:A47,$A47)=1),$A47,"") -> صابون سادة | G47: =IF($F47<>"",SUMPRODUCT(($F$2:F47<>"")*1),"") -> 7
A48: صابون سادة | B48: زفتة | C48: 40 | D48: =IFERROR(INDEX(المواد!$B$2:$B$319,MATCH(B48,المواد!$A$2:$A$319,0)),"") -> كغ | F48: =IF(AND($A48<>"",COUNTIF($A$2:A48,$A48)=1),$A48,"") | G48: =IF($F48<>"",SUMPRODUCT(($F$2:F48<>"")*1),"")
A49: صابون سادة | B49: كوستيك-قطرونة | C49: 5 | D49: =IFERROR(INDEX(المواد!$B$2:$B$319,MATCH(B49,المواد!$A$2:$A$319,0)),"") -> كغ | F49: =IF(AND($A49<>"",COUNTIF($A$2:A49,$A49)=1),$A49,"") | G49: =IF($F49<>"",SUMPRODUCT(($F$2:F49<>"")*1),"")
A50: زيت الصنوبر | B50: غليسيرين | C50: 5 | D50: =IFERROR(INDEX(المواد!$B$2:$B$319,MATCH(B50,المواد!$A$2:$A$319,0)),"") -> كغ | F50: =IF(AND($A50<>"",COUNTIF($A$2:A50,$A50)=1),$A50,"") -> زيت الصنوبر | G50: =IF($F50<>"",SUMPRODUCT(($F$2:F50<>"")*1),"") -> 8
A51: صابون سادة | B51: فورمول ( سم ) | C51: 1.5 | D51: =IFERROR(INDEX(المواد!$B$2:$B$319,MATCH(B51,المواد!$A$2:$A$319,0)),"") -> كغ | F51: =IF(AND($A51<>"",COUNTIF($A$2:A51,$A51)=1),$A51,"") | G51: =IF($F51<>"",SUMPRODUCT(($F$2:F51<>"")*1),"")
A52: صابون سادة | B52: بيتائين | C52: 20 | D52: =IFERROR(INDEX(المواد!$B$2:$B$319,MATCH(B52,المواد!$A$2:$A$319,0)),"") -> كغ | F52: =IF(AND($A52<>"",COUNTIF($A$2:A52,$A52)=1),$A52,"") | G52: =IF($F52<>"",SUMPRODUCT(($F$2:F52<>"")*1),"")
A53: صابون سادة | B53: صبغة | D53: =IFERROR(INDEX(المواد!$B$2:$B$319,MATCH(B53,المواد!$A$2:$A$319,0)),"") -> كغ | F53: =IF(AND($A53<>"",COUNTIF($A$2:A53,$A53)=1),$A53,"") | G53: =IF($F53<>"",SUMPRODUCT(($F$2:F53<>"")*1),"")
A54: صابون سادة | B54: ماء مقطرة | C54: 800 | D54: =IFERROR(INDEX(المواد!$B$2:$B$319,MATCH(B54,المواد!$A$2:$A$319,0)),"") -> كغ | F54: =IF(AND($A54<>"",COUNTIF($A$2:A54,$A54)=1),$A54,"") | G54: =IF($F54<>"",SUMPRODUCT(($F$2:F54<>"")*1),"")
A55: صابون سادة | B55: حمض الليمون | D55: =IFERROR(INDEX(المواد!$B$2:$B$319,MATCH(B55,المواد!$A$2:$A$319,0)),"") -> كغ | F55: =IF(AND($A55<>"",COUNTIF($A$2:A55,$A55)=1),$A55,"") | G55: =IF($F55<>"",SUMPRODUCT(($F$2:F55<>"")*1),"")
A56: طبخة الشامبو | B56: تكسبون | C56: 140 | D56: =IFERROR(INDEX(المواد!$B$2:$B$319,MATCH(B56,المواد!$A$2:$A$319,0)),"") -> كغ | F56: =IF(AND($A56<>"",COUNTIF($A$2:A56,$A56)=1),$A56,"") -> طبخة الشامبو | G56: =IF($F56<>"",SUMPRODUCT(($F$2:F56<>"")*1),"") -> 9
A57: طبخة الشامبو | B57: كمبرلان | C57: 30 | D57: =IFERROR(INDEX(المواد!$B$2:$B$319,MATCH(B57,المواد!$A$2:$A$319,0)),"") -> كغ | F57: =IF(AND($A57<>"",COUNTIF($A$2:A57,$A57)=1),$A57,"") | G57: =IF($F57<>"",SUMPRODUCT(($F$2:F57<>"")*1),"")
A58: طبخة الشامبو | B58: بيتائين | C58: 50 | D58: =IFERROR(INDEX(المواد!$B$2:$B$319,MATCH(B58,المواد!$A$2:$A$319,0)),"") -> كغ | F58: =IF(AND($A58<>"",COUNTIF($A$2:A58,$A58)=1),$A58,"") | G58: =IF($F58<>"",SUMPRODUCT(($F$2:F58<>"")*1),"")
A59: طبخة الشامبو | B59: ماء بلسم | C59: 10 | D59: =IFERROR(INDEX(المواد!$B$2:$B$319,MATCH(B59,المواد!$A$2:$A$319,0)),"") -> كغ | F59: =IF(AND($A59<>"",COUNTIF($A$2:A59,$A59)=1),$A59,"") | G59: =IF($F59<>"",SUMPRODUCT(($F$2:F59<>"")*1),"")
A60: طبخة الشامبو | B60: بلسم جامد | C60: 12.5 | D60: =IFERROR(INDEX(المواد!$B$2:$B$319,MATCH(B60,المواد!$A$2:$A$319,0)),"") -> كغ | F60: =IF(AND($A60<>"",COUNTIF($A$2:A60,$A60)=1),$A60,"") | G60: =IF($F60<>"",SUMPRODUCT(($F$2:F60<>"")*1),"")
A61: طبخة الشامبو | B61: كليمازول | C61: 950 | D61: =IFERROR(INDEX(المواد!$B$2:$B$319,MATCH(B61,المواد!$A$2:$A$319,0)),"") -> كغ | F61: =IF(AND($A61<>"",COUNTIF($A$2:A61,$A61)=1),$A61,"") | G61: =IF($F61<>"",SUMPRODUCT(($F$2:F61<>"")*1),"")
A62: طبخة الشامبو | B62: ديباتيول فينب | C62: 500 | D62: =IFERROR(INDEX(المواد!$B$2:$B$319,MATCH(B62,المواد!$A$2:$A$319,0)),"") -> كغ | F62: =IF(AND($A62<>"",COUNTIF($A$2:A62,$A62)=1),$A62,"") | G62: =IF($F62<>"",SUMPRODUCT(($F$2:F62<>"")*1),"")
A63: طبخة الشامبو | B63: بربولين غيلمول | C63: 1 | D63: =IFERROR(INDEX(المواد!$B$2:$B$319,MATCH(B63,المواد!$A$2:$A$319,0)),"") -> كغ | F63: =IF(AND($A63<>"",COUNTIF($A$2:A63,$A63)=1),$A63,"") | G63: =IF($F63<>"",SUMPRODUCT(($F$2:F63<>"")*1),"")
A64: طبخة الشامبو | B64: مقصب | C64: 5 | D64: =IFERROR(INDEX(المواد!$B$2:$B$319,MATCH(B64,المواد!$A$2:$A$319,0)),"") -> كغ | F64: =IF(AND($A64<>"",COUNTIF($A$2:A64,$A64)=1),$A64,"") | G64: =IF($F64<>"",SUMPRODUCT(($F$2:F64<>"")*1),"")
A65: طبخة الشامبو | B65: فورمول ( سم ) | C65: 1.5 | D65: =IFERROR(INDEX(المواد!$B$2:$B$319,MATCH(B65,المواد!$A$2:$A$319,0)),"") -> كغ | F65: =IF(AND($A65<>"",COUNTIF($A$2:A65,$A65)=1),$A65,"") | G65: =IF($F65<>"",SUMPRODUCT(($F$2:F65<>"")*1),"")
A66: طبخة الشامبو | B66: عطر-سلطان | C66: 3 | D66: =IFERROR(INDEX(المواد!$B$2:$B$319,MATCH(B66,المواد!$A$2:$A$319,0)),"") -> كغ | F66: =IF(AND($A66<>"",COUNTIF($A$2:A66,$A66)=1),$A66,"") | G66: =IF($F66<>"",SUMPRODUCT(($F$2:F66<>"")*1),"")
A67: طبخة الشامبو | B67: ماء مقطرة | C67: 750 | D67: =IFERROR(INDEX(المواد!$B$2:$B$319,MATCH(B67,المواد!$A$2:$A$319,0)),"") -> كغ | F67: =IF(AND($A67<>"",COUNTIF($A$2:A67,$A67)=1),$A67,"") | G67: =IF($F67<>"",SUMPRODUCT(($F$2:F67<>"")*1),"")
... A86: لودلين تفاح أول | B86: بيتائين | C86: 50 | D86: =IFERROR(INDEX(المواد!$B$2:$B$319,MATCH(B86,المواد!$A$2:$A$319,0)),"") -> كغ | F86: =IF(AND($A86<>"",COUNTIF($A$2:A86,$A86)=1),$A86,"") | G86: =IF($F86<>"",SUMPRODUCT(($F$2:F86<>"")*1),"")
A87: لودلين تفاح أول | B87: حمض الليمون | D87: =IFERROR(INDEX(المواد!$B$2:$B$319,MATCH(B87,المواد!$A$2:$A$319,0)),"") -> كغ | F87: =IF(AND($A87<>"",COUNTIF($A$2:A87,$A87)=1),$A87,"") | G87: =IF($F87<>"",SUMPRODUCT(($F$2:F87<>"")*1),"")
A88: لودلين تفاح أول | B88: ماء مقطرة | C88: 675 | D88: =IFERROR(INDEX(المواد!$B$2:$B$319,MATCH(B88,المواد!$A$2:$A$319,0)),"") -> كغ | F88: =IF(AND($A88<>"",COUNTIF($A$2:A88,$A88)=1),$A88,"") | G88: =IF($F88<>"",SUMPRODUCT(($F$2:F88<>"")*1),"")
A89: لودلين تفاح أول | B89: عطر-تفاح apple - 317691 | C89: 2 | D89: =IFERROR(INDEX(المواد!$B$2:$B$319,MATCH(B89,المواد!$A$2:$A$319,0)),"") -> كغ | E89: عطر-تفاح apple - 317691 شركة fs يجب السؤال أيضا للتاكيد | F89: =IF(AND($A89<>"",COUNTIF($A$2:A89,$A89)=1),$A89,"") | G89: =IF($F89<>"",SUMPRODUCT(($F$2:F89<>"")*1),"")
A90: لودلين تفاح أول | B90: صبغة | C90: 25 | D90: =IFERROR(INDEX(المواد!$B$2:$B$319,MATCH(B90,المواد!$A$2:$A$319,0)),"") -> كغ | E90: اخضر | F90: =IF(AND($A90<>"",COUNTIF($A$2:A90,$A90)=1),$A90,"") | G90: =IF($F90<>"",SUMPRODUCT(($F$2:F90<>"")*1),"")
A91: لودلين تفاح ثالث | B91: زفتة | C91: 35 | D91: =IFERROR(INDEX(المواد!$B$2:$B$319,MATCH(B91,المواد!$A$2:$A$319,0)),"") -> كغ | F91: =IF(AND($A91<>"",COUNTIF($A$2:A91,$A91)=1),$A91,"") -> لودلين تفاح ثالث | G91: =IF($F91<>"",SUMPRODUCT(($F$2:F91<>"")*1),"") -> 14
A92: لودلين تفاح ثالث | B92: تكسبون | C92: 50 | D92: =IFERROR(INDEX(المواد!$B$2:$B$319,MATCH(B92,المواد!$A$2:$A$319,0)),"") -> كغ | F92: =IF(AND($A92<>"",COUNTIF($A$2:A92,$A92)=1),$A92,"") | G92: =IF($F92<>"",SUMPRODUCT(($F$2:F92<>"")*1),"")
A93: لودلين تفاح ثالث | B93: كوستيك-قطرونة | C93: 4 | D93: =IFERROR(INDEX(المواد!$B$2:$B$319,MATCH(B93,المواد!$A$2:$A$319,0)),"") -> كغ | F93: =IF(AND($A93<>"",COUNTIF($A$2:A93,$A93)=1),$A93,"") | G93: =IF($F93<>"",SUMPRODUCT(($F$2:F93<>"")*1),"")
A94: لودلين تفاح ثالث | B94: مجمد | C94: 2.5 | D94: =IFERROR(INDEX(المواد!$B$2:$B$319,MATCH(B94,المواد!$A$2:$A$319,0)),"") -> كغ | F94: =IF(AND($A94<>"",COUNTIF($A$2:A94,$A94)=1),$A94,"") | G94: =IF($F94<>"",SUMPRODUCT(($F$2:F94<>"")*1),"")
A95: لودلين تفاح ثالث | B95: فورمول ( سم ) | C95: 1.5 | D95: =IFERROR(INDEX(المواد!$B$2:$B$319,MATCH(B95,المواد!$A$2:$A$319,0)),"") -> كغ | F95: =IF(AND($A95<>"",COUNTIF($A$2:A95,$A95)=1),$A95,"") | G95: =IF($F95<>"",SUMPRODUCT(($F$2:F95<>"")*1),"")
A96: لودلين تفاح ثالث | B96: بيتائين | C96: 15 | D96: =IFERROR(INDEX(المواد!$B$2:$B$319,MATCH(B96,المواد!$A$2:$A$319,0)),"") -> كغ | F96: =IF(AND($A96<>"",COUNTIF($A$2:A96,$A96)=1),$A96,"") | G96: =IF($F96<>"",SUMPRODUCT(($F$2:F96<>"")*1),"")
A97: لودلين تفاح ثالث | B97: حمض الليمون | D97: =IFERROR(INDEX(المواد!$B$2:$B$319,MATCH(B97,المواد!$A$2:$A$319,0)),"") -> كغ | F97: =IF(AND($A97<>"",COUNTIF($A$2:A97,$A97)=1),$A97,"") | G97: =IF($F97<>"",SUMPRODUCT(($F$2:F97<>"")*1),"")
A98: لودلين تفاح ثالث | B98: ماء مقطرة | C98: 890 | D98: =IFERROR(INDEX(المواد!$B$2:$B$319,MATCH(B98,المواد!$A$2:$A$319,0)),"") -> كغ | F98: =IF(AND($A98<>"",COUNTIF($A$2:A98,$A98)=1),$A98,"") | G98: =IF($F98<>"",SUMPRODUCT(($F$2:F98<>"")*1),"")
A99: لودلين تفاح ثالث | B99: ملح | C99: 75 | D99: =IFERROR(INDEX(المواد!$B$2:$B$319,MATCH(B99,المواد!$A$2:$A$319,0)),"") -> كغ | E99: ماء مقطرة + ملح | F99: =IF(AND($A99<>"",COUNTIF($A$2:A99,$A99)=1),$A99,"") | G99: =IF($F99<>"",SUMPRODUCT(($F$2:F99<>"")*1),"")
A100: لودلين تفاح ثالث | B100: صبغة | D100: =IFERROR(INDEX(المواد!$B$2:$B$319,MATCH(B100,المواد!$A$2:$A$319,0)),"") -> كغ | F100: =IF(AND($A100<>"",COUNTIF($A$2:A100,$A100)=1),$A100,"") | G100: =IF($F100<>"",SUMPRODUCT(($F$2:F100<>"")*1),"")
A101: لودلين تفاح ثالث | B101: عطر-ببوري ultimate-mixture - 485797 | C101: 1 | D101: =IFERROR(INDEX(المواد!$B$2:$B$319,MATCH(B101,المواد!$A$2:$A$319,0)),"") -> كغ | E101: عطر-ببوري ultimate-mixture - 485797 | F101: =IF(AND($A101<>"",COUNTIF($A$2:A101,$A101)=1),$A101,"") | G101: =IF($F101<>"",SUMPRODUCT(($F$2:F101<>"")*1),"")
A102: لودلين تفاح ثاني | B102: زفتة | C102: 60 | D102: =IFERROR(INDEX(المواد!$B$2:$B$319,MATCH(B102,المواد!$A$2:$A$319,0)),"") -> كغ | F102: =IF(AND($A102<>"",COUNTIF($A$2:A102,$A102)=1),$A102,"") -> لودلين تفاح ثاني | G102: =IF($F102<>"",SUMPRODUCT(($F$2:F102<>"")*1),"") -> 15
A103: لودلين تفاح ثاني | B103: تكسبون | C103: 50 | D103: =IFERROR(INDEX(المواد!$B$2:$B$319,MATCH(B103,المواد!$A$2:$A$319,0)),"") -> كغ | F103: =IF(AND($A103<>"",COUNTIF($A$2:A103,$A103)=1),$A103,"") | G103: =IF($F103<>"",SUMPRODUCT(($F$2:F103<>"")*1),"")
A104: لودلين تفاح ثاني | B104: كوستيك-قطرونة | C104: 7.25 | D104: =IFERROR(INDEX(المواد!$B$2:$B$319,MATCH(B104,المواد!$A$2:$A$319,0)),"") -> كغ | F104: =IF(AND($A104<>"",COUNTIF($A$2:A104,$A104)=1),$A104,"") | G104: =IF($F104<>"",SUMPRODUCT(($F$2:F104<>"")*1),"")
A105: لودلين تفاح ثاني | B105: مجمد | C105: 2.5 | D105: =IFERROR(INDEX(المواد!$B$2:$B$319,MATCH(B105,المواد!$A$2:$A$319,0)),"") -> كغ | F105: =IF(AND($A105<>"",COUNTIF($A$2:A105,$A105)=1),$A105,"") | G105: =IF($F105<>"",SUMPRODUCT(($F$2:F105<>"")*1),"")
A106: لودلين تفاح ثاني | B106: فورمول ( سم ) | C106: 1.5 | D106: =IFERROR(INDEX(المواد!$B$2:$B$319,MATCH(B106,المواد!$A$2:$A$319,0)),"") -> كغ | F106: =IF(AND($A106<>"",COUNTIF($A$2:A106,$A106)=1),$A106,"") | G106: =IF($F106<>"",SUMPRODUCT(($F$2:F106<>"")*1),"")
A107: لودلين تفاح ثاني | B107: بيتائين | C107: 10 | D107: =IFERROR(INDEX(المواد!$B$2:$B$319,MATCH(B107,المواد!$A$2:$A$319,0)),"") -> كغ | F107: =IF(AND($A107<>"",COUNTIF($A$2:A107,$A107)=1),$A107,"") | G107: =IF($F107<>"",SUMPRODUCT(($F$2:F107<>"")*1),"")
A108: لودلين تفاح ثاني | B108: حمض الليمون | D108: =IFERROR(INDEX(المواد!$B$2:$B$319,MATCH(B108,المواد!$A$2:$A$319,0)),"") -> كغ | F108: =IF(AND($A108<>"",COUNTIF($A$2:A108,$A108)=1),$A108,"") | G108: =IF($F108<>"",SUMPRODUCT(($F$2:F108<>"")*1),"")
A109: لودلين تفاح ثاني | B109: ماء مقطرة | C109: 825 | D109: =IFERROR(INDEX(المواد!$B$2:$B$319,MATCH(B109,المواد!$A$2:$A$319,0)),"") -> كغ | F109: =IF(AND($A109<>"",COUNTIF($A$2:A109,$A109)=1),$A109,"") | G109: =IF($F109<>"",SUMPRODUCT(($F$2:F109<>"")*1),"")
A110: لودلين تفاح ثاني | B110: ملح | C110: 50 | D110: =IFERROR(INDEX(المواد!$B$2:$B$319,MATCH(B110,المواد!$A$2:$A$319,0)),"") -> كغ | E110: ماء مقطرة + ملح | F110: =IF(AND($A110<>"",COUNTIF($A$2:A110,$A110)=1),$A110,"") | G110: =IF($F110<>"",SUMPRODUCT(($F$2:F110<>"")*1),"")
A111: لودلين تفاح ثاني | B111: صبغة | D111: =IFERROR(INDEX(المواد!$B$2:$B$319,MATCH(B111,المواد!$A$2:$A$319,0)),"") -> كغ | F111: =IF(AND($A111<>"",COUNTIF($A$2:A111,$A111)=1),$A111,"") | G111: =IF($F111<>"",SUMPRODUCT(($F$2:F111<>"")*1),"")
A112: لودلين تفاح ثاني | B112: عطر-تفاح apple - 317691 | C112: 1 | D112: =IFERROR(INDEX(المواد!$B$2:$B$319,MATCH(B112,المواد!$A$2:$A$319,0)),"") -> كغ | E112: تم تحديد اسم العطر بناءً على اسم الطبخة (الملاحظة الأصلية فارغة) - يرجى التأكيد | F112: =IF(AND($A112<>"",COUNTIF($A$2:A112,$A112)=1),$A112,"") | G112: =IF($F112<>"",SUMPRODUCT(($F$2:F112<>"")*1),"")
A113: لودلين تفاح رابع | B113: زفتة | C113: 20 | D113: =IFERROR(INDEX(المواد!$B$2:$B$319,MATCH(B113,المواد!$A$2:$A$319,0)),"") -> كغ | F113: =IF(AND($A113<>"",COUNTIF($A$2:A113,$A113)=1),$A113,"") -> لودلين تفاح رابع | G113: =IF($F113<>"",SUMPRODUCT(($F$2:F113<>"")*1),"") -> 16
A114: لودلين تفاح رابع | B114: تكسبون | C114: 40 | D114: =IFERROR(INDEX(المواد!$B$2:$B$319,MATCH(B114,المواد!$A$2:$A$319,0)),"") -> كغ | F114: =IF(AND($A114<>"",COUNTIF($A$2:A114,$A114)=1),$A114,"") | G114: =IF($F114<>"",SUMPRODUCT(($F$2:F114<>"")*1),"")
A115: لودلين تفاح رابع | B115: كوستيك-قطرونة | C115: 2.5 | D115: =IFERROR(INDEX(المواد!$B$2:$B$319,MATCH(B115,المواد!$A$2:$A$319,0)),"") -> كغ | F115: =IF(AND($A115<>"",COUNTIF($A$2:A115,$A115)=1),$A115,"") | G115: =IF($F115<>"",SUMPRODUCT(($F$2:F115<>"")*1),"")
A116: لودلين تفاح رابع | B116: مجمد | C116: 3 | D116: =IFERROR(INDEX(المواد!$B$2:$B$319,MATCH(B116,المواد!$A$2:$A$319,0)),"") -> كغ | F116: =IF(AND($A116<>"",COUNTIF($A$2:A116,$A116)=1),$A116,"") | G116: =IF($F116<>"",SUMPRODUCT(($F$2:F116<>"")*1),"")
A117: لودلين تفاح رابع | B117: فورمول ( سم ) | C117: 1.5 | D117: =IFERROR(INDEX(المواد!$B$2:$B$319,MATCH(B117,المواد!$A$2:$A$319,0)),"") -> كغ | F117: =IF(AND($A117<>"",COUNTIF($A$2:A117,$A117)=1),$A117,"") | G117: =IF($F117<>"",SUMPRODUCT(($F$2:F117<>"")*1),"")
A118: لودلين تفاح رابع | B118: بيتائين | C118: 15 | D118: =IFERROR(INDEX(المواد!$B$2:$B$319,MATCH(B118,المواد!$A$2:$A$319,0)),"") -> كغ | F118: =IF(AND($A118<>"",COUNTIF($A$2:A118,$A118)=1),$A118,"") | G118: =IF($F118<>"",SUMPRODUCT(($F$2:F118<>"")*1),"")
A119: لودلين تفاح رابع | B119: حمض الليمون | D119: =IFERROR(INDEX(المواد!$B$2:$B$319,MATCH(B119,المواد!$A$2:$A$319,0)),"") -> كغ | F119: =IF(AND($A119<>"",COUNTIF($A$2:A119,$A119)=1),$A119,"") | G119: =IF($F119<>"",SUMPRODUCT(($F$2:F119<>"")*1),"")
A120: لودلين تفاح رابع | B120: ماء مقطرة | C120: 890 | D120: =IFERROR(INDEX(المواد!$B$2:$B$319,MATCH(B120,المواد!$A$2:$A$319,0)),"") -> كغ | F120: =IF(AND($A120<>"",COUNTIF($A$2:A120,$A120)=1),$A120,"") | G120: =IF($F120<>"",SUMPRODUCT(($F$2:F120<>"")*1),"")
A121: لودلين تفاح رابع | B121: ملح | C121: 100 | D121: =IFERROR(INDEX(المواد!$B$2:$B$319,MATCH(B121,المواد!$A$2:$A$319,0)),"") -> كغ | E121: ماء مقطرة + ملح | F121: =IF(AND($A121<>"",COUNTIF($A$2:A121,$A121)=1),$A121,"") | G121: =IF($F121<>"",SUMPRODUCT(($F$2:F121<>"")*1),"")
A122: لودلين تفاح رابع | B122: صبغة | D122: =IFERROR(INDEX(المواد!$B$2:$B$319,MATCH(B122,المواد!$A$2:$A$319,0)),"") -> كغ | F122: =IF(AND($A122<>"",COUNTIF($A$2:A122,$A122)=1),$A122,"") | G122: =IF($F122<>"",SUMPRODUCT(($F$2:F122<>"")*1),"")
A123: لودلين تفاح رابع | B123: عطر-ببوري ultimate-mixture - 485797 | C123: 1 | D123: =IFERROR(INDEX(المواد!$B$2:$B$319,MATCH(B123,المواد!$A$2:$A$319,0)),"") -> كغ | E123: عطر-ببوري ultimate-mixture - 485797 | F123: =IF(AND($A123<>"",COUNTIF($A$2:A123,$A123)=1),$A123,"") | G123: =IF($F123<>"",SUMPRODUCT(($F$2:F123<>"")*1),"")
A124: لودلين سادة أول | B124: زفتة | C124: 150 | D124: =IFERROR(INDEX(المواد!$B$2:$B$319,MATCH(B124,المواد!$A$2:$A$319,0)),"") -> كغ | F124: =IF(AND($A124<>"",COUNTIF($A$2:A124,$A124)=1),$A124,"") -> لودلين سادة أول | G124: =IF($F124<>"",SUMPRODUCT(($F$2:F124<>"")*1),"") -> 17
...

Sheet التعليمات
A1: دليل استخدام نظام إدارة مستودع معمل المنظفات
B4: فكرة النظام
B5: كل صفحة تخدم غرضاً واحداً محدداً. النظام يعتمد بالكامل على اسم المادة (بدون أكواد)، ولا تُكتب أي كمية أو رصيد يدوياً في صفحتي "الرصيد الحالي" و"سجل الحركات" — فهما محسوبتان بالكامل تلقائياً وهما الصفحتان الوحيدتان المحميتان من التعديل في هذا الملف. جميع الصفحات الأخرى قابلة للتعديل بالكامل.
B7: ترتيب العمل اليومي الموصى به
B8: 1. عند شراء مواد خام: سجّلها في صفحة "الإدخالات".
B9: 2. عند تصنيع دفعة من طبخة معينة: سجّل عملية واحدة في صفحة "سجل الإنتاج" باختيار اسم الطبخة فقط. يقوم النظام بحساب استهلاك كل مادة تلقائياً حسب صفحة "الطبخات". كل عملية تصنيع تُسجَّل كسجل مستقل بنفس كميات الوصفة الأساسية (دون إدخال عدد مرات التشغيل).
B10: 3. عند صرف مادة خام مباشرة دون تصنيع: سجّلها في صفحة "الصرف المباشر".
B11: 4. عند إجراء جرد فعلي ووجود فرق: سجّل الفرق في صفحة "تعديل الجرد" فقط — لا تُعدَّل الأرصدة يدوياً أبداً.
B12: 5. راجع صفحة "لوحة التحكم" يومياً لمتابعة التنبيهات والمواد ذات الرصيد السالب.
B14: كيف يُحسب الرصيد الحالي لأي مادة؟
B15: الرصيد = (إجمالي المشتريات) + (إجمالي فروقات الجرد) − (إجمالي الصرف المباشر) − (إجمالي الاستهلاك عبر الإنتاج المحسوب من مكونات كل طبخة × عدد مرات إنتاجها فعلياً).
B16: تعتمد جميع صفحات النظام (المواد، الرصيد الحالي، تعديل الجرد، الصرف المباشر، لوحة التحكم) على نفس آلية الحساب هذه بالضبط دون أي اختلاف بينها، لضمان تطابق الأرقام في كل مكان.
B18: إضافة مادة خام جديدة
... B50: عند الاقتراب من هذه الحدود، انسخ صيغ آخر سطر إلى أسطر جديدة أسفلها — الصيغ مصممة لتُنسخ بسهولة.

Sheet قوائم
A1: مرآة المواد (مساعد) | B1: قائمة الطبخات (مستخرجة تلقائياً من صفحة الطبخات) | D1: عدد مرات الإنتاج (بجانب B) | F1: إجمالي الاستهلاك (بجانب A)
A2: =المواد!A2 -> ملح | B2: =IFERROR(INDEX(الطبخات!$F$2:$F$900,MATCH(1,الطبخات!$G$2:$G$900,0)),"") -> دوا غسيل بودرا 157 كغ - ببوري | D2: =IF($B2="","",COUNTIF('سجل الإنتاج'!$C$2:$C$501,$B2)) -> 0 | F2: =IF($A2="","",ROUND(SUMIFS('الصرف المباشر'!$D$2:$D$501,'الصرف المباشر'!$C$2:$C$501,$A2)+SUMPRODUCT((الطبخات!$B$2:$B$900=$A2)*الطبخات!$C$2:$C$900*COUNTIF('سجل الإنتاج'!$C$2:$C$501,الطبخات!$A$2:$A$900)),3)) -> 10
A3: =المواد!A3 -> مقصب | B3: =IFERROR(INDEX(الطبخات!$F$2:$F$900,MATCH(2,الطبخات!$G$2:$G$900,0)),"") -> دوا غسيل بودرا 45كغ مصنع | D3: =IF($B3="","",COUNTIF('سجل الإنتاج'!$C$2:$C$501,$B3)) -> 0 | F3: =IF($A3="","",ROUND(SUMIFS('الصرف المباشر'!$D$2:$D$501,'الصرف المباشر'!$C$2:$C$501,$A3)+SUMPRODUCT((الطبخات!$B$2:$B$900=$A3)*الطبخات!$C$2:$C$900*COUNTIF('سجل الإنتاج'!$C$2:$C$501,الطبخات!$A$2:$A$900)),3)) -> 0
A4: =المواد!A4 -> مجمد | B4: =IFERROR(INDEX(الطبخات!$F$2:$F$900,MATCH(3,الطبخات!$G$2:$G$900,0)),"") -> دوا غسيل بودرا 60 كغ -عطر ببوري | D4: =IF($B4="","",COUNTIF('سجل الإنتاج'!$C$2:$C$501,$B4)) -> 0 | F4: =IF($A4="","",ROUND(SUMIFS('الصرف المباشر'!$D$2:$D$501,'الصرف المباشر'!$C$2:$C$501,$A4)+SUMPRODUCT((الطبخات!$B$2:$B$900=$A4)*الطبخات!$C$2:$C$900*COUNTIF('سجل الإنتاج'!$C$2:$C$501,الطبخات!$A$2:$A$900)),3)) -> 0
A5: =المواد!A5 -> مانع رغوة مائي | B5: =IFERROR(INDEX(الطبخات!$F$2:$F$900,MATCH(4,الطبخات!$G$2:$G$900,0)),"") -> صابون سائل رمان - لافندر | D5: =IF($B5="","",COUNTIF('سجل الإنتاج'!$C$2:$C$501,$B5)) -> 0 | F5: =IF($A5="","",ROUND(SUMIFS('الصرف المباشر'!$D$2:$D$501,'الصرف المباشر'!$C$2:$C$501,$A5)+SUMPRODUCT((الطبخات!$B$2:$B$900=$A5)*الطبخات!$C$2:$C$900*COUNTIF('سجل الإنتاج'!$C$2:$C$501,الطبخات!$A$2:$A$900)),3)) -> 0
A6: =المواد!A6 -> مانع رغوة سيليكون | B6: =IFERROR(INDEX(الطبخات!$F$2:$F$900,MATCH(5,الطبخات!$G$2:$G$900,0)),"") -> صابون سائل عود | D6: =IF($B6="","",COUNTIF('سجل الإنتاج'!$C$2:$C$501,$B6)) -> 0 | F6: =IF($A6="","",ROUND(SUMIFS('الصرف المباشر'!$D$2:$D$501,'الصرف المباشر'!$C$2:$C$501,$A6)+SUMPRODUCT((الطبخات!$B$2:$B$900=$A6)*الطبخات!$C$2:$C$900*COUNTIF('سجل الإنتاج'!$C$2:$C$501,الطبخات!$A$2:$A$900)),3)) -> 0
A7: =المواد!A7 -> ماء مقطرة | B7: =IFERROR(INDEX(الطبخات!$F$2:$F$900,MATCH(6,الطبخات!$G$2:$G$900,0)),"") -> صابون سائل ماء الذهب | D7: =IF($B7="","",COUNTIF('سجل الإنتاج'!$C$2:$C$501,$B7)) -> 0 | F7: =IF($A7="","",ROUND(SUMIFS('الصرف المباشر'!$D$2:$D$501,'الصرف المباشر'!$C$2:$C$501,$A7)+SUMPRODUCT((الطبخات!$B$2:$B$900=$A7)*الطبخات!$C$2:$C$900*COUNTIF('سجل الإنتاج'!$C$2:$C$501,الطبخات!$A$2:$A$900)),3)) -> 675
A8: =المواد!A8 -> ماء بلسم | B8: =IFERROR(INDEX(الطبخات!$F$2:$F$900,MATCH(7,الطبخات!$G$2:$G$900,0)),"") -> صابون سادة | D8: =IF($B8="","",COUNTIF('سجل الإنتاج'!$C$2:$C$501,$B8)) -> 0 | F8: =IF($A8="","",ROUND(SUMIFS('الصرف المباشر'!$D$2:$D$501,'الصرف المباشر'!$C$2:$C$501,$A8)+SUMPRODUCT((الطبخات!$B$2:$B$900=$A8)*الطبخات!$C$2:$C$900*COUNTIF('سجل الإنتاج'!$C$2:$C$501,الطبخات!$A$2:$A$900)),3)) -> 0
A9: =المواد!A9 -> لانيت 16 ماليزي | B9: =IFERROR(INDEX(الطبخات!$F$2:$F$900,MATCH(8,الطبخات!$G$2:$G$900,0)),"") -> زيت الصنوبر | D9: =IF($B9="","",COUNTIF('سجل الإنتاج'!$C$2:$C$501,$B9)) -> 0 | F9: =IF($A9="","",ROUND(SUMIFS('الصرف المباشر'!$D$2:$D$501,'الصرف المباشر'!$C$2:$C$501,$A9)+SUMPRODUCT((الطبخات!$B$2:$B$900=$A9)*الطبخات!$C$2:$C$900*COUNTIF('سجل الإنتاج'!$C$2:$C$501,الطبخات!$A$2:$A$900)),3)) -> 0
A10: =المواد!A10 -> كوستيك-قطرونة | B10: =IFERROR(INDEX(الطبخات!$F$2:$F$900,MATCH(9,الطبخات!$G$2:$G$900,0)),"") -> طبخة الشامبو | D10: =IF($B10="","",COUNTIF('سجل الإنتاج'!$C$2:$C$501,$B10)) -> 0 | F10: =IF($A10="","",ROUND(SUMIFS('الصرف المباشر'!$D$2:$D$501,'الصرف المباشر'!$C$2:$C$501,$A10)+SUMPRODUCT((الطبخات!$B$2:$B$900=$A10)*الطبخات!$C$2:$C$900*COUNTIF('سجل الإنتاج'!$C$2:$C$501,الطبخات!$A$2:$A$900)),3)) -> 19
A11: =المواد!A11 -> كمبرلان | B11: =IFERROR(INDEX(الطبخات!$F$2:$F$900,MATCH(10,الطبخات!$G$2:$G$900,0)),"") -> طبخة دوا غسيل بودرا | D11: =IF($B11="","",COUNTIF('سجل الإنتاج'!$C$2:$C$501,$B11)) -> 0 | F11: =IF($A11="","",ROUND(SUMIFS('الصرف المباشر'!$D$2:$D$501,'الصرف المباشر'!$C$2:$C$501,$A11)+SUMPRODUCT((الطبخات!$B$2:$B$900=$A11)*الطبخات!$C$2:$C$900*COUNTIF('سجل الإنتاج'!$C$2:$C$501,الطبخات!$A$2:$A$900)),3)) -> 0
A12: =المواد!A12 -> كليمازول | B12: =IFERROR(INDEX(الطبخات!$F$2:$F$900,MATCH(11,الطبخات!$G$2:$G$900,0)),"") -> طبخة قاشط | D12: =IF($B12="","",COUNTIF('سجل الإنتاج'!$C$2:$C$501,$B12)) -> 0 | F12: =IF($A12="","",ROUND(SUMIFS('الصرف المباشر'!$D$2:$D$501,'الصرف المباشر'!$C$2:$C$501,$A12)+SUMPRODUCT((الطبخات!$B$2:$B$900=$A12)*الطبخات!$C$2:$C$900*COUNTIF('سجل الإنتاج'!$C$2:$C$501,الطبخات!$A$2:$A$900)),3)) -> 0
A13: =المواد!A13 -> كلور خام | B13: =IFERROR(INDEX(الطبخات!$F$2:$F$900,MATCH(12,الطبخات!$G$2:$G$900,0)),"") -> عملاق 200 كغ | D13: =IF($B13="","",COUNTIF('سجل الإنتاج'!$C$2:$C$501,$B13)) -> 0 | F13: =IF($A13="","",ROUND(SUMIFS('الصرف المباشر'!$D$2:$D$501,'الصرف المباشر'!$C$2:$C$501,$A13)+SUMPRODUCT((الطبخات!$B$2:$B$900=$A13)*الطبخات!$C$2:$C$900*COUNTIF('سجل الإنتاج'!$C$2:$C$501,الطبخات!$A$2:$A$900)),3)) -> 0
A14: =المواد!A14 -> كحول (ايثانول) | B14: =IFERROR(INDEX(الطبخات!$F$2:$F$900,MATCH(13,الطبخات!$G$2:$G$900,0)),"") -> لودلين تفاح أول | D14: =IF($B14="","",COUNTIF('سجل الإنتاج'!$C$2:$C$501,$B14)) -> 0 | F14: =IF($A14="","",ROUND(SUMIFS('الصرف المباشر'!$D$2:$D$501,'الصرف المباشر'!$C$2:$C$501,$A14)+SUMPRODUCT((الطبخات!$B$2:$B$900=$A14)*الطبخات!$C$2:$C$900*COUNTIF('سجل الإنتاج'!$C$2:$C$501,الطبخات!$A$2:$A$900)),3)) -> 0
A15: =المواد!A15 -> فورمول ( سم ) | B15: =IFERROR(INDEX(الطبخات!$F$2:$F$900,MATCH(14,الطبخات!$G$2:$G$900,0)),"") -> لودلين تفاح ثالث | D15: =IF($B15="","",COUNTIF('سجل الإنتاج'!$C$2:$C$501,$B15)) -> 0 | F15: =IF($A15="","",ROUND(SUMIFS('الصرف المباشر'!$D$2:$D$501,'الصرف المباشر'!$C$2:$C$501,$A15)+SUMPRODUCT((الطبخات!$B$2:$B$900=$A15)*الطبخات!$C$2:$C$900*COUNTIF('سجل الإنتاج'!$C$2:$C$501,الطبخات!$A$2:$A$900)),3)) -> 1.5
A16: =المواد!A16 -> فاتي كحول | B16: =IFERROR(INDEX(الطبخات!$F$2:$F$900,MATCH(15,الطبخات!$G$2:$G$900,0)),"") -> لودلين تفاح ثاني | D16: =IF($B16="","",COUNTIF('سجل الإنتاج'!$C$2:$C$501,$B16)) -> 0 | F16: =IF($A16="","",ROUND(SUMIFS('الصرف المباشر'!$D$2:$D$501,'الصرف المباشر'!$C$2:$C$501,$A16)+SUMPRODUCT((الطبخات!$B$2:$B$900=$A16)*الطبخات!$C$2:$C$900*COUNTIF('سجل الإنتاج'!$C$2:$C$501,الطبخات!$A$2:$A$900)),3)) -> 0
A17: =المواد!A17 -> غليسيرين | B17: =IFERROR(INDEX(الطبخات!$F$2:$F$900,MATCH(16,الطبخات!$G$2:$G$900,0)),"") -> لودلين تفاح رابع | D17: =IF($B17="","",COUNTIF('سجل الإنتاج'!$C$2:$C$501,$B17)) -> 0 | F17: =IF($A17="","",ROUND(SUMIFS('الصرف المباشر'!$D$2:$D$501,'الصرف المباشر'!$C$2:$C$501,$A17)+SUMPRODUCT((الطبخات!$B$2:$B$900=$A17)*الطبخات!$C$2:$C$900*COUNTIF('سجل الإنتاج'!$C$2:$C$501,الطبخات!$A$2:$A$900)),3)) -> 5
A18: =المواد!A18 -> عطر-نسيم-المحيط ocean-breeze - 327993 | B18: =IFERROR(INDEX(الطبخات!$F$2:$F$900,MATCH(17,الطبخات!$G$2:$G$900,0)),"") -> لودلين سادة أول | D18: =IF($B18="","",COUNTIF('سجل الإنتاج'!$C$2:$C$501,$B18)) -> 0 | F18: =IF($A18="","",ROUND(SUMIFS('الصرف المباشر'!$D$2:$D$501,'الصرف المباشر'!$C$2:$C$501,$A18)+SUMPRODUCT((الطبخات!$B$2:$B$900=$A18)*الطبخات!$C$2:$C$900*COUNTIF('سجل الإنتاج'!$C$2:$C$501,الطبخات!$A$2:$A$900)),3)) -> 0
A19: =المواد!A19 -> عطر-ليمون shiny-star - 485764 | B19: =IFERROR(INDEX(الطبخات!$F$2:$F$900,MATCH(18,الطبخات!$G$2:$G$900,0)),"") -> لودلين سادة أول 500 كغ | D19: =IF($B19="","",COUNTIF('سجل الإنتاج'!$C$2:$C$501,$B19)) -> 0 | F19: =IF($A19="","",ROUND(SUMIFS('الصرف المباشر'!$D$2:$D$501,'الصرف المباشر'!$C$2:$C$501,$A19)+SUMPRODUCT((الطبخات!$B$2:$B$900=$A19)*الطبخات!$C$2:$C$900*COUNTIF('سجل الإنتاج'!$C$2:$C$501,الطبخات!$A$2:$A$900)),3)) -> 0
A20: =المواد!A20 -> عطر-ليمون citrus lemon new - 321639 | B20: =IFERROR(INDEX(الطبخات!$F$2:$F$900,MATCH(19,الطبخات!$G$2:$G$900,0)),"") -> لودلين سادة ثالث | D20: =IF($B20="","",COUNTIF('سجل الإنتاج'!$C$2:$C$501,$B20)) -> 0 | F20: =IF($A20="","",ROUND(SUMIFS('الصرف المباشر'!$D$2:$D$501,'الصرف المباشر'!$C$2:$C$501,$A20)+SUMPRODUCT((الطبخات!$B$2:$B$900=$A20)*الطبخات!$C$2:$C$900*COUNTIF('سجل الإنتاج'!$C$2:$C$501,الطبخات!$A$2:$A$900)),3)) -> 0
A21: =المواد!A21 -> عطر-ليلك ariel-sensation - 318728 | B21: =IFERROR(INDEX(الطبخات!$F$2:$F$900,MATCH(20,الطبخات!$G$2:$G$900,0)),"") -> لودلين سادة ثاني | D21: =IF($B21="","",COUNTIF('سجل الإنتاج'!$C$2:$C$501,$B21)) -> 0 | F21: =IF($A21="","",ROUND(SUMIFS('الصرف المباشر'!$D$2:$D$501,'الصرف المباشر'!$C$2:$C$501,$A21)+SUMPRODUCT((الطبخات!$B$2:$B$900=$A21)*الطبخات!$C$2:$C$900*COUNTIF('سجل الإنتاج'!$C$2:$C$501,الطبخات!$A$2:$A$900)),3)) -> 0
A22: =المواد!A22 -> عطر-سلطان | B22: =IFERROR(INDEX(الطبخات!$F$2:$F$900,MATCH(21,الطبخات!$G$2:$G$900,0)),"") -> لودلين سادة رابع | D22: =IF($B22="","",COUNTIF('سجل الإنتاج'!$C$2:$C$501,$B22)) -> 0 | F22: =IF($A22="","",ROUND(SUMIFS('الصرف المباشر'!$D$2:$D$501,'الصرف المباشر'!$C$2:$C$501,$A22)+SUMPRODUCT((الطبخات!$B$2:$B$900=$A22)*الطبخات!$C$2:$C$900*COUNTIF('سجل الإنتاج'!$C$2:$C$501,الطبخات!$A$2:$A$900)),3)) -> 0
A23: =المواد!A23 -> عطر-زهور lovely-petals - 485718 | B23: =IFERROR(INDEX(الطبخات!$F$2:$F$900,MATCH(22,الطبخات!$G$2:$G$900,0)),"") -> لودلين فريز أول | D23: =IF($B23="","",COUNTIF('سجل الإنتاج'!$C$2:$C$501,$B23)) -> 1 | F23: =IF($A23="","",ROUND(SUMIFS('الصرف المباشر'!$D$2:$D$501,'الصرف المباشر'!$C$2:$C$501,$A23)+SUMPRODUCT((الطبخات!$B$2:$B$900=$A23)*الطبخات!$C$2:$C$900*COUNTIF('سجل الإنتاج'!$C$2:$C$501,الطبخات!$A$2:$A$900)),3)) -> 0
A24: =المواد!A24 -> عطر-رمان apple grandada - 322730 | B24: =IFERROR(INDEX(الطبخات!$F$2:$F$900,MATCH(23,الطبخات!$G$2:$G$900,0)),"") -> لودلين فريز ثالث | D24: =IF($B24="","",COUNTIF('سجل الإنتاج'!$C$2:$C$501,$B24)) -> 0 | F24: =IF($A24="","",ROUND(SUMIFS('الصرف المباشر'!$D$2:$D$501,'الصرف المباشر'!$C$2:$C$501,$A24)+SUMPRODUCT((الطبخات!$B$2:$B$900=$A24)*الطبخات!$C$2:$C$900*COUNTIF('سجل الإنتاج'!$C$2:$C$501,الطبخات!$A$2:$A$900)),3)) -> 2
A25: =المواد!A25 -> عطر-توليب fresh-scent-amour - 485833 | B25: =IFERROR(INDEX(الطبخات!$F$2:$F$900,MATCH(24,الطبخات!$G$2:$G$900,0)),"") -> لودلين فريز ثاني | D25: =IF($B25="","",COUNTIF('سجل الإنتاج'!$C$2:$C$501,$B25)) -> 0 | F25: =IF($A25="","",ROUND(SUMIFS('الصرف المباشر'!$D$2:$D$501,'الصرف المباشر'!$C$2:$C$501,$A25)+SUMPRODUCT((الطبخات!$B$2:$B$900=$A25)*الطبخات!$C$2:$C$900*COUNTIF('سجل الإنتاج'!$C$2:$C$501,الطبخات!$A$2:$A$900)),3)) -> 0
A26: =المواد!A26 -> عطر-تفاح apple - 317691 | B26: =IFERROR(INDEX(الطبخات!$F$2:$F$900,MATCH(25,الطبخات!$G$2:$G$900,0)),"") -> لودلين فريز رابع | D26: =IF($B26="","",COUNTIF('سجل الإنتاج'!$C$2:$C$501,$B26)) -> 0 | F26: =IF($A26="","",ROUND(SUMIFS('الصرف المباشر'!$D$2:$D$501,'الصرف المباشر'!$C$2:$C$501,$A26)+SUMPRODUCT((الطبخات!$B$2:$B$900=$A26)*الطبخات!$C$2:$C$900*COUNTIF('سجل الإنتاج'!$C$2:$C$501,الطبخات!$A$2:$A$900)),3)) -> 0
A27: =المواد!A27 -> عطر-برنس | B27: =IFERROR(INDEX(الطبخات!$F$2:$F$900,MATCH(26,الطبخات!$G$2:$G$900,0)),"") -> لودلين ليلك أول | D27: =IF($B27="","",COUNTIF('سجل الإنتاج'!$C$2:$C$501,$B27)) -> 0 | F27: =IF($A27="","",ROUND(SUMIFS('الصرف المباشر'!$D$2:$D$501,'الصرف المباشر'!$C$2:$C$501,$A27)+SUMPRODUCT((الطبخات!$B$2:$B$900=$A27)*الطبخات!$C$2:$C$900*COUNTIF('سجل الإنتاج'!$C$2:$C$501,الطبخات!$A$2:$A$900)),3)) -> 0
A28: =المواد!A28 -> عطر-ببوري ultimate-mixture - 485797 | B28: =IFERROR(INDEX(الطبخات!$F$2:$F$900,MATCH(27,الطبخات!$G$2:$G$900,0)),"") -> لودلين ليلك ثالث | D28: =IF($B28="","",COUNTIF('سجل الإنتاج'!$C$2:$C$501,$B28)) -> 0 | F28: =IF($A28="","",ROUND(SUMIFS('الصرف المباشر'!$D$2:$D$501,'الصرف المباشر'!$C$2:$C$501,$A28)+SUMPRODUCT((الطبخات!$B$2:$B$900=$A28)*الطبخات!$C$2:$C$900*COUNTIF('سجل الإنتاج'!$C$2:$C$501,الطبخات!$A$2:$A$900)),3)) -> 0
A29: =المواد!A29 -> عطر-ازهار-الربيع spring - 318643 | B29: =IFERROR(INDEX(الطبخات!$F$2:$F$900,MATCH(28,الطبخات!$G$2:$G$900,0)),"") -> لودلين ليلك ثاني | D29: =IF($B29="","",COUNTIF('سجل الإنتاج'!$C$2:$C$501,$B29)) -> 0 | F29: =IF($A29="","",ROUND(SUMIFS('الصرف المباشر'!$D$2:$D$501,'الصرف المباشر'!$C$2:$C$501,$A29)+SUMPRODUCT((الطبخات!$B$2:$B$900=$A29)*الطبخات!$C$2:$C$900*COUNTIF('سجل الإنتاج'!$C$2:$C$501,الطبخات!$A$2:$A$900)),3)) -> 0
A30: =المواد!A30 -> عطر هامول | B30: =IFERROR(INDEX(الطبخات!$F$2:$F$900,MATCH(29,الطبخات!$G$2:$G$900,0)),"") -> لودلين ليلك رابع | D30: =IF($B30="","",COUNTIF('سجل الإنتاج'!$C$2:$C$501,$B30)) -> 0 | F30: =IF($A30="","",ROUND(SUMIFS('الصرف المباشر'!$D$2:$D$501,'الصرف المباشر'!$C$2:$C$501,$A30)+SUMPRODUCT((الطبخات!$B$2:$B$900=$A30)*الطبخات!$C$2:$C$900*COUNTIF('سجل الإنتاج'!$C$2:$C$501,الطبخات!$A$2:$A$900)),3)) -> 0
A31: =المواد!A31 -> عطر مسك احمر | B31: =IFERROR(INDEX(الطبخات!$F$2:$F$900,MATCH(30,الطبخات!$G$2:$G$900,0)),"") -> لودلين ليمون أول | D31: =IF($B31="","",COUNTIF('سجل الإنتاج'!$C$2:$C$501,$B31)) -> 0 | F31: =IF($A31="","",ROUND(SUMIFS('الصرف المباشر'!$D$2:$D$501,'الصرف المباشر'!$C$2:$C$501,$A31)+SUMPRODUCT((الطبخات!$B$2:$B$900=$A31)*الطبخات!$C$2:$C$900*COUNTIF('سجل الإنتاج'!$C$2:$C$501,الطبخات!$A$2:$A$900)),3)) -> 0
A32: =المواد!A32 -> عطر مسك | B32: =IFERROR(INDEX(الطبخات!$F$2:$F$900,MATCH(31,الطبخات!$G$2:$G$900,0)),"") -> لودلين ليمون ثالث | D32: =IF($B32="","",COUNTIF('سجل الإنتاج'!$C$2:$C$501,$B32)) -> 0 | F32: =IF($A32="","",ROUND(SUMIFS('الصرف المباشر'!$D$2:$D$501,'الصرف المباشر'!$C$2:$C$501,$A32)+SUMPRODUCT((الطبخات!$B$2:$B$900=$A32)*الطبخات!$C$2:$C$900*COUNTIF('سجل الإنتاج'!$C$2:$C$501,الطبخات!$A$2:$A$900)),3)) -> 0
A33: =المواد!A33 -> عطر ليمون ماكسي | B33: =IFERROR(INDEX(الطبخات!$F$2:$F$900,MATCH(32,الطبخات!$G$2:$G$900,0)),"") -> لودلين ليمون ثاني | D33: =IF($B33="","",COUNTIF('سجل الإنتاج'!$C$2:$C$501,$B33)) -> 0 | F33: =IF($A33="","",ROUND(SUMIFS('الصرف المباشر'!$D$2:$D$501,'الصرف المباشر'!$C$2:$C$501,$A33)+SUMPRODUCT((الطبخات!$B$2:$B$900=$A33)*الطبخات!$C$2:$C$900*COUNTIF('سجل الإنتاج'!$C$2:$C$501,الطبخات!$A$2:$A$900)),3)) -> 0
A34: =المواد!A34 -> عطر عسل | B34: =IFERROR(INDEX(الطبخات!$F$2:$F$900,MATCH(33,الطبخات!$G$2:$G$900,0)),"") -> لودلين ليمون رابع | D34: =IF($B34="","",COUNTIF('سجل الإنتاج'!$C$2:$C$501,$B34)) -> 0 | F34: =IF($A34="","",ROUND(SUMIFS('الصرف المباشر'!$D$2:$D$501,'الصرف المباشر'!$C$2:$C$501,$A34)+SUMPRODUCT((الطبخات!$B$2:$B$900=$A34)*الطبخات!$C$2:$C$900*COUNTIF('سجل الإنتاج'!$C$2:$C$501,الطبخات!$A$2:$A$900)),3)) -> 0
A35: =المواد!A35 -> عطر جوز الهند | B35: =IFERROR(INDEX(الطبخات!$F$2:$F$900,MATCH(34,الطبخات!$G$2:$G$900,0)),"") -> معطر ارضيات أبيض - ازهار النرجس | D35: =IF($B35="","",COUNTIF('سجل الإنتاج'!$C$2:$C$501,$B35)) -> 0 | F35: =IF($A35="","",ROUND(SUMIFS('الصرف المباشر'!$D$2:$D$501,'الصرف المباشر'!$C$2:$C$501,$A35)+SUMPRODUCT((الطبخات!$B$2:$B$900=$A35)*الطبخات!$C$2:$C$900*COUNTIF('سجل الإنتاج'!$C$2:$C$501,الطبخات!$A$2:$A$900)),3)) -> 0
A36: =المواد!A36 -> عطر بانتين | B36: =IFERROR(INDEX(الطبخات!$F$2:$F$900,MATCH(35,الطبخات!$G$2:$G$900,0)),"") -> معطر ارضيات ازرق - نسيم المحيط | D36: =IF($B36="","",COUNTIF('سجل الإنتاج'!$C$2:$C$501,$B36)) -> 0 | F36: =IF($A36="","",ROUND(SUMIFS('الصرف المباشر'!$D$2:$D$501,'الصرف المباشر'!$C$2:$C$501,$A36)+SUMPRODUCT((الطبخات!$B$2:$B$900=$A36)*الطبخات!$C$2:$C$900*COUNTIF('سجل الإنتاج'!$C$2:$C$501,الطبخات!$A$2:$A$900)),3)) -> 0
A37: =المواد!A37 -> عطر اوليفا | B37: =IFERROR(INDEX(الطبخات!$F$2:$F$900,MATCH(36,الطبخات!$G$2:$G$900,0)),"") -> معطر ارضيات الليمون المنعش | D37: =IF($B37="","",COUNTIF('سجل الإنتاج'!$C$2:$C$501,$B37)) -> 0 | F37: =IF($A37="","",ROUND(SUMIFS('الصرف المباشر'!$D$2:$D$501,'الصرف المباشر'!$C$2:$C$501,$A37)+SUMPRODUCT((الطبخات!$B$2:$B$900=$A37)*الطبخات!$C$2:$C$900*COUNTIF('سجل الإنتاج'!$C$2:$C$501,الطبخات!$A$2:$A$900)),3)) -> 0
A38: =المواد!A38 -> عطر ramani-kodi-000110 | B38: =IFERROR(INDEX(الطبخات!$F$2:$F$900,MATCH(37,الطبخات!$G$2:$G$900,0)),"") -> معطر ارضيات ببوري | D38: =IF($B38="","",COUNTIF('سجل الإنتاج'!$C$2:$C$501,$B38)) -> 0 | F38: =IF($A38="","",ROUND(SUMIFS('الصرف المباشر'!$D$2:$D$501,'الصرف المباشر'!$C$2:$C$501,$A38)+SUMPRODUCT((الطبخات!$B$2:$B$900=$A38)*الطبخات!$C$2:$C$900*COUNTIF('سجل الإنتاج'!$C$2:$C$501,الطبخات!$A$2:$A$900)),3)) -> 0
A39: =المواد!A39 -> عطر magic sprel - 6168581 | B39: =IFERROR(INDEX(الطبخات!$F$2:$F$900,MATCH(38,الطبخات!$G$2:$G$900,0)),"") -> معطر ارضيات رائحة الجوري | D39: =IF($B39="","",COUNTIF('سجل الإنتاج'!$C$2:$C$501,$B39)) -> 0 | F39: =IF($A39="","",ROUND(SUMIFS('الصرف المباشر'!$D$2:$D$501,'الصرف المباشر'!$C$2:$C$501,$A39)+SUMPRODUCT((الطبخات!$B$2:$B$900=$A39)*الطبخات!$C$2:$C$900*COUNTIF('سجل الإنتاج'!$C$2:$C$501,الطبخات!$A$2:$A$900)),3)) -> 0
A40: =المواد!A40 -> عطر kavien-clein-eforia-000020 | B40: =IFERROR(INDEX(الطبخات!$F$2:$F$900,MATCH(39,الطبخات!$G$2:$G$900,0)),"") -> معطر ارضيات زهرة التوليب | D40: =IF($B40="","",COUNTIF('سجل الإنتاج'!$C$2:$C$501,$B40)) -> 0 | F40: =IF($A40="","",ROUND(SUMIFS('الصرف المباشر'!$D$2:$D$501,'الصرف المباشر'!$C$2:$C$501,$A40)+SUMPRODUCT((الطبخات!$B$2:$B$900=$A40)*الطبخات!$C$2:$C$900*COUNTIF('سجل الإنتاج'!$C$2:$C$501,الطبخات!$A$2:$A$900)),3)) -> 0
A41: =المواد!A41 -> عطر energy-000400 | B41: =IFERROR(INDEX(الطبخات!$F$2:$F$900,MATCH(40,الطبخات!$G$2:$G$900,0)),"") -> معطر ارضيات موف او ليلك | D41: =IF($B41="","",COUNTIF('سجل الإنتاج'!$C$2:$C$501,$B41)) -> 0 | F41: =IF($A41="","",ROUND(SUMIFS('الصرف المباشر'!$D$2:$D$501,'الصرف المباشر'!$C$2:$C$501,$A41)+SUMPRODUCT((الطبخات!$B$2:$B$900=$A41)*الطبخات!$C$2:$C$900*COUNTIF('سجل الإنتاج'!$C$2:$C$501,الطبخات!$A$2:$A$900)),3)) -> 0
A42: =المواد!A42 -> عطر Blue APC - 0001198620 | B42: =IFERROR(INDEX(الطبخات!$F$2:$F$900,MATCH(41,الطبخات!$G$2:$G$900,0)),"") -> ملمع دواليب | D42: =IF($B42="","",COUNTIF('سجل الإنتاج'!$C$2:$C$501,$B42)) -> 0 | F42: =IF($A42="","",ROUND(SUMIFS('الصرف المباشر'!$D$2:$D$501,'الصرف المباشر'!$C$2:$C$501,$A42)+SUMPRODUCT((الطبخات!$B$2:$B$900=$A42)*الطبخات!$C$2:$C$900*COUNTIF('سجل الإنتاج'!$C$2:$C$501,الطبخات!$A$2:$A$900)),3)) -> 0
A43: =المواد!A43 -> عطر billionair-000250 | B43: =IFERROR(INDEX(الطبخات!$F$2:$F$900,MATCH(42,الطبخات!$G$2:$G$900,0)),"") -> ملمع زجاج 1000 كغ | D43: =IF($B43="","",COUNTIF('سجل الإنتاج'!$C$2:$C$501,$B43)) -> 0 | F43: =IF($A43="","",ROUND(SUMIFS('الصرف المباشر'!$D$2:$D$501,'الصرف المباشر'!$C$2:$C$501,$A43)+SUMPRODUCT((الطبخات!$B$2:$B$900=$A43)*الطبخات!$C$2:$C$900*COUNTIF('سجل الإنتاج'!$C$2:$C$501,الطبخات!$A$2:$A$900)),3)) -> 0
A44: =المواد!A44 -> عطر be-apple-000320 | B44: =IFERROR(INDEX(الطبخات!$F$2:$F$900,MATCH(43,الطبخات!$G$2:$G$900,0)),"") -> ملمع زجاج 150كغ | D44: =IF($B44="","",COUNTIF('سجل الإنتاج'!$C$2:$C$501,$B44)) -> 0 | F44: =IF($A44="","",ROUND(SUMIFS('الصرف المباشر'!$D$2:$D$501,'الصرف المباشر'!$C$2:$C$501,$A44)+SUMPRODUCT((الطبخات!$B$2:$B$900=$A44)*الطبخات!$C$2:$C$900*COUNTIF('سجل الإنتاج'!$C$2:$C$501,الطبخات!$A$2:$A$900)),3)) -> 0
A45: =المواد!A45 -> عبوة 1 لتر | B45: =IFERROR(INDEX(الطبخات!$F$2:$F$900,MATCH(44,الطبخات!$G$2:$G$900,0)),"") -> ملمع زجاج 750 كغ | D45: =IF($B45="","",COUNTIF('سجل الإنتاج'!$C$2:$C$501,$B45)) -> 0 | F45: =IF($A45="","",ROUND(SUMIFS('الصرف المباشر'!$D$2:$D$501,'الصرف المباشر'!$C$2:$C$501,$A45)+SUMPRODUCT((الطبخات!$B$2:$B$900=$A45)*الطبخات!$C$2:$C$900*COUNTIF('سجل الإنتاج'!$C$2:$C$501,الطبخات!$A$2:$A$900)),3)) -> 0
A46: =المواد!A46 -> طبالي خشب | B46: =IFERROR(INDEX(الطبخات!$F$2:$F$900,MATCH(45,الطبخات!$G$2:$G$900,0)),"") -> طبخة الاندومي | D46: =IF($B46="","",COUNTIF('سجل الإنتاج'!$C$2:$C$501,$B46)) -> 0 | F46: =IF($A46="","",ROUND(SUMIFS('الصرف المباشر'!$D$2:$D$501,'الصرف المباشر'!$C$2:$C$501,$A46)+SUMPRODUCT((الطبخات!$B$2:$B$900=$A46)*الطبخات!$C$2:$C$900*COUNTIF('سجل الإنتاج'!$C$2:$C$501,الطبخات!$A$2:$A$900)),3)) -> 0
A47: =المواد!A47 -> صودا أش | B47: =IFERROR(INDEX(الطبخات!$F$2:$F$900,MATCH(46,الطبخات!$G$2:$G$900,0)),"") | D47: =IF($B47="","",COUNTIF('سجل الإنتاج'!$C$2:$C$501,$B47)) | F47: =IF($A47="","",ROUND(SUMIFS('الصرف المباشر'!$D$2:$D$501,'الصرف المباشر'!$C$2:$C$501,$A47)+SUMPRODUCT((الطبخات!$B$2:$B$900=$A47)*الطبخات!$C$2:$C$900*COUNTIF('سجل الإنتاج'!$C$2:$C$501,الطبخات!$A$2:$A$900)),3)) -> 0
A48: =المواد!A48 -> صبغة | B48: =IFERROR(INDEX(الطبخات!$F$2:$F$900,MATCH(47,الطبخات!$G$2:$G$900,0)),"") | D48: =IF($B48="","",COUNTIF('سجل الإنتاج'!$C$2:$C$501,$B48)) | F48: =IF($A48="","",ROUND(SUMIFS('الصرف المباشر'!$D$2:$D$501,'الصرف المباشر'!$C$2:$C$501,$A48)+SUMPRODUCT((الطبخات!$B$2:$B$900=$A48)*الطبخات!$C$2:$C$900*COUNTIF('سجل الإنتاج'!$C$2:$C$501,الطبخات!$A$2:$A$900)),3)) -> 25
A49: =المواد!A49 -> سيليكات سائلة | B49: =IFERROR(INDEX(الطبخات!$F$2:$F$900,MATCH(48,الطبخات!$G$2:$G$900,0)),"") | D49: =IF($B49="","",COUNTIF('سجل الإنتاج'!$C$2:$C$501,$B49)) | F49: =IF($A49="","",ROUND(SUMIFS('الصرف المباشر'!$D$2:$D$501,'الصرف المباشر'!$C$2:$C$501,$A49)+SUMPRODUCT((الطبخات!$B$2:$B$900=$A49)*الطبخات!$C$2:$C$900*COUNTIF('سجل الإنتاج'!$C$2:$C$501,الطبخات!$A$2:$A$900)),3)) -> 0
A50: =المواد!A50 -> زيت الصنوبر | B50: =IFERROR(INDEX(الطبخات!$F$2:$F$900,MATCH(49,الطبخات!$G$2:$G$900,0)),"") | D50: =IF($B50="","",COUNTIF('سجل الإنتاج'!$C$2:$C$501,$B50)) | F50: =IF($A50="","",ROUND(SUMIFS('الصرف المباشر'!$D$2:$D$501,'الصرف المباشر'!$C$2:$C$501,$A50)+SUMPRODUCT((الطبخات!$B$2:$B$900=$A50)*الطبخات!$C$2:$C$900*COUNTIF('سجل الإنتاج'!$C$2:$C$501,الطبخات!$A$2:$A$900)),3)) -> 0
A51: =المواد!A51 -> زفتة | B51: =IFERROR(INDEX(الطبخات!$F$2:$F$900,MATCH(50,الطبخات!$G$2:$G$900,0)),"") | D51: =IF($B51="","",COUNTIF('سجل الإنتاج'!$C$2:$C$501,$B51)) | F51: =IF($A51="","",ROUND(SUMIFS('الصرف المباشر'!$D$2:$D$501,'الصرف المباشر'!$C$2:$C$501,$A51)+SUMPRODUCT((الطبخات!$B$2:$B$900=$A51)*الطبخات!$C$2:$C$900*COUNTIF('سجل الإنتاج'!$C$2:$C$501,الطبخات!$A$2:$A$900)),3)) -> 150
A52: =المواد!A52 -> ديباتيول فينب | B52: =IFERROR(INDEX(الطبخات!$F$2:$F$900,MATCH(51,الطبخات!$G$2:$G$900,0)),"") | D52: =IF($B52="","",COUNTIF('سجل الإنتاج'!$C$2:$C$501,$B52)) | F52: =IF($A52="","",ROUND(SUMIFS('الصرف المباشر'!$D$2:$D$501,'الصرف المباشر'!$C$2:$C$501,$A52)+SUMPRODUCT((الطبخات!$B$2:$B$900=$A52)*الطبخات!$C$2:$C$900*COUNTIF('سجل الإنتاج'!$C$2:$C$501,الطبخات!$A$2:$A$900)),3)) -> 0
A53: =المواد!A53 -> دواء غسيل نصف مصنع | B53: =IFERROR(INDEX(الطبخات!$F$2:$F$900,MATCH(52,الطبخات!$G$2:$G$900,0)),"") | D53: =IF($B53="","",COUNTIF('سجل الإنتاج'!$C$2:$C$501,$B53)) | F53: =IF($A53="","",ROUND(SUMIFS('الصرف المباشر'!$D$2:$D$501,'الصرف المباشر'!$C$2:$C$501,$A53)+SUMPRODUCT((الطبخات!$B$2:$B$900=$A53)*الطبخات!$C$2:$C$900*COUNTIF('سجل الإنتاج'!$C$2:$C$501,الطبخات!$A$2:$A$900)),3)) -> 0
A54: =المواد!A54 -> حمض الليمون | B54: =IFERROR(INDEX(الطبخات!$F$2:$F$900,MATCH(53,الطبخات!$G$2:$G$900,0)),"") | D54: =IF($B54="","",COUNTIF('سجل الإنتاج'!$C$2:$C$501,$B54)) | F54: =IF($A54="","",ROUND(SUMIFS('الصرف المباشر'!$D$2:$D$501,'الصرف المباشر'!$C$2:$C$501,$A54)+SUMPRODUCT((الطبخات!$B$2:$B$900=$A54)*الطبخات!$C$2:$C$900*COUNTIF('سجل الإنتاج'!$C$2:$C$501,الطبخات!$A$2:$A$900)),3)) -> 0
A55: =المواد!A55 -> حمض الكبريت | B55: =IFERROR(INDEX(الطبخات!$F$2:$F$900,MATCH(54,الطبخات!$G$2:$G$900,0)),"") | D55: =IF($B55="","",COUNTIF('سجل الإنتاج'!$C$2:$C$501,$B55)) | F55: =IF($A55="","",ROUND(SUMIFS('الصرف المباشر'!$D$2:$D$501,'الصرف المباشر'!$C$2:$C$501,$A55)+SUMPRODUCT((الطبخات!$B$2:$B$900=$A55)*الطبخات!$C$2:$C$900*COUNTIF('سجل الإنتاج'!$C$2:$C$501,الطبخات!$A$2:$A$900)),3)) -> 0
A56: =المواد!A56 -> حمض الخل | B56: =IFERROR(INDEX(الطبخات!$F$2:$F$900,MATCH(55,الطبخات!$G$2:$G$900,0)),"") | D56: =IF($B56="","",COUNTIF('سجل الإنتاج'!$C$2:$C$501,$B56)) | F56: =IF($A56="","",ROUND(SUMIFS('الصرف المباشر'!$D$2:$D$501,'الصرف المباشر'!$C$2:$C$501,$A56)+SUMPRODUCT((الطبخات!$B$2:$B$900=$A56)*الطبخات!$C$2:$C$900*COUNTIF('سجل الإنتاج'!$C$2:$C$501,الطبخات!$A$2:$A$900)),3)) -> 0
A57: =المواد!A57 -> حليب التين | B57: =IFERROR(INDEX(الطبخات!$F$2:$F$900,MATCH(56,الطبخات!$G$2:$G$900,0)),"") | D57: =IF($B57="","",COUNTIF('سجل الإنتاج'!$C$2:$C$501,$B57)) | F57: =IF($A57="","",ROUND(SUMIFS('الصرف المباشر'!$D$2:$D$501,'الصرف المباشر'!$C$2:$C$501,$A57)+SUMPRODUCT((الطبخات!$B$2:$B$900=$A57)*الطبخات!$C$2:$C$900*COUNTIF('سجل الإنتاج'!$C$2:$C$501,الطبخات!$A$2:$A$900)),3)) -> 0
A58: =المواد!A58 -> طبخة الشامبو | B58: =IFERROR(INDEX(الطبخات!$F$2:$F$900,MATCH(57,الطبخات!$G$2:$G$900,0)),"") | D58: =IF($B58="","",COUNTIF('سجل الإنتاج'!$C$2:$C$501,$B58)) | F58: =IF($A58="","",ROUND(SUMIFS('الصرف المباشر'!$D$2:$D$501,'الصرف المباشر'!$C$2:$C$501,$A58)+SUMPRODUCT((الطبخات!$B$2:$B$900=$A58)*الطبخات!$C$2:$C$900*COUNTIF('سجل الإنتاج'!$C$2:$C$501,الطبخات!$A$2:$A$900)),3)) -> 0
A59: =المواد!A59 -> تكسبون | B59: =IFERROR(INDEX(الطبخات!$F$2:$F$900,MATCH(58,الطبخات!$G$2:$G$900,0)),"") | D59: =IF($B59="","",COUNTIF('سجل الإنتاج'!$C$2:$C$501,$B59)) | F59: =IF($A59="","",ROUND(SUMIFS('الصرف المباشر'!$D$2:$D$501,'الصرف المباشر'!$C$2:$C$501,$A59)+SUMPRODUCT((الطبخات!$B$2:$B$900=$A59)*الطبخات!$C$2:$C$900*COUNTIF('سجل الإنتاج'!$C$2:$C$501,الطبخات!$A$2:$A$900)),3)) -> 100
A60: =المواد!A60 -> بيدون 4 لتر | B60: =IFERROR(INDEX(الطبخات!$F$2:$F$900,MATCH(59,الطبخات!$G$2:$G$900,0)),"") | D60: =IF($B60="","",COUNTIF('سجل الإنتاج'!$C$2:$C$501,$B60)) | F60: =IF($A60="","",ROUND(SUMIFS('الصرف المباشر'!$D$2:$D$501,'الصرف المباشر'!$C$2:$C$501,$A60)+SUMPRODUCT((الطبخات!$B$2:$B$900=$A60)*الطبخات!$C$2:$C$900*COUNTIF('سجل الإنتاج'!$C$2:$C$501,الطبخات!$A$2:$A$900)),3)) -> 0
A61: =المواد!A61 -> بيتائين | B61: =IFERROR(INDEX(الطبخات!$F$2:$F$900,MATCH(60,الطبخات!$G$2:$G$900,0)),"") | D61: =IF($B61="","",COUNTIF('سجل الإنتاج'!$C$2:$C$501,$B61)) | F61: =IF($A61="","",ROUND(SUMIFS('الصرف المباشر'!$D$2:$D$501,'الصرف المباشر'!$C$2:$C$501,$A61)+SUMPRODUCT((الطبخات!$B$2:$B$900=$A61)*الطبخات!$C$2:$C$900*COUNTIF('سجل الإنتاج'!$C$2:$C$501,الطبخات!$A$2:$A$900)),3)) -> 50
A62: =المواد!A62 -> بوتيل غليكول | B62: =IFERROR(INDEX(الطبخات!$F$2:$F$900,MATCH(61,الطبخات!$G$2:$G$900,0)),"") | D62: =IF($B62="","",COUNTIF('سجل الإنتاج'!$C$2:$C$501,$B62)) | F62: =IF($A62="","",ROUND(SUMIFS('الصرف المباشر'!$D$2:$D$501,'الصرف المباشر'!$C$2:$C$501,$A62)+SUMPRODUCT((الطبخات!$B$2:$B$900=$A62)*الطبخات!$C$2:$C$900*COUNTIF('سجل الإنتاج'!$C$2:$C$501,الطبخات!$A$2:$A$900)),3)) -> 0
A63: =المواد!A63 -> بلسم جامد | B63: =IFERROR(INDEX(الطبخات!$F$2:$F$900,MATCH(62,الطبخات!$G$2:$G$900,0)),"") | D63: =IF($B63="","",COUNTIF('سجل الإنتاج'!$C$2:$C$501,$B63)) | F63: =IF($A63="","",ROUND(SUMIFS('الصرف المباشر'!$D$2:$D$501,'الصرف المباشر'!$C$2:$C$501,$A63)+SUMPRODUCT((الطبخات!$B$2:$B$900=$A63)*الطبخات!$C$2:$C$900*COUNTIF('سجل الإنتاج'!$C$2:$C$501,الطبخات!$A$2:$A$900)),3)) -> 0
A64: =المواد!A64 -> بروبلين - فينب | B64: =IFERROR(INDEX(الطبخات!$F$2:$F$900,MATCH(63,الطبخات!$G$2:$G$900,0)),"") | D64: =IF($B64="","",COUNTIF('سجل الإنتاج'!$C$2:$C$501,$B64)) | F64: =IF($A64="","",ROUND(SUMIFS('الصرف المباشر'!$D$2:$D$501,'الصرف المباشر'!$C$2:$C$501,$A64)+SUMPRODUCT((الطبخات!$B$2:$B$900=$A64)*الطبخات!$C$2:$C$900*COUNTIF('سجل الإنتاج'!$C$2:$C$501,الطبخات!$A$2:$A$900)),3)) -> 0
A65: =المواد!A65 -> ايمولجين | B65: =IFERROR(INDEX(الطبخات!$F$2:$F$900,MATCH(64,الطبخات!$G$2:$G$900,0)),"") | D65: =IF($B65="","",COUNTIF('سجل الإنتاج'!$C$2:$C$501,$B65)) | F65: =IF($A65="","",ROUND(SUMIFS('الصرف المباشر'!$D$2:$D$501,'الصرف المباشر'!$C$2:$C$501,$A65)+SUMPRODUCT((الطبخات!$B$2:$B$900=$A65)*الطبخات!$C$2:$C$900*COUNTIF('سجل الإنتاج'!$C$2:$C$501,الطبخات!$A$2:$A$900)),3)) -> 0
A66: =المواد!A66 -> ايديتا | B66: =IFERROR(INDEX(الطبخات!$F$2:$F$900,MATCH(65,الطبخات!$G$2:$G$900,0)),"") | D66: =IF($B66="","",COUNTIF('سجل الإنتاج'!$C$2:$C$501,$B66)) | F66: =IF($A66="","",ROUND(SUMIFS('الصرف المباشر'!$D$2:$D$501,'الصرف المباشر'!$C$2:$C$501,$A66)+SUMPRODUCT((الطبخات!$B$2:$B$900=$A66)*الطبخات!$C$2:$C$900*COUNTIF('سجل الإنتاج'!$C$2:$C$501,الطبخات!$A$2:$A$900)),3)) -> 0
A67: =المواد!A67 -> اسيد - روح الملح - حمض كلور الماء | B67: =IFERROR(INDEX(الطبخات!$F$2:$F$900,MATCH(66,الطبخات!$G$2:$G$900,0)),"") | D67: =IF($B67="","",COUNTIF('سجل الإنتاج'!$C$2:$C$501,$B67)) | F67: =IF($A67="","",ROUND(SUMIFS('الصرف المباشر'!$D$2:$D$501,'الصرف المباشر'!$C$2:$C$501,$A67)+SUMPRODUCT((الطبخات!$B$2:$B$900=$A67)*الطبخات!$C$2:$C$900*COUNTIF('سجل الإنتاج'!$C$2:$C$501,الطبخات!$A$2:$A$900)),3)) -> 0
A68: =المواد!A68 -> اسيتون | B68: =IFERROR(INDEX(الطبخات!$F$2:$F$900,MATCH(67,الطبخات!$G$2:$G$900,0)),"") | D68: =IF($B68="","",COUNTIF('سجل الإنتاج'!$C$2:$C$501,$B68)) | F68: =IF($A68="","",ROUND(SUMIFS('الصرف المباشر'!$D$2:$D$501,'الصرف المباشر'!$C$2:$C$501,$A68)+SUMPRODUCT((الطبخات!$B$2:$B$900=$A68)*الطبخات!$C$2:$C$900*COUNTIF('سجل الإنتاج'!$C$2:$C$501,الطبخات!$A$2:$A$900)),3)) -> 0
A69: =المواد!A69 -> لصاقة طابعة | B69: =IFERROR(INDEX(الطبخات!$F$2:$F$900,MATCH(68,الطبخات!$G$2:$G$900,0)),"") | D69: =IF($B69="","",COUNTIF('سجل الإنتاج'!$C$2:$C$501,$B69)) | F69: =IF($A69="","",ROUND(SUMIFS('الصرف المباشر'!$D$2:$D$501,'الصرف المباشر'!$C$2:$C$501,$A69)+SUMPRODUCT((الطبخات!$B$2:$B$900=$A69)*الطبخات!$C$2:$C$900*COUNTIF('سجل الإنتاج'!$C$2:$C$501,الطبخات!$A$2:$A$900)),3)) -> 0
A70: =المواد!A70 -> كريك بلاستيك | B70: =IFERROR(INDEX(الطبخات!$F$2:$F$900,MATCH(69,الطبخات!$G$2:$G$900,0)),"") | D70: =IF($B70="","",COUNTIF('سجل الإنتاج'!$C$2:$C$501,$B70)) | F70: =IF($A70="","",ROUND(SUMIFS('الصرف المباشر'!$D$2:$D$501,'الصرف المباشر'!$C$2:$C$501,$A70)+SUMPRODUCT((الطبخات!$B$2:$B$900=$A70)*الطبخات!$C$2:$C$900*COUNTIF('سجل الإنتاج'!$C$2:$C$501,الطبخات!$A$2:$A$900)),3)) -> 0
A71: =المواد!A71 -> فازلين | B71: =IFERROR(INDEX(الطبخات!$F$2:$F$900,MATCH(70,الطبخات!$G$2:$G$900,0)),"") | D71: =IF($B71="","",COUNTIF('سجل الإنتاج'!$C$2:$C$501,$B71)) | F71: =IF($A71="","",ROUND(SUMIFS('الصرف المباشر'!$D$2:$D$501,'الصرف المباشر'!$C$2:$C$501,$A71)+SUMPRODUCT((الطبخات!$B$2:$B$900=$A71)*الطبخات!$C$2:$C$900*COUNTIF('سجل الإنتاج'!$C$2:$C$501,الطبخات!$A$2:$A$900)),3)) -> 0
A72: =المواد!A72 -> عبوات كلور + فلاش فارغة | B72: =IFERROR(INDEX(الطبخات!$F$2:$F$900,MATCH(71,الطبخات!$G$2:$G$900,0)),"") | D72: =IF($B72="","",COUNTIF('سجل الإنتاج'!$C$2:$C$501,$B72)) | F72: =IF($A72="","",ROUND(SUMIFS('الصرف المباشر'!$D$2:$D$501,'الصرف المباشر'!$C$2:$C$501,$A72)+SUMPRODUCT((الطبخات!$B$2:$B$900=$A72)*الطبخات!$C$2:$C$900*COUNTIF('سجل الإنتاج'!$C$2:$C$501,الطبخات!$A$2:$A$900)),3)) -> 0
A73: =المواد!A73 -> عبوات شفافة 3 لتر | B73: =IFERROR(INDEX(الطبخات!$F$2:$F$900,MATCH(72,الطبخات!$G$2:$G$900,0)),"") | D73: =IF($B73="","",COUNTIF('سجل الإنتاج'!$C$2:$C$501,$B73)) | F73: =IF($A73="","",ROUND(SUMIFS('الصرف المباشر'!$D$2:$D$501,'الصرف المباشر'!$C$2:$C$501,$A73)+SUMPRODUCT((الطبخات!$B$2:$B$900=$A73)*الطبخات!$C$2:$C$900*COUNTIF('سجل الإنتاج'!$C$2:$C$501,الطبخات!$A$2:$A$900)),3)) -> 0
A74: =المواد!A74 -> عبوات حليبي | B74: =IFERROR(INDEX(الطبخات!$F$2:$F$900,MATCH(73,الطبخات!$G$2:$G$900,0)),"") | D74: =IF($B74="","",COUNTIF('سجل الإنتاج'!$C$2:$C$501,$B74)) | F74: =IF($A74="","",ROUND(SUMIFS('الصرف المباشر'!$D$2:$D$501,'الصرف المباشر'!$C$2:$C$501,$A74)+SUMPRODUCT((الطبخات!$B$2:$B$900=$A74)*الطبخات!$C$2:$C$900*COUNTIF('سجل الإنتاج'!$C$2:$C$501,الطبخات!$A$2:$A$900)),3)) -> 0
A75: =المواد!#REF! -> #REF! | B75: =IFERROR(INDEX(الطبخات!$F$2:$F$900,MATCH(74,الطبخات!$G$2:$G$900,0)),"") | D75: =IF($B75="","",COUNTIF('سجل الإنتاج'!$C$2:$C$501,$B75)) | F75: =IF($A75="","",ROUND(SUMIFS('الصرف المباشر'!$D$2:$D$501,'الصرف المباشر'!$C$2:$C$501,$A75)+SUMPRODUCT((الطبخات!$B$2:$B$900=$A75)*الطبخات!$C$2:$C$900*COUNTIF('سجل الإنتاج'!$C$2:$C$501,الطبخات!$A$2:$A$900)),3)) -> #REF!
A76: =المواد!A75 -> عطر عود | B76: =IFERROR(INDEX(الطبخات!$F$2:$F$900,MATCH(75,الطبخات!$G$2:$G$900,0)),"") | D76: =IF($B76="","",COUNTIF('سجل الإنتاج'!$C$2:$C$501,$B76)) | F76: =IF($A76="","",ROUND(SUMIFS('الصرف المباشر'!$D$2:$D$501,'الصرف المباشر'!$C$2:$C$501,$A76)+SUMPRODUCT((الطبخات!$B$2:$B$900=$A76)*الطبخات!$C$2:$C$900*COUNTIF('سجل الإنتاج'!$C$2:$C$501,الطبخات!$A$2:$A$900)),3)) -> 0
A77: =المواد!A76 -> بربولين غيلمول | B77: =IFERROR(INDEX(الطبخات!$F$2:$F$900,MATCH(76,الطبخات!$G$2:$G$900,0)),"") | D77: =IF($B77="","",COUNTIF('سجل الإنتاج'!$C$2:$C$501,$B77)) | F77: =IF($A77="","",ROUND(SUMIFS('الصرف المباشر'!$D$2:$D$501,'الصرف المباشر'!$C$2:$C$501,$A77)+SUMPRODUCT((الطبخات!$B$2:$B$900=$A77)*الطبخات!$C$2:$C$900*COUNTIF('سجل الإنتاج'!$C$2:$C$501,الطبخات!$A$2:$A$900)),3)) -> 0
A78: =المواد!A77 -> حبيبات ملونة | B78: =IFERROR(INDEX(الطبخات!$F$2:$F$900,MATCH(77,الطبخات!$G$2:$G$900,0)),"") | D78: =IF($B78="","",COUNTIF('سجل الإنتاج'!$C$2:$C$501,$B78)) | F78: =IF($A78="","",ROUND(SUMIFS('الصرف المباشر'!$D$2:$D$501,'الصرف المباشر'!$C$2:$C$501,$A78)+SUMPRODUCT((الطبخات!$B$2:$B$900=$A78)*الطبخات!$C$2:$C$900*COUNTIF('سجل الإنتاج'!$C$2:$C$501,الطبخات!$A$2:$A$900)),3)) -> 0
A79: =المواد!A78 -> غطا عبوة 3لتر | B79: =IFERROR(INDEX(الطبخات!$F$2:$F$900,MATCH(78,الطبخات!$G$2:$G$900,0)),"") | D79: =IF($B79="","",COUNTIF('سجل الإنتاج'!$C$2:$C$501,$B79)) | F79: =IF($A79="","",ROUND(SUMIFS('الصرف المباشر'!$D$2:$D$501,'الصرف المباشر'!$C$2:$C$501,$A79)+SUMPRODUCT((الطبخات!$B$2:$B$900=$A79)*الطبخات!$C$2:$C$900*COUNTIF('سجل الإنتاج'!$C$2:$C$501,الطبخات!$A$2:$A$900)),3)) -> 0
A80: =المواد!A79 -> مياه مقطرة 4 لتر | B80: =IFERROR(INDEX(الطبخات!$F$2:$F$900,MATCH(79,الطبخات!$G$2:$G$900,0)),"") | D80: =IF($B80="","",COUNTIF('سجل الإنتاج'!$C$2:$C$501,$B80)) | F80: =IF($A80="","",ROUND(SUMIFS('الصرف المباشر'!$D$2:$D$501,'الصرف المباشر'!$C$2:$C$501,$A80)+SUMPRODUCT((الطبخات!$B$2:$B$900=$A80)*الطبخات!$C$2:$C$900*COUNTIF('سجل الإنتاج'!$C$2:$C$501,الطبخات!$A$2:$A$900)),3)) -> 0
A81: =المواد!A80 -> مياه مقطرة 1 لتر | B81: =IFERROR(INDEX(الطبخات!$F$2:$F$900,MATCH(80,الطبخات!$G$2:$G$900,0)),"") | D81: =IF($B81="","",COUNTIF('سجل الإنتاج'!$C$2:$C$501,$B81)) | F81: =IF($A81="","",ROUND(SUMIFS('الصرف المباشر'!$D$2:$D$501,'الصرف المباشر'!$C$2:$C$501,$A81)+SUMPRODUCT((الطبخات!$B$2:$B$900=$A81)*الطبخات!$C$2:$C$900*COUNTIF('سجل الإنتاج'!$C$2:$C$501,الطبخات!$A$2:$A$900)),3)) -> 0
A82: =المواد!A81 -> مهسهس زفته - معجون | B82: =IFERROR(INDEX(الطبخات!$F$2:$F$900,MATCH(81,الطبخات!$G$2:$G$900,0)),"") | D82: =IF($B82="","",COUNTIF('سجل الإنتاج'!$C$2:$C$501,$B82)) | F82: =IF($A82="","",ROUND(SUMIFS('الصرف المباشر'!$D$2:$D$501,'الصرف المباشر'!$C$2:$C$501,$A82)+SUMPRODUCT((الطبخات!$B$2:$B$900=$A82)*الطبخات!$C$2:$C$900*COUNTIF('سجل الإنتاج'!$C$2:$C$501,الطبخات!$A$2:$A$900)),3)) -> 0
A83: =المواد!A82 -> مماسح مكتب َ | B83: =IFERROR(INDEX(الطبخات!$F$2:$F$900,MATCH(82,الطبخات!$G$2:$G$900,0)),"") | D83: =IF($B83="","",COUNTIF('سجل الإنتاج'!$C$2:$C$501,$B83)) | F83: =IF($A83="","",ROUND(SUMIFS('الصرف المباشر'!$D$2:$D$501,'الصرف المباشر'!$C$2:$C$501,$A83)+SUMPRODUCT((الطبخات!$B$2:$B$900=$A83)*الطبخات!$C$2:$C$900*COUNTIF('سجل الإنتاج'!$C$2:$C$501,الطبخات!$A$2:$A$900)),3)) -> 0
A84: =المواد!A83 -> مماسح قماش عائلة فايبر | B84: =IFERROR(INDEX(الطبخات!$F$2:$F$900,MATCH(83,الطبخات!$G$2:$G$900,0)),"") | D84: =IF($B84="","",COUNTIF('سجل الإنتاج'!$C$2:$C$501,$B84)) | F84: =IF($A84="","",ROUND(SUMIFS('الصرف المباشر'!$D$2:$D$501,'الصرف المباشر'!$C$2:$C$501,$A84)+SUMPRODUCT((الطبخات!$B$2:$B$900=$A84)*الطبخات!$C$2:$C$900*COUNTIF('سجل الإنتاج'!$C$2:$C$501,الطبخات!$A$2:$A$900)),3)) -> 0
A85: =المواد!A84 -> مماسح بلور | B85: =IFERROR(INDEX(الطبخات!$F$2:$F$900,MATCH(84,الطبخات!$G$2:$G$900,0)),"") | D85: =IF($B85="","",COUNTIF('سجل الإنتاج'!$C$2:$C$501,$B85)) | F85: =IF($A85="","",ROUND(SUMIFS('الصرف المباشر'!$D$2:$D$501,'الصرف المباشر'!$C$2:$C$501,$A85)+SUMPRODUCT((الطبخات!$B$2:$B$900=$A85)*الطبخات!$C$2:$C$900*COUNTIF('سجل الإنتاج'!$C$2:$C$501,الطبخات!$A$2:$A$900)),3)) -> 0
A86: =المواد!A85 -> مماسح ارضيات | B86: =IFERROR(INDEX(الطبخات!$F$2:$F$900,MATCH(85,الطبخات!$G$2:$G$900,0)),"") | D86: =IF($B86="","",COUNTIF('سجل الإنتاج'!$C$2:$C$501,$B86)) | F86: =IF($A86="","",ROUND(SUMIFS('الصرف المباشر'!$D$2:$D$501,'الصرف المباشر'!$C$2:$C$501,$A86)+SUMPRODUCT((الطبخات!$B$2:$B$900=$A86)*الطبخات!$C$2:$C$900*COUNTIF('سجل الإنتاج'!$C$2:$C$501,الطبخات!$A$2:$A$900)),3)) -> 0
A87: =المواد!A86 -> ملمع سيارات 3 لتر | B87: =IFERROR(INDEX(الطبخات!$F$2:$F$900,MATCH(86,الطبخات!$G$2:$G$900,0)),"") | D87: =IF($B87="","",COUNTIF('سجل الإنتاج'!$C$2:$C$501,$B87)) | F87: =IF($A87="","",ROUND(SUMIFS('الصرف المباشر'!$D$2:$D$501,'الصرف المباشر'!$C$2:$C$501,$A87)+SUMPRODUCT((الطبخات!$B$2:$B$900=$A87)*الطبخات!$C$2:$C$900*COUNTIF('سجل الإنتاج'!$C$2:$C$501,الطبخات!$A$2:$A$900)),3)) -> 0
A88: =المواد!A87 -> ملمع سيارات / فرط | B88: =IFERROR(INDEX(الطبخات!$F$2:$F$900,MATCH(87,الطبخات!$G$2:$G$900,0)),"") | D88: =IF($B88="","",COUNTIF('سجل الإنتاج'!$C$2:$C$501,$B88)) | F88: =IF($A88="","",ROUND(SUMIFS('الصرف المباشر'!$D$2:$D$501,'الصرف المباشر'!$C$2:$C$501,$A88)+SUMPRODUCT((الطبخات!$B$2:$B$900=$A88)*الطبخات!$C$2:$C$900*COUNTIF('سجل الإنتاج'!$C$2:$C$501,الطبخات!$A$2:$A$900)),3)) -> 0
A89: =المواد!A88 -> ملمع زجاج الكرمل | B89: =IFERROR(INDEX(الطبخات!$F$2:$F$900,MATCH(88,الطبخات!$G$2:$G$900,0)),"") | D89: =IF($B89="","",COUNTIF('سجل الإنتاج'!$C$2:$C$501,$B89)) | F89: =IF($A89="","",ROUND(SUMIFS('الصرف المباشر'!$D$2:$D$501,'الصرف المباشر'!$C$2:$C$501,$A89)+SUMPRODUCT((الطبخات!$B$2:$B$900=$A89)*الطبخات!$C$2:$C$900*COUNTIF('سجل الإنتاج'!$C$2:$C$501,الطبخات!$A$2:$A$900)),3)) -> 0
A90: =المواد!A89 -> ملمع زجاج 3 لتر | B90: =IFERROR(INDEX(الطبخات!$F$2:$F$900,MATCH(89,الطبخات!$G$2:$G$900,0)),"") | D90: =IF($B90="","",COUNTIF('سجل الإنتاج'!$C$2:$C$501,$B90)) | F90: =IF($A90="","",ROUND(SUMIFS('الصرف المباشر'!$D$2:$D$501,'الصرف المباشر'!$C$2:$C$501,$A90)+SUMPRODUCT((الطبخات!$B$2:$B$900=$A90)*الطبخات!$C$2:$C$900*COUNTIF('سجل الإنتاج'!$C$2:$C$501,الطبخات!$A$2:$A$900)),3)) -> 0
A91: =المواد!A90 -> ملمع زجاج / فرط | B91: =IFERROR(INDEX(الطبخات!$F$2:$F$900,MATCH(90,الطبخات!$G$2:$G$900,0)),"") | D91: =IF($B91="","",COUNTIF('سجل الإنتاج'!$C$2:$C$501,$B91)) | F91: =IF($A91="","",ROUND(SUMIFS('الصرف المباشر'!$D$2:$D$501,'الصرف المباشر'!$C$2:$C$501,$A91)+SUMPRODUCT((الطبخات!$B$2:$B$900=$A91)*الطبخات!$C$2:$C$900*COUNTIF('سجل الإنتاج'!$C$2:$C$501,الطبخات!$A$2:$A$900)),3)) -> 0
A92: =المواد!A91 -> ملطف جو ليتس | B92: =IFERROR(INDEX(الطبخات!$F$2:$F$900,MATCH(91,الطبخات!$G$2:$G$900,0)),"") | D92: =IF($B92="","",COUNTIF('سجل الإنتاج'!$C$2:$C$501,$B92)) | F92: =IF($A92="","",ROUND(SUMIFS('الصرف المباشر'!$D$2:$D$501,'الصرف المباشر'!$C$2:$C$501,$A92)+SUMPRODUCT((الطبخات!$B$2:$B$900=$A92)*الطبخات!$C$2:$C$900*COUNTIF('سجل الإنتاج'!$C$2:$C$501,الطبخات!$A$2:$A$900)),3)) -> 0
A93: =المواد!A92 -> ملطف جو | B93: =IFERROR(INDEX(الطبخات!$F$2:$F$900,MATCH(92,الطبخات!$G$2:$G$900,0)),"") | D93: =IF($B93="","",COUNTIF('سجل الإنتاج'!$C$2:$C$501,$B93)) | F93: =IF($A93="","",ROUND(SUMIFS('الصرف المباشر'!$D$2:$D$501,'الصرف المباشر'!$C$2:$C$501,$A93)+SUMPRODUCT((الطبخات!$B$2:$B$900=$A93)*الطبخات!$C$2:$C$900*COUNTIF('سجل الإنتاج'!$C$2:$C$501,الطبخات!$A$2:$A$900)),3)) -> 0
A94: =المواد!A93 -> مكانس ناعمة كثيفة | B94: =IFERROR(INDEX(الطبخات!$F$2:$F$900,MATCH(93,الطبخات!$G$2:$G$900,0)),"") | D94: =IF($B94="","",COUNTIF('سجل الإنتاج'!$C$2:$C$501,$B94)) | F94: =IF($A94="","",ROUND(SUMIFS('الصرف المباشر'!$D$2:$D$501,'الصرف المباشر'!$C$2:$C$501,$A94)+SUMPRODUCT((الطبخات!$B$2:$B$900=$A94)*الطبخات!$C$2:$C$900*COUNTIF('سجل الإنتاج'!$C$2:$C$501,الطبخات!$A$2:$A$900)),3)) -> 0
A95: =المواد!A94 -> مكانس خشنة | B95: =IFERROR(INDEX(الطبخات!$F$2:$F$900,MATCH(94,الطبخات!$G$2:$G$900,0)),"") | D95: =IF($B95="","",COUNTIF('سجل الإنتاج'!$C$2:$C$501,$B95)) | F95: =IF($A95="","",ROUND(SUMIFS('الصرف المباشر'!$D$2:$D$501,'الصرف المباشر'!$C$2:$C$501,$A95)+SUMPRODUCT((الطبخات!$B$2:$B$900=$A95)*الطبخات!$C$2:$C$900*COUNTIF('سجل الإنتاج'!$C$2:$C$501,الطبخات!$A$2:$A$900)),3)) -> 0
A96: =المواد!A95 -> معطر كرمل . | B96: =IFERROR(INDEX(الطبخات!$F$2:$F$900,MATCH(95,الطبخات!$G$2:$G$900,0)),"") | D96: =IF($B96="","",COUNTIF('سجل الإنتاج'!$C$2:$C$501,$B96)) | F96: =IF($A96="","",ROUND(SUMIFS('الصرف المباشر'!$D$2:$D$501,'الصرف المباشر'!$C$2:$C$501,$A96)+SUMPRODUCT((الطبخات!$B$2:$B$900=$A96)*الطبخات!$C$2:$C$900*COUNTIF('سجل الإنتاج'!$C$2:$C$501,الطبخات!$A$2:$A$900)),3)) -> 0
A97: =المواد!A96 -> معطر عافية | B97: =IFERROR(INDEX(الطبخات!$F$2:$F$900,MATCH(96,الطبخات!$G$2:$G$900,0)),"") | D97: =IF($B97="","",COUNTIF('سجل الإنتاج'!$C$2:$C$501,$B97)) | F97: =IF($A97="","",ROUND(SUMIFS('الصرف المباشر'!$D$2:$D$501,'الصرف المباشر'!$C$2:$C$501,$A97)+SUMPRODUCT((الطبخات!$B$2:$B$900=$A97)*الطبخات!$C$2:$C$900*COUNTIF('سجل الإنتاج'!$C$2:$C$501,الطبخات!$A$2:$A$900)),3)) -> 0
A98: =المواد!A97 -> معطر super / فرط | B98: =IFERROR(INDEX(الطبخات!$F$2:$F$900,MATCH(97,الطبخات!$G$2:$G$900,0)),"") | D98: =IF($B98="","",COUNTIF('سجل الإنتاج'!$C$2:$C$501,$B98)) | F98: =IF($A98="","",ROUND(SUMIFS('الصرف المباشر'!$D$2:$D$501,'الصرف المباشر'!$C$2:$C$501,$A98)+SUMPRODUCT((الطبخات!$B$2:$B$900=$A98)*الطبخات!$C$2:$C$900*COUNTIF('سجل الإنتاج'!$C$2:$C$501,الطبخات!$A$2:$A$900)),3)) -> 0
A99: =المواد!A98 -> معطر super / عبوة 3 لتر | B99: =IFERROR(INDEX(الطبخات!$F$2:$F$900,MATCH(98,الطبخات!$G$2:$G$900,0)),"") | D99: =IF($B99="","",COUNTIF('سجل الإنتاج'!$C$2:$C$501,$B99)) | F99: =IF($A99="","",ROUND(SUMIFS('الصرف المباشر'!$D$2:$D$501,'الصرف المباشر'!$C$2:$C$501,$A99)+SUMPRODUCT((الطبخات!$B$2:$B$900=$A99)*الطبخات!$C$2:$C$900*COUNTIF('سجل الإنتاج'!$C$2:$C$501,الطبخات!$A$2:$A$900)),3)) -> 0
A100: =المواد!A99 -> مساحات / نشافات | B100: =IFERROR(INDEX(الطبخات!$F$2:$F$900,MATCH(99,الطبخات!$G$2:$G$900,0)),"") | D100: =IF($B100="","",COUNTIF('سجل الإنتاج'!$C$2:$C$501,$B100)) | F100: =IF($A100="","",ROUND(SUMIFS('الصرف المباشر'!$D$2:$D$501,'الصرف المباشر'!$C$2:$C$501,$A100)+SUMPRODUCT((الطبخات!$B$2:$B$900=$A100)*الطبخات!$C$2:$C$900*COUNTIF('سجل الإنتاج'!$C$2:$C$501,الطبخات!$A$2:$A$900)),3)) -> 0
...

Sheet بيانات الحركات
A1: التاريخ | B1: نوع الحركة | C1: المرجع (طبخة/مورد/جهة/سبب) | D1: المادة | E1: الكمية (+ إدخال / - إخراج) | F1: ملاحظات | G1: ترتيب مضغوط
A2: =IF(الإدخالات!C2="","",الإدخالات!B2) -> 46218 | B2: =IF(الإدخالات!C2="","","شراء") -> شراء | C2: =IF(الإدخالات!C2="","",IF(الإدخالات!E2="","-",الإدخالات!E2)) -> امين | D2: =IF(الإدخالات!C2="","",الإدخالات!C2) -> ملح | E2: =IF(الإدخالات!C2="","",الإدخالات!D2) -> 138.04 | F2: =IF(الإدخالات!C2="","",IF(الإدخالات!G2="","",الإدخالات!G2)) -> تنزيل البيانات لأول مرة | G2: =IF($B2<>"",SUMPRODUCT(($B$2:$B2<>"")*1),"") -> 1
A3: =IF(الإدخالات!C3="","",الإدخالات!B3) -> 46218 | B3: =IF(الإدخالات!C3="","","شراء") -> شراء | C3: =IF(الإدخالات!C3="","",IF(الإدخالات!E3="","-",الإدخالات!E3)) -> امين | D3: =IF(الإدخالات!C3="","",الإدخالات!C3) -> مقصب | E3: =IF(الإدخالات!C3="","",الإدخالات!D3) -> 2 | F3: =IF(الإدخالات!C3="","",IF(الإدخالات!G3="","",الإدخالات!G3)) -> تنزيل البيانات لأول مرة | G3: =IF($B3<>"",SUMPRODUCT(($B$2:$B3<>"")*1),"") -> 2
A4: =IF(الإدخالات!C4="","",الإدخالات!B4) -> 46218 | B4: =IF(الإدخالات!C4="","","شراء") -> شراء | C4: =IF(الإدخالات!C4="","",IF(الإدخالات!E4="","-",الإدخالات!E4)) -> امين | D4: =IF(الإدخالات!C4="","",الإدخالات!C4) -> مجمد | E4: =IF(الإدخالات!C4="","",الإدخالات!D4) -> 63.5 | F4: =IF(الإدخالات!C4="","",IF(الإدخالات!G4="","",الإدخالات!G4)) -> تنزيل البيانات لأول مرة | G4: =IF($B4<>"",SUMPRODUCT(($B$2:$B4<>"")*1),"") -> 3
A5: =IF(الإدخالات!C5="","",الإدخالات!B5) -> 46218 | B5: =IF(الإدخالات!C5="","","شراء") -> شراء | C5: =IF(الإدخالات!C5="","",IF(الإدخالات!E5="","-",الإدخالات!E5)) -> امين | D5: =IF(الإدخالات!C5="","",الإدخالات!C5) -> مانع رغوة مائي | E5: =IF(الإدخالات!C5="","",الإدخالات!D5) -> 0 | F5: =IF(الإدخالات!C5="","",IF(الإدخالات!G5="","",الإدخالات!G5)) -> تنزيل البيانات لأول مرة | G5: =IF($B5<>"",SUMPRODUCT(($B$2:$B5<>"")*1),"") -> 4
A6: =IF(الإدخالات!C6="","",الإدخالات!B6) -> 46218 | B6: =IF(الإدخالات!C6="","","شراء") -> شراء | C6: =IF(الإدخالات!C6="","",IF(الإدخالات!E6="","-",الإدخالات!E6)) -> امين | D6: =IF(الإدخالات!C6="","",الإدخالات!C6) -> مانع رغوة سيليكون | E6: =IF(الإدخالات!C6="","",الإدخالات!D6) -> 0 | F6: =IF(الإدخالات!C6="","",IF(الإدخالات!G6="","",الإدخالات!G6)) -> تنزيل البيانات لأول مرة | G6: =IF($B6<>"",SUMPRODUCT(($B$2:$B6<>"")*1),"") -> 5
A7: =IF(الإدخالات!C7="","",الإدخالات!B7) -> 46218 | B7: =IF(الإدخالات!C7="","","شراء") -> شراء | C7: =IF(الإدخالات!C7="","",IF(الإدخالات!E7="","-",الإدخالات!E7)) -> امين | D7: =IF(الإدخالات!C7="","",الإدخالات!C7) -> ماء مقطرة | E7: =IF(الإدخالات!C7="","",الإدخالات!D7) -> 28622 | F7: =IF(الإدخالات!C7="","",IF(الإدخالات!G7="","",الإدخالات!G7)) -> تنزيل البيانات لأول مرة | G7: =IF($B7<>"",SUMPRODUCT(($B$2:$B7<>"")*1),"") -> 6
A8: =IF(الإدخالات!C8="","",الإدخالات!B8) -> 46218 | B8: =IF(الإدخالات!C8="","","شراء") -> شراء | C8: =IF(الإدخالات!C8="","",IF(الإدخالات!E8="","-",الإدخالات!E8)) -> امين | D8: =IF(الإدخالات!C8="","",الإدخالات!C8) -> ماء بلسم | E8: =IF(الإدخالات!C8="","",الإدخالات!D8) -> 3 | F8: =IF(الإدخالات!C8="","",IF(الإدخالات!G8="","",الإدخالات!G8)) -> تنزيل البيانات لأول مرة | G8: =IF($B8<>"",SUMPRODUCT(($B$2:$B8<>"")*1),"") -> 7
A9: =IF(الإدخالات!C9="","",الإدخالات!B9) -> 46218 | B9: =IF(الإدخالات!C9="","","شراء") -> شراء | C9: =IF(الإدخالات!C9="","",IF(الإدخالات!E9="","-",الإدخالات!E9)) -> امين | D9: =IF(الإدخالات!C9="","",الإدخالات!C9) -> لانيت 16 ماليزي | E9: =IF(الإدخالات!C9="","",الإدخالات!D9) -> 0 | F9: =IF(الإدخالات!C9="","",IF(الإدخالات!G9="","",الإدخالات!G9)) -> تنزيل البيانات لأول مرة | G9: =IF($B9<>"",SUMPRODUCT(($B$2:$B9<>"")*1),"") -> 8
A10: =IF(الإدخالات!C10="","",الإدخالات!B10) -> 46218 | B10: =IF(الإدخالات!C10="","","شراء") -> شراء | C10: =IF(الإدخالات!C10="","",IF(الإدخالات!E10="","-",الإدخالات!E10)) -> امين | D10: =IF(الإدخالات!C10="","",الإدخالات!C10) -> كوستيك-قطرونة | E10: =IF(الإدخالات!C10="","",الإدخالات!D10) -> 27.71 | F10: =IF(الإدخالات!C10="","",IF(الإدخالات!G10="","",الإدخالات!G10)) -> تنزيل البيانات لأول مرة | G10: =IF($B10<>"",SUMPRODUCT(($B$2:$B10<>"")*1),"") -> 9
A11: =IF(الإدخالات!C11="","",الإدخالات!B11) -> 46218 | B11: =IF(الإدخالات!C11="","","شراء") -> شراء | C11: =IF(الإدخالات!C11="","",IF(الإدخالات!E11="","-",الإدخالات!E11)) -> امين | D11: =IF(الإدخالات!C11="","",الإدخالات!C11) -> كمبرلان | E11: =IF(الإدخالات!C11="","",الإدخالات!D11) -> 0 | F11: =IF(الإدخالات!C11="","",IF(الإدخالات!G11="","",الإدخالات!G11)) -> تنزيل البيانات لأول مرة | G11: =IF($B11<>"",SUMPRODUCT(($B$2:$B11<>"")*1),"") -> 10
A12: =IF(الإدخالات!C12="","",الإدخالات!B12) -> 46218 | B12: =IF(الإدخالات!C12="","","شراء") -> شراء | C12: =IF(الإدخالات!C12="","",IF(الإدخالات!E12="","-",الإدخالات!E12)) -> امين | D12: =IF(الإدخالات!C12="","",الإدخالات!C12) -> كليمازول | E12: =IF(الإدخالات!C12="","",الإدخالات!D12) -> 0 | F12: =IF(الإدخالات!C12="","",IF(الإدخالات!G12="","",الإدخالات!G12)) -> تنزيل البيانات لأول مرة | G12: =IF($B12<>"",SUMPRODUCT(($B$2:$B12<>"")*1),"") -> 11
A13: =IF(الإدخالات!C13="","",الإدخالات!B13) -> 46218 | B13: =IF(الإدخالات!C13="","","شراء") -> شراء | C13: =IF(الإدخالات!C13="","",IF(الإدخالات!E13="","-",الإدخالات!E13)) -> امين | D13: =IF(الإدخالات!C13="","",الإدخالات!C13) -> كلور خام | E13: =IF(الإدخالات!C13="","",الإدخالات!D13) -> 272 | F13: =IF(الإدخالات!C13="","",IF(الإدخالات!G13="","",الإدخالات!G13)) -> تنزيل البيانات لأول مرة | G13: =IF($B13<>"",SUMPRODUCT(($B$2:$B13<>"")*1),"") -> 12
