Workbook

Sheet لوحة التحكم
A1: لوحة التحكم — الأرباح الحقيقية بالدولار 2026
B2: الخلايا الصفراء بخط أزرق = خلايا إدخال، وكل ما عداها معادلات. كل المبالغ في التقارير بالدولار الأمريكي.
B4: الإعدادات | J4: رقم الشهر المعروض | K4: =IF($C$5="آخر شهر متوفر",MAX(1,MAX(المقارنة!$B$40:$M$40)),MATCH($C$5,المقارنة!$B$5:$M$5,0)) -> 9
B5: الشهر المعروض في الملخص | C5: آخر شهر متوفر | D5: اتركه «آخر شهر متوفر» ليتبع آخر شهر أُدخلت مبيعاته، أو اختر شهرًا بعينه
B6: أول شهر لبيانات المستودع (رقم) | C6: 6 | D6: 6 = حزيران؛ قبله لا تُطلب بيانات مستودع ولا يُحسب ربح حقيقي
B8: سعر الصرف الشهري (ل.س مقابل 1$) وحالة كل شهر — أدخل سعر كل شهر
B9: الشهر | C9: سعر الصرف | D9: حالة الشهر | E9: تنبيهات | F9: المبيعات $ | G9: الربح الحقيقي $ | H9: هامش الربح
B10: يناير | C10: 11500 | D10: ='01-يناير'!$H$6 -> ℹ ربح تقديري فقط | E10: =IF('01-يناير'!$H$13>0,'01-يناير'!$H$13,"") | F10: =المقارنة!B11 -> 10341.391 | G10: =المقارنة!B19 | H10: =المقارنة!B20
B11: فبراير | C11: 12000 | D11: ='02-فبراير'!$H$6 -> ℹ ربح تقديري فقط | E11: =IF('02-فبراير'!$H$13>0,'02-فبراير'!$H$13,"") | F11: =المقارنة!C11 -> 7321.5833 | G11: =المقارنة!C19 | H11: =المقارنة!C20
B12: مارس | C12: 12000 | D12: ='03-مارس'!$H$6 -> ℹ ربح تقديري فقط | E12: =IF('03-مارس'!$H$13>0,'03-مارس'!$H$13,"") | F12: =المقارنة!D11 -> 8786.9167 | G12: =المقارنة!D19 | H12: =المقارنة!D20
B13: أبريل | C13: 12500 | D13: ='04-أبريل'!$H$6 -> ℹ ربح تقديري فقط | E13: =IF('04-أبريل'!$H$13>0,'04-أبريل'!$H$13,"") | F13: =المقارنة!E11 -> 13335.28 | G13: =المقارنة!E19 | H13: =المقارنة!E20
B14: مايو | C14: 12500 | D14: ='05-مايو'!$H$6 -> ℹ ربح تقديري فقط | E14: =IF('05-مايو'!$H$13>0,'05-مايو'!$H$13,"") | F14: =المقارنة!F11 -> 13066.72 | G14: =المقارنة!F19 | H14: =المقارنة!F20
B15: يونيو | C15: 13200 | D15: ='06-يونيو'!$H$6 -> ℹ ربح تقديري فقط | E15: =IF('06-يونيو'!$H$13>0,'06-يونيو'!$H$13,"") | F15: =المقارنة!G11 -> 14956.364 | G15: =المقارنة!G19 | H15: =المقارنة!G20
B16: يوليو | C16: 13300 | D16: ='07-يوليو'!$H$6 -> ✅ جاهز — ربح حقيقي | E16: =IF('07-يوليو'!$H$13>0,'07-يوليو'!$H$13,"") | F16: =المقارنة!H11 -> 14364.06 | G16: =المقارنة!H19 -> 5462.4143 | H16: =المقارنة!H20 -> 0.38028345
B17: أغسطس | C17: 13200 | D17: ='08-أغسطس'!$H$6 -> ✅ جاهز — ربح حقيقي | E17: =IF('08-أغسطس'!$H$13>0,'08-أغسطس'!$H$13,"") | F17: =المقارنة!I11 -> 17236.97 | G17: =المقارنة!I19 -> 8239.9551 | H17: =المقارنة!I20 -> 0.47803966
B18: سبتمبر | C18: 13800 | D18: ='09-سبتمبر'!$H$6 -> ✅ جاهز — ربح حقيقي | E18: =IF('09-سبتمبر'!$H$13>0,'09-سبتمبر'!$H$13,"") | F18: =المقارنة!J11 -> 12412.101 | G18: =المقارنة!J19 -> 1709.2248 | H18: =المقارنة!J20 -> 0.13770632
B19: أكتوبر | C19: 14200 | D19: ='10-أكتوبر'!$H$6 -> لا بيانات | E19: =IF('10-أكتوبر'!$H$13>0,'10-أكتوبر'!$H$13,"") | F19: =المقارنة!K11 | G19: =المقارنة!K19 | H19: =المقارنة!K20
B20: نوفمبر | D20: ='11-نوفمبر'!$H$6 -> لا بيانات | E20: =IF('11-نوفمبر'!$H$13>0,'11-نوفمبر'!$H$13,"") | F20: =المقارنة!L11 | G20: =المقارنة!L19 | H20: =المقارنة!L20
B21: ديسمبر | D21: ='12-ديسمبر'!$H$6 -> لا بيانات | E21: =IF('12-ديسمبر'!$H$13>0,'12-ديسمبر'!$H$13,"") | F21: =المقارنة!M11 | G21: =المقارنة!M19 | H21: =المقارنة!M20
B22: =IF(IF(N('01-يناير'!$H$13)>0," • يناير ("&'01-يناير'!$H$13&")","")&IF(N('02-فبراير'!$H$13)>0," • فبراير ("&'02-فبراير'!$H$13&")","")&IF(N('03-مارس'!$H$13)>0," • مارس ("&'03-مارس'!$H$13&")","")&IF(N('04-أبريل'!$H$13)>0," • أبريل ("&'04-أبريل'!$H$13&")","")&IF(N('05-مايو'!$H$13)>0," • مايو ("&'05-مايو'!$H$13&")","")&IF(N('06-يونيو'!$H$13)>0," • يونيو ("&'06-يونيو'!$H$13&")","")&IF(N('07-يوليو'!$H$13)>0," • يوليو ("&'07-يوليو'!$H$13&")","")&IF(N('08-أغسطس'!$H$13)>0," • أغسطس ("&'08-أغسطس'!$H$13&")","")&IF(N('09-سبتمبر'!$H$13)>0," • سبتمبر ("&'09-سبتمبر'!$H$13&")","")&IF(N('10-أكتوبر'!$H$13)>0," • أكتوبر ("&'10-أكتوبر'!$H$13&")","")&IF(N('11-نوفمبر'!$H$13)>0," • نوفمبر ("&'11-نوفمبر'!$H$13&")","")&IF(N('12-ديسمبر'!$H$13)>0," • ديسمبر ("&'12-ديسمبر'!$H$13&")","")="","✅ لا توجد تنبيهات في أي شهر","⚠ أشهر فيها تنبيهات (عددها بين القوسين):"&IF(N('01-يناير'!$H$13)>0," • يناير ("&'01-يناير'!$H$13&")","")&IF(N('02-فبراير'!$H$13)>0," • فبراير ("&'02-فبراير'!$H$13&")","")&IF(N('03-مارس'!$H$13)>0," • مارس ("&'03-مارس'!$H$13&")","")&IF(N('04-أبريل'!$H$13)>0," • أبريل ("&'04-أبريل'!$H$13&")","")&IF(N('05-مايو'!$H$13)>0," • مايو ("&'05-مايو'!$H$13&")","")&IF(N('06-يونيو'!$H$13)>0," • يونيو ("&'06-يونيو'!$H$13&")","")&IF(N('07-يوليو'!$H$13)>0," • يوليو ("&'07-يوليو'!$H$13&")","")&IF(N('08-أغسطس'!$H$13)>0," • أغسطس ("&'08-أغسطس'!$H$13&")","")&IF(N('09-سبتمبر'!$H$13)>0," • سبتمبر ("&'09-سبتمبر'!$H$13&")","")&IF(N('10-أكتوبر'!$H$13)>0," • أكتوبر ("&'10-أكتوبر'!$H$13&")","")&IF(N('11-نوفمبر'!$H$13)>0," • نوفمبر ("&'11-نوفمبر'!$H$13&")","")&IF(N('12-ديسمبر'!$H$13)>0," • ديسمبر ("&'12-ديسمبر'!$H$13&")","")&" — افتح صفحة الشهر لرؤية التفاصيل") -> ✅ لا توجد تنبيهات في أي شهر
B24: ملخص الشهر المعروض
B25: ="الشهر: "&INDEX(المقارنة!$B$5:$M$5,$K$4)&" 2026 | "&INDEX(المقارنة!$B$37:$M$37,$K$4) -> الشهر: سبتمبر 2026 | ✅ جاهز — ربح حقيقي
B26: المبيعات | D26: الربح الحقيقي التشغيلي | F26: هامش الربح الحقيقي
B27: =IF(ISNUMBER(INDEX(المقارنة!$B$11:$M$11,$K$4)),INDEX(المقارنة!$B$11:$M$11,$K$4),"—") -> 12412.101 | D27: =IF(ISNUMBER(INDEX(المقارنة!$B$19:$M$19,$K$4)),INDEX(المقارنة!$B$19:$M$19,$K$4),"—") -> 1709.2248 | F27: =IF(ISNUMBER(INDEX(المقارنة!$B$20:$M$20,$K$4)),INDEX(المقارنة!$B$20:$M$20,$K$4),"—") -> 0.13770632
B28: =IF(AND($K$4>1,ISNUMBER(INDEX(المقارنة!$B$11:$M$11,$K$4)),ISNUMBER(INDEX(المقارنة!$B$11:$M$11,$K$4-1))),IF(INDEX(المقارنة!$B$11:$M$11,$K$4-1)<>0,IF(INDEX(المقارنة!$B$11:$M$11,$K$4)>=INDEX(المقارنة!$B$11:$M$11,$K$4-1),"▲ ","▼ ")&TEXT(ABS((INDEX(المقارنة!$B$11:$M$11,$K$4)-INDEX(المقارنة!$B$11:$M$11,$K$4-1))/ABS(INDEX(المقارنة!$B$11:$M$11,$K$4-1))),"0.0%")&" عن الشهر السابق","—"),"—") -> ▼ 28.0% عن الشهر السابق | D28: =IF(AND($K$4>1,ISNUMBER(INDEX(المقارنة!$B$19:$M$19,$K$4)),ISNUMBER(INDEX(المقارنة!$B$19:$M$19,$K$4-1))),IF(INDEX(المقارنة!$B$19:$M$19,$K$4-1)<>0,IF(INDEX(المقارنة!$B$19:$M$19,$K$4)>=INDEX(المقارنة!$B$19:$M$19,$K$4-1),"▲ ","▼ ")&TEXT(ABS((INDEX(المقارنة!$B$19:$M$19,$K$4)-INDEX(المقارنة!$B$19:$M$19,$K$4-1))/ABS(INDEX(المقارنة!$B$19:$M$19,$K$4-1))),"0.0%")&" عن الشهر السابق","—"),"—") -> ▼ 79.3% عن الشهر السابق | F28: =IF(AND($K$4>1,ISNUMBER(INDEX(المقارنة!$B$20:$M$20,$K$4)),ISNUMBER(INDEX(المقارنة!$B$20:$M$20,$K$4-1))),IF(INDEX(المقارنة!$B$20:$M$20,$K$4)>=INDEX(المقارنة!$B$20:$M$20,$K$4-1),"▲ ","▼ ")&TEXT(ABS(INDEX(المقارنة!$B$20:$M$20,$K$4)-INDEX(المقارنة!$B$20:$M$20,$K$4-1))*100,"0.0")&" نقطة عن الشهر السابق","—") -> ▼ 34.0 نقطة عن الشهر السابق
B30: المصاريف | D30: قيمة المخزون | F30: صافي المركز المالي
B31: =IF(ISNUMBER(INDEX(المقارنة!$B$13:$M$13,$K$4)),INDEX(المقارنة!$B$13:$M$13,$K$4),"—") -> 3175.942 | D31: =IF(ISNUMBER(INDEX(المقارنة!$B$24:$M$24,$K$4)),INDEX(المقارنة!$B$24:$M$24,$K$4),"—") -> 44900.765 | F31: =IF(ISNUMBER(INDEX(المقارنة!$B$28:$M$28,$K$4)),INDEX(المقارنة!$B$28:$M$28,$K$4),"—") -> -42454.29
B32: =IF(AND($K$4>1,ISNUMBER(INDEX(المقارنة!$B$13:$M$13,$K$4)),ISNUMBER(INDEX(المقارنة!$B$13:$M$13,$K$4-1))),IF(INDEX(المقارنة!$B$13:$M$13,$K$4-1)<>0,IF(INDEX(المقارنة!$B$13:$M$13,$K$4)>=INDEX(المقارنة!$B$13:$M$13,$K$4-1),"▲ ","▼ ")&TEXT(ABS((INDEX(المقارنة!$B$13:$M$13,$K$4)-INDEX(المقارنة!$B$13:$M$13,$K$4-1))/ABS(INDEX(المقارنة!$B$13:$M$13,$K$4-1))),"0.0%")&" عن الشهر السابق","—"),"—") -> ▲ 30.2% عن الشهر السابق | D32: =IF(AND($K$4>1,ISNUMBER(INDEX(المقارنة!$B$24:$M$24,$K$4)),ISNUMBER(INDEX(المقارنة!$B$24:$M$24,$K$4-1))),IF(INDEX(المقارنة!$B$24:$M$24,$K$4-1)<>0,IF(INDEX(المقارنة!$B$24:$M$24,$K$4)>=INDEX(المقارنة!$B$24:$M$24,$K$4-1),"▲ ","▼ ")&TEXT(ABS((INDEX(المقارنة!$B$24:$M$24,$K$4)-INDEX(المقارنة!$B$24:$M$24,$K$4-1))/ABS(INDEX(المقارنة!$B$24:$M$24,$K$4-1))),"0.0%")&" عن الشهر السابق","—"),"—") -> ▼ 6.3% عن الشهر السابق | F32: =IF(AND($K$4>1,ISNUMBER(INDEX(المقارنة!$B$28:$M$28,$K$4)),ISNUMBER(INDEX(المقارنة!$B$28:$M$28,$K$4-1))),IF(INDEX(المقارنة!$B$28:$M$28,$K$4-1)<>0,IF(INDEX(المقارنة!$B$28:$M$28,$K$4)>=INDEX(المقارنة!$B$28:$M$28,$K$4-1),"▲ ","▼ ")&TEXT(ABS((INDEX(المقارنة!$B$28:$M$28,$K$4)-INDEX(المقارنة!$B$28:$M$28,$K$4-1))/ABS(INDEX(المقارنة!$B$28:$M$28,$K$4-1))),"0.0%")&" عن الشهر السابق","—"),"—") -> ▼ 293.3% عن الشهر السابق
B34: الربح الحقيقي التشغيلي = المبيعات − تكلفة المبيعات − المصاريف، وتكلفة المبيعات = مخزون أول الشهر + المشتريات − مخزون آخر الشهر (من ملف المستودع). أثر تغير الصرف على مخزون الليرة يظهر في سطر مستقل داخل صفحة كل شهر وفي المقارنة.

Sheet 01-يناير
A1: تقرير شهر يناير 2026 — الأرباح الحقيقية بالدولار الأمريكي | G1: خلايا مساعدة (خارج الطباعة)
A2: سعر الصرف المعتمد (ل.س مقابل 1$) — من لوحة التحكم | B2: =IF(ISNUMBER('لوحة التحكم'!$C$10),'لوحة التحكم'!$C$10,0) -> 11500 | C2: حالة الشهر | D2: =$H$6 -> ℹ ربح تقديري فقط | G2: سعر صرف الشهر السابق | H2: =0 -> 0
A3: =IF($H$5=0,"لا توجد بيانات لهذا الشهر بعد — أدخل المدخلات أدناه",IF($H$13>0,(IF($H$7=1,"⚠ سعر الصرف غير مُدخل في لوحة التحكم. ","")&IF($H$8=1,"⚠ أكمل المبيعات والمشتريات والمصاريف. ","")&IF($H$9=1,"⚠ الصق بيانات المستودع في فقرة «بيانات المستودع». ","")&IF($H$10=1,"⚠ الصف الملصوق يخص شهرًا آخر. ","")&IF($H$11=1,"⚠ سعر صرف المستودع ("&$B$21&") يختلف عن سعر لوحة التحكم ("&$B$2&"). ","")&IF($H$12=1,"⚠ ملف المستودع فيه أصناف بها أخطاء (العدد: "&$E$21&") — صحّحها ثم أعد التصدير.","")),IF($H$3=1,"✅ البيانات مكتملة — الربح الحقيقي محسوب","ℹ الربح الحقيقي غير متاح (يلزم مخزون هذا الشهر والشهر السابق وسعر صرف الشهرين) — المعروض ربح تقديري فقط"))) -> ℹ الربح الحقيقي غير متاح (يلزم مخزون هذا الشهر والشهر السابق وسعر صرف الشهرين) — المعروض ربح تقديري فقط | G3: الربح الحقيقي جاهز؟ (1/0) | H3: =0 -> 0
A4: مدخلات الشهر (أدخل بالليرة السورية من برنامج المحاسبة) — الخلايا الصفراء | G4: أثر الصرف على مخزون الليرة ($) | H4: =0 -> 0
A5: البيان | B5: المبلغ (ل.س) | C5: المعادل ($) | D5: ملاحظة | G5: فيه بيانات؟ (1/0) | H5: =IF(COUNTA(B6:B8,B13:C15,A21:E21)>0,1,0) -> 1
A6: المبيعات | B6: 118926000 | C6: =IF(AND(ISNUMBER(B6),$B$2>0),B6/$B$2,"") -> 10341.391 | D6: إجمالي مبيعات الشهر | G6: حالة الشهر | H6: =IF(H5=0,"لا بيانات",IF(H3=1,IF(H13=0,"✅ جاهز — ربح حقيقي","⚠ ربح حقيقي مع تنبيهات"),IF(H13>0,"⚠ تنبيهات — راجع الصفحة",IF(COUNT(B6:B8)=3,"ℹ ربح تقديري فقط","⚠ بيانات ناقصة")))) -> ℹ ربح تقديري فقط
A7: المشتريات | B7: 74709000 | C7: =IF(AND(ISNUMBER(B7),$B$2>0),B7/$B$2,"") -> 6496.4348 | D7: مشتريات الشهر (مواد وبضاعة) | G7: تنبيه: سعر الصرف ناقص | H7: =IF(AND(H5=1,$B$2<=0),1,0) -> 0
A8: المصاريف | B8: 38000000 | C8: =IF(AND(ISNUMBER(B8),$B$2>0),B8/$B$2,"") -> 3304.3478 | D8: مصاريف التشغيل والرواتب... | G8: تنبيه: مدخلات ناقصة | H8: =IF(AND(H5=1,COUNT(B6:B8)<3),1,0) -> 0
A9: الربح التقديري (مبيعات − مشتريات − مصاريف) | B9: =IF(COUNT(B6:B8)=3,B6-B7-B8,"") -> 6217000 | C9: =IF(AND(ISNUMBER(B9),$B$2>0),B9/$B$2,"") -> 540.6087 | D9: للمرجع فقط — لا يأخذ المخزون بالحسبان | G9: تنبيه: بيانات المستودع ناقصة | H9: =IF(AND(H5=1,H15>=H14,NOT(AND(ISNUMBER(C21),ISNUMBER(D21)))),1,0) -> 0
G10: تنبيه: صف شهر آخر | H10: =IF(AND(ISNUMBER(A21),A21<>H15),1,0) -> 0
A11: الصندوق والديون بالعملتين | G11: تنبيه: سعر صرف مختلف | H11: =IF(AND(ISNUMBER(B21),$B$2>0,ABS(B21-$B$2)>0.5),1,0) -> 0
A12: البيان | B12: ليرة سورية | C12: دولار أمريكي | D12: الإجمالي ($) | G12: تنبيه: أخطاء بالمستودع | H12: =IF(N(E21)>0,1,0) -> 0
A13: الصندوق (كاش فعلي) | B13: 1000000 | C13: 0 | D13: =IF(AND(ISNUMBER(B13),ISNUMBER(C13),$B$2>0),B13/$B$2+C13,"") -> 86.956522 | G13: مجموع التنبيهات | H13: =SUM(H7:H12) -> 0
A14: ديون لنا (مستحقة لنا) | B14: 70767000 | C14: 6080 | D14: =IF(AND(ISNUMBER(B14),ISNUMBER(C14),$B$2>0),B14/$B$2+C14,"") -> 12233.652 | G14: أول شهر لبيانات المستودع | H14: ='لوحة التحكم'!$C$6 -> 6
A15: ديون علينا | B15: 4123000 | C15: 14534 | D15: =IF(AND(ISNUMBER(B15),ISNUMBER(C15),$B$2>0),B15/$B$2+C15,"") -> 14892.522 | G15: رقم هذا الشهر | H15: 1
A16: صافي الدين (لنا − علينا) | B16: =IF(AND(ISNUMBER(B14),ISNUMBER(B15)),B14-B15,"") -> 66644000 | C16: =IF(AND(ISNUMBER(C14),ISNUMBER(C15)),C14-C15,"") -> -8454 | D16: =IF(AND(ISNUMBER(D14),ISNUMBER(D15)),D14-D15,"") -> -2658.8696
A17: صافي المركز المالي (صندوق + ديون لنا − ديون علينا) | D17: =IF(AND(ISNUMBER(D13),ISNUMBER(D16)),D13+D16,"") -> -2571.913
A19: بيانات المستودع — الصق صفًّا واحدًا كـ «قيم» من ورقة «تصدير للتقارير» في ملف المستودع
A20: رقم الشهر | B20: سعر صرف المستودع | C20: مخزون مسعّر بالدولار ($) | D20: مخزون مسعّر بالليرة (ل.س) | E20: أصناف بها أخطاء
A22: قيمة المخزون الكلية بالدولار (بسعر الشراء وسعر صرف الشهر) | C22: =IF(AND(ISNUMBER(C21),ISNUMBER(D21),$B$2>0),C21+D21/$B$2,"") | D22: المسعّر بالدولار + (المسعّر بالليرة ÷ سعر الصرف)
A24: التقرير الشهري بالدولار الأمريكي
A25: البيان | B25: هذا الشهر ($) | C25: الشهر السابق ($) | D25: التغير ($) | E25: التغير %
A26: المبيعات | B26: =IF(ISNUMBER(C6),C6,"") -> 10341.391 | C26: ="" | D26: =IF(AND(ISNUMBER(B26),ISNUMBER(C26)),B26-C26,"") | E26: =IF(AND(ISNUMBER(B26),ISNUMBER(C26)),IF(C26<>0,(B26-C26)/ABS(C26),""),"")
A27: مخزون أول الشهر (= مخزون آخر الشهر السابق) | B27: ="" | C27: ="" | D27: =IF(AND(ISNUMBER(B27),ISNUMBER(C27)),B27-C27,"") | E27: =IF(AND(ISNUMBER(B27),ISNUMBER(C27)),IF(C27<>0,(B27-C27)/ABS(C27),""),"")
A28: (+) المشتريات | B28: =IF(ISNUMBER(C7),C7,"") -> 6496.4348 | C28: ="" | D28: =IF(AND(ISNUMBER(B28),ISNUMBER(C28)),B28-C28,"") | E28: =IF(AND(ISNUMBER(B28),ISNUMBER(C28)),IF(C28<>0,(B28-C28)/ABS(C28),""),"")
A29: (−) مخزون آخر الشهر (بعد عزل أثر الصرف) | B29: =IF($H$3=1,C22-$H$4,"") | C29: ="" | D29: =IF(AND(ISNUMBER(B29),ISNUMBER(C29)),B29-C29,"") | E29: =IF(AND(ISNUMBER(B29),ISNUMBER(C29)),IF(C29<>0,(B29-C29)/ABS(C29),""),"")
A30: (=) تكلفة المبيعات | B30: =IF($H$3=1,B27+B28-B29,"") | C30: ="" | D30: =IF(AND(ISNUMBER(B30),ISNUMBER(C30)),B30-C30,"") | E30: =IF(AND(ISNUMBER(B30),ISNUMBER(C30)),IF(C30<>0,(B30-C30)/ABS(C30),""),"")
A31: مجمل الربح (المبيعات − التكلفة) | B31: =IF($H$3=1,B26-B30,"") | C31: ="" | D31: =IF(AND(ISNUMBER(B31),ISNUMBER(C31)),B31-C31,"") | E31: =IF(AND(ISNUMBER(B31),ISNUMBER(C31)),IF(C31<>0,(B31-C31)/ABS(C31),""),"")
A32: (−) المصاريف | B32: =IF(ISNUMBER(C8),C8,"") -> 3304.3478 | C32: ="" | D32: =IF(AND(ISNUMBER(B32),ISNUMBER(C32)),B32-C32,"") | E32: =IF(AND(ISNUMBER(B32),ISNUMBER(C32)),IF(C32<>0,(B32-C32)/ABS(C32),""),"")
A33: (=) الربح الحقيقي التشغيلي | B33: =IF($H$3=1,B31-B32,"") | C33: ="" | D33: =IF(AND(ISNUMBER(B33),ISNUMBER(C33)),B33-C33,"") | E33: =IF(AND(ISNUMBER(B33),ISNUMBER(C33)),IF(C33<>0,(B33-C33)/ABS(C33),""),"")
A34: هامش الربح الحقيقي % | B34: =IF(AND($H$3=1,N(B26)>0),B33/B26,"") | C34: ="" | D34: =IF(AND(ISNUMBER(B34),ISNUMBER(C34)),B34-C34,"")
A35: أثر تغير الصرف على مخزون الليرة | B35: =IF($H$3=1,$H$4,"") | C35: ="" | D35: =IF(AND(ISNUMBER(B35),ISNUMBER(C35)),B35-C35,"") | E35: =IF(AND(ISNUMBER(B35),ISNUMBER(C35)),IF(C35<>0,(B35-C35)/ABS(C35),""),"")
A36: صافي الربح بعد أثر الصرف | B36: =IF($H$3=1,B33+B35,"") | C36: ="" | D36: =IF(AND(ISNUMBER(B36),ISNUMBER(C36)),B36-C36,"") | E36: =IF(AND(ISNUMBER(B36),ISNUMBER(C36)),IF(C36<>0,(B36-C36)/ABS(C36),""),"")
A37: للمرجع: الربح التقديري (مبيعات − مشتريات − مصاريف) | B37: =IF(ISNUMBER(C9),C9,"") -> 540.6087 | C37: ="" | D37: =IF(AND(ISNUMBER(B37),ISNUMBER(C37)),B37-C37,"") | E37: =IF(AND(ISNUMBER(B37),ISNUMBER(C37)),IF(C37<>0,(B37-C37)/ABS(C37),""),"")
A39: مؤشرات إضافية
A40: المؤشر | B40: هذا الشهر | C40: الشهر السابق | D40: التغير | E40: التغير %
A41: نسبة المصاريف من المبيعات % | B41: =IF(AND(ISNUMBER(B32),N(B26)>0),B32/B26,"") -> 0.31952643 | C41: ="" | D41: =IF(AND(ISNUMBER(B41),ISNUMBER(C41)),B41-C41,"")
A42: نسبة تكلفة المبيعات من المبيعات % | B42: =IF(AND(ISNUMBER(B30),N(B26)>0),B30/B26,"") | C42: ="" | D42: =IF(AND(ISNUMBER(B42),ISNUMBER(C42)),B42-C42,"")
A43: قيمة المخزون الكلية ($) | B43: =IF(ISNUMBER(C22),C22,"") | C43: ="" | D43: =IF(AND(ISNUMBER(B43),ISNUMBER(C43)),B43-C43,"") | E43: =IF(AND(ISNUMBER(B43),ISNUMBER(C43)),IF(C43<>0,(B43-C43)/ABS(C43),""),"")
A44: نسبة المخزون المسعّر بالليرة % | B44: =IF(AND(ISNUMBER(C22),$B$2>0),IF(C22>0,(D21/$B$2)/C22,""),"") | C44: ="" | D44: =IF(AND(ISNUMBER(B44),ISNUMBER(C44)),B44-C44,"")
A45: صافي المركز المالي ($) | B45: =IF(ISNUMBER(D17),D17,"") -> -2571.913 | C45: ="" | D45: =IF(AND(ISNUMBER(B45),ISNUMBER(C45)),B45-C45,"") | E45: =IF(AND(ISNUMBER(B45),ISNUMBER(C45)),IF(C45<>0,(B45-C45)/ABS(C45),""),"")
A47: طريقة الحساب: تكلفة المبيعات = مخزون أول الشهر + المشتريات − مخزون آخر الشهر. مخزون آخر الشهر مُعدَّل بعزل أثر تغير سعر الصرف على الأصناف المسعّرة بالليرة، فيبقى الربح التشغيلي نظيفًا من أثر الصرف، ويظهر الأثر في سطر مستقل.

Sheet 02-فبراير
A1: تقرير شهر فبراير 2026 — الأرباح الحقيقية بالدولار الأمريكي | G1: خلايا مساعدة (خارج الطباعة)
A2: سعر الصرف المعتمد (ل.س مقابل 1$) — من لوحة التحكم | B2: =IF(ISNUMBER('لوحة التحكم'!$C$11),'لوحة التحكم'!$C$11,0) -> 12000 | C2: حالة الشهر | D2: =$H$6 -> ℹ ربح تقديري فقط | G2: سعر صرف الشهر السابق | H2: ='01-يناير'!$B$2 -> 11500
A3: =IF($H$5=0,"لا توجد بيانات لهذا الشهر بعد — أدخل المدخلات أدناه",IF($H$13>0,(IF($H$7=1,"⚠ سعر الصرف غير مُدخل في لوحة التحكم. ","")&IF($H$8=1,"⚠ أكمل المبيعات والمشتريات والمصاريف. ","")&IF($H$9=1,"⚠ الصق بيانات المستودع في فقرة «بيانات المستودع». ","")&IF($H$10=1,"⚠ الصف الملصوق يخص شهرًا آخر. ","")&IF($H$11=1,"⚠ سعر صرف المستودع ("&$B$21&") يختلف عن سعر لوحة التحكم ("&$B$2&"). ","")&IF($H$12=1,"⚠ ملف المستودع فيه أصناف بها أخطاء (العدد: "&$E$21&") — صحّحها ثم أعد التصدير.","")),IF($H$3=1,"✅ البيانات مكتملة — الربح الحقيقي محسوب","ℹ الربح الحقيقي غير متاح (يلزم مخزون هذا الشهر والشهر السابق وسعر صرف الشهرين) — المعروض ربح تقديري فقط"))) -> ℹ الربح الحقيقي غير متاح (يلزم مخزون هذا الشهر والشهر السابق وسعر صرف الشهرين) — المعروض ربح تقديري فقط | G3: الربح الحقيقي جاهز؟ (1/0) | H3: =IF(AND($B$2>0,H2>0,COUNT(B6:B8)=3,ISNUMBER(C22),ISNUMBER('01-يناير'!$C$22),ISNUMBER('01-يناير'!$D$21)),1,0) -> 0
A4: مدخلات الشهر (أدخل بالليرة السورية من برنامج المحاسبة) — الخلايا الصفراء | G4: أثر الصرف على مخزون الليرة ($) | H4: =IF(H3=1,'01-يناير'!$D$21*(1/$B$2-1/H2),0) -> 0
A5: البيان | B5: المبلغ (ل.س) | C5: المعادل ($) | D5: ملاحظة | G5: فيه بيانات؟ (1/0) | H5: =IF(COUNTA(B6:B8,B13:C15,A21:E21)>0,1,0) -> 1
A6: المبيعات | B6: 87859000 | C6: =IF(AND(ISNUMBER(B6),$B$2>0),B6/$B$2,"") -> 7321.5833 | D6: إجمالي مبيعات الشهر | G6: حالة الشهر | H6: =IF(H5=0,"لا بيانات",IF(H3=1,IF(H13=0,"✅ جاهز — ربح حقيقي","⚠ ربح حقيقي مع تنبيهات"),IF(H13>0,"⚠ تنبيهات — راجع الصفحة",IF(COUNT(B6:B8)=3,"ℹ ربح تقديري فقط","⚠ بيانات ناقصة")))) -> ℹ ربح تقديري فقط
A7: المشتريات | B7: 41296000 | C7: =IF(AND(ISNUMBER(B7),$B$2>0),B7/$B$2,"") -> 3441.3333 | D7: مشتريات الشهر (مواد وبضاعة) | G7: تنبيه: سعر الصرف ناقص | H7: =IF(AND(H5=1,$B$2<=0),1,0) -> 0
A8: المصاريف | B8: 36215000 | C8: =IF(AND(ISNUMBER(B8),$B$2>0),B8/$B$2,"") -> 3017.9167 | D8: مصاريف التشغيل والرواتب... | G8: تنبيه: مدخلات ناقصة | H8: =IF(AND(H5=1,COUNT(B6:B8)<3),1,0) -> 0
A9: الربح التقديري (مبيعات − مشتريات − مصاريف) | B9: =IF(COUNT(B6:B8)=3,B6-B7-B8,"") -> 10348000 | C9: =IF(AND(ISNUMBER(B9),$B$2>0),B9/$B$2,"") -> 862.33333 | D9: للمرجع فقط — لا يأخذ المخزون بالحسبان | G9: تنبيه: بيانات المستودع ناقصة | H9: =IF(AND(H5=1,H15>=H14,NOT(AND(ISNUMBER(C21),ISNUMBER(D21)))),1,0) -> 0
G10: تنبيه: صف شهر آخر | H10: =IF(AND(ISNUMBER(A21),A21<>H15),1,0) -> 0
A11: الصندوق والديون بالعملتين | G11: تنبيه: سعر صرف مختلف | H11: =IF(AND(ISNUMBER(B21),$B$2>0,ABS(B21-$B$2)>0.5),1,0) -> 0
A12: البيان | B12: ليرة سورية | C12: دولار أمريكي | D12: الإجمالي ($) | G12: تنبيه: أخطاء بالمستودع | H12: =IF(N(E21)>0,1,0) -> 0
A13: الصندوق (كاش فعلي) | B13: 2489000 | C13: 325 | D13: =IF(AND(ISNUMBER(B13),ISNUMBER(C13),$B$2>0),B13/$B$2+C13,"") -> 532.41667 | G13: مجموع التنبيهات | H13: =SUM(H7:H12) -> 0
A14: ديون لنا (مستحقة لنا) | B14: 58684000 | C14: 5052 | D14: =IF(AND(ISNUMBER(B14),ISNUMBER(C14),$B$2>0),B14/$B$2+C14,"") -> 9942.3333 | G14: أول شهر لبيانات المستودع | H14: ='لوحة التحكم'!$C$6 -> 6
A15: ديون علينا | B15: 3838000 | C15: 12974 | D15: =IF(AND(ISNUMBER(B15),ISNUMBER(C15),$B$2>0),B15/$B$2+C15,"") -> 13293.833 | G15: رقم هذا الشهر | H15: 2
A16: صافي الدين (لنا − علينا) | B16: =IF(AND(ISNUMBER(B14),ISNUMBER(B15)),B14-B15,"") -> 54846000 | C16: =IF(AND(ISNUMBER(C14),ISNUMBER(C15)),C14-C15,"") -> -7922 | D16: =IF(AND(ISNUMBER(D14),ISNUMBER(D15)),D14-D15,"") -> -3351.5
A17: صافي المركز المالي (صندوق + ديون لنا − ديون علينا) | D17: =IF(AND(ISNUMBER(D13),ISNUMBER(D16)),D13+D16,"") -> -2819.0833
A19: بيانات المستودع — الصق صفًّا واحدًا كـ «قيم» من ورقة «تصدير للتقارير» في ملف المستودع
A20: رقم الشهر | B20: سعر صرف المستودع | C20: مخزون مسعّر بالدولار ($) | D20: مخزون مسعّر بالليرة (ل.س) | E20: أصناف بها أخطاء
A22: قيمة المخزون الكلية بالدولار (بسعر الشراء وسعر صرف الشهر) | C22: =IF(AND(ISNUMBER(C21),ISNUMBER(D21),$B$2>0),C21+D21/$B$2,"") | D22: المسعّر بالدولار + (المسعّر بالليرة ÷ سعر الصرف)
A24: التقرير الشهري بالدولار الأمريكي
A25: البيان | B25: هذا الشهر ($) | C25: الشهر السابق ($) | D25: التغير ($) | E25: التغير %
A26: المبيعات | B26: =IF(ISNUMBER(C6),C6,"") -> 7321.5833 | C26: =IF('01-يناير'!$B$26="","",'01-يناير'!$B$26) -> 10341.391 | D26: =IF(AND(ISNUMBER(B26),ISNUMBER(C26)),B26-C26,"") -> -3019.808 | E26: =IF(AND(ISNUMBER(B26),ISNUMBER(C26)),IF(C26<>0,(B26-C26)/ABS(C26),""),"") -> -0.29201177
A27: مخزون أول الشهر (= مخزون آخر الشهر السابق) | B27: =IF($H$3=1,'01-يناير'!$C$22,"") | C27: =IF('01-يناير'!$B$27="","",'01-يناير'!$B$27) | D27: =IF(AND(ISNUMBER(B27),ISNUMBER(C27)),B27-C27,"") | E27: =IF(AND(ISNUMBER(B27),ISNUMBER(C27)),IF(C27<>0,(B27-C27)/ABS(C27),""),"")
A28: (+) المشتريات | B28: =IF(ISNUMBER(C7),C7,"") -> 3441.3333 | C28: =IF('01-يناير'!$B$28="","",'01-يناير'!$B$28) -> 6496.4348 | D28: =IF(AND(ISNUMBER(B28),ISNUMBER(C28)),B28-C28,"") -> -3055.1014 | E28: =IF(AND(ISNUMBER(B28),ISNUMBER(C28)),IF(C28<>0,(B28-C28)/ABS(C28),""),"") -> -0.47027355
A29: (−) مخزون آخر الشهر (بعد عزل أثر الصرف) | B29: =IF($H$3=1,C22-$H$4,"") | C29: =IF('01-يناير'!$B$29="","",'01-يناير'!$B$29) | D29: =IF(AND(ISNUMBER(B29),ISNUMBER(C29)),B29-C29,"") | E29: =IF(AND(ISNUMBER(B29),ISNUMBER(C29)),IF(C29<>0,(B29-C29)/ABS(C29),""),"")
A30: (=) تكلفة المبيعات | B30: =IF($H$3=1,B27+B28-B29,"") | C30: =IF('01-يناير'!$B$30="","",'01-يناير'!$B$30) | D30: =IF(AND(ISNUMBER(B30),ISNUMBER(C30)),B30-C30,"") | E30: =IF(AND(ISNUMBER(B30),ISNUMBER(C30)),IF(C30<>0,(B30-C30)/ABS(C30),""),"")
A31: مجمل الربح (المبيعات − التكلفة) | B31: =IF($H$3=1,B26-B30,"") | C31: =IF('01-يناير'!$B$31="","",'01-يناير'!$B$31) | D31: =IF(AND(ISNUMBER(B31),ISNUMBER(C31)),B31-C31,"") | E31: =IF(AND(ISNUMBER(B31),ISNUMBER(C31)),IF(C31<>0,(B31-C31)/ABS(C31),""),"")
A32: (−) المصاريف | B32: =IF(ISNUMBER(C8),C8,"") -> 3017.9167 | C32: =IF('01-يناير'!$B$32="","",'01-يناير'!$B$32) -> 3304.3478 | D32: =IF(AND(ISNUMBER(B32),ISNUMBER(C32)),B32-C32,"") -> -286.43116 | E32: =IF(AND(ISNUMBER(B32),ISNUMBER(C32)),IF(C32<>0,(B32-C32)/ABS(C32),""),"") -> -0.086683114
A33: (=) الربح الحقيقي التشغيلي | B33: =IF($H$3=1,B31-B32,"") | C33: =IF('01-يناير'!$B$33="","",'01-يناير'!$B$33) | D33: =IF(AND(ISNUMBER(B33),ISNUMBER(C33)),B33-C33,"") | E33: =IF(AND(ISNUMBER(B33),ISNUMBER(C33)),IF(C33<>0,(B33-C33)/ABS(C33),""),"")
A34: هامش الربح الحقيقي % | B34: =IF(AND($H$3=1,N(B26)>0),B33/B26,"") | C34: =IF('01-يناير'!$B$34="","",'01-يناير'!$B$34) | D34: =IF(AND(ISNUMBER(B34),ISNUMBER(C34)),B34-C34,"")
A35: أثر تغير الصرف على مخزون الليرة | B35: =IF($H$3=1,$H$4,"") | C35: =IF('01-يناير'!$B$35="","",'01-يناير'!$B$35) | D35: =IF(AND(ISNUMBER(B35),ISNUMBER(C35)),B35-C35,"") | E35: =IF(AND(ISNUMBER(B35),ISNUMBER(C35)),IF(C35<>0,(B35-C35)/ABS(C35),""),"")
A36: صافي الربح بعد أثر الصرف | B36: =IF($H$3=1,B33+B35,"") | C36: =IF('01-يناير'!$B$36="","",'01-يناير'!$B$36) | D36: =IF(AND(ISNUMBER(B36),ISNUMBER(C36)),B36-C36,"") | E36: =IF(AND(ISNUMBER(B36),ISNUMBER(C36)),IF(C36<>0,(B36-C36)/ABS(C36),""),"")
A37: للمرجع: الربح التقديري (مبيعات − مشتريات − مصاريف) | B37: =IF(ISNUMBER(C9),C9,"") -> 862.33333 | C37: =IF('01-يناير'!$B$37="","",'01-يناير'!$B$37) -> 540.6087 | D37: =IF(AND(ISNUMBER(B37),ISNUMBER(C37)),B37-C37,"") -> 321.72464 | E37: =IF(AND(ISNUMBER(B37),ISNUMBER(C37)),IF(C37<>0,(B37-C37)/ABS(C37),""),"") -> 0.59511554
A39: مؤشرات إضافية
A40: المؤشر | B40: هذا الشهر | C40: الشهر السابق | D40: التغير | E40: التغير %
A41: نسبة المصاريف من المبيعات % | B41: =IF(AND(ISNUMBER(B32),N(B26)>0),B32/B26,"") -> 0.41219454 | C41: =IF('01-يناير'!$B$41="","",'01-يناير'!$B$41) -> 0.31952643 | D41: =IF(AND(ISNUMBER(B41),ISNUMBER(C41)),B41-C41,"") -> 0.092668111
A42: نسبة تكلفة المبيعات من المبيعات % | B42: =IF(AND(ISNUMBER(B30),N(B26)>0),B30/B26,"") | C42: =IF('01-يناير'!$B$42="","",'01-يناير'!$B$42) | D42: =IF(AND(ISNUMBER(B42),ISNUMBER(C42)),B42-C42,"")
A43: قيمة المخزون الكلية ($) | B43: =IF(ISNUMBER(C22),C22,"") | C43: =IF('01-يناير'!$B$43="","",'01-يناير'!$B$43) | D43: =IF(AND(ISNUMBER(B43),ISNUMBER(C43)),B43-C43,"") | E43: =IF(AND(ISNUMBER(B43),ISNUMBER(C43)),IF(C43<>0,(B43-C43)/ABS(C43),""),"")
A44: نسبة المخزون المسعّر بالليرة % | B44: =IF(AND(ISNUMBER(C22),$B$2>0),IF(C22>0,(D21/$B$2)/C22,""),"") | C44: =IF('01-يناير'!$B$44="","",'01-يناير'!$B$44) | D44: =IF(AND(ISNUMBER(B44),ISNUMBER(C44)),B44-C44,"")
A45: صافي المركز المالي ($) | B45: =IF(ISNUMBER(D17),D17,"") -> -2819.0833 | C45: =IF('01-يناير'!$B$45="","",'01-يناير'!$B$45) -> -2571.913 | D45: =IF(AND(ISNUMBER(B45),ISNUMBER(C45)),B45-C45,"") -> -247.17029 | E45: =IF(AND(ISNUMBER(B45),ISNUMBER(C45)),IF(C45<>0,(B45-C45)/ABS(C45),""),"") -> -0.096103673
A47: طريقة الحساب: تكلفة المبيعات = مخزون أول الشهر + المشتريات − مخزون آخر الشهر. مخزون آخر الشهر مُعدَّل بعزل أثر تغير سعر الصرف على الأصناف المسعّرة بالليرة، فيبقى الربح التشغيلي نظيفًا من أثر الصرف، ويظهر الأثر في سطر مستقل.

Sheet 03-مارس
A1: تقرير شهر مارس 2026 — الأرباح الحقيقية بالدولار الأمريكي | G1: خلايا مساعدة (خارج الطباعة)
A2: سعر الصرف المعتمد (ل.س مقابل 1$) — من لوحة التحكم | B2: =IF(ISNUMBER('لوحة التحكم'!$C$12),'لوحة التحكم'!$C$12,0) -> 12000 | C2: حالة الشهر | D2: =$H$6 -> ℹ ربح تقديري فقط | G2: سعر صرف الشهر السابق | H2: ='02-فبراير'!$B$2 -> 12000
A3: =IF($H$5=0,"لا توجد بيانات لهذا الشهر بعد — أدخل المدخلات أدناه",IF($H$13>0,(IF($H$7=1,"⚠ سعر الصرف غير مُدخل في لوحة التحكم. ","")&IF($H$8=1,"⚠ أكمل المبيعات والمشتريات والمصاريف. ","")&IF($H$9=1,"⚠ الصق بيانات المستودع في فقرة «بيانات المستودع». ","")&IF($H$10=1,"⚠ الصف الملصوق يخص شهرًا آخر. ","")&IF($H$11=1,"⚠ سعر صرف المستودع ("&$B$21&") يختلف عن سعر لوحة التحكم ("&$B$2&"). ","")&IF($H$12=1,"⚠ ملف المستودع فيه أصناف بها أخطاء (العدد: "&$E$21&") — صحّحها ثم أعد التصدير.","")),IF($H$3=1,"✅ البيانات مكتملة — الربح الحقيقي محسوب","ℹ الربح الحقيقي غير متاح (يلزم مخزون هذا الشهر والشهر السابق وسعر صرف الشهرين) — المعروض ربح تقديري فقط"))) -> ℹ الربح الحقيقي غير متاح (يلزم مخزون هذا الشهر والشهر السابق وسعر صرف الشهرين) — المعروض ربح تقديري فقط | G3: الربح الحقيقي جاهز؟ (1/0) | H3: =IF(AND($B$2>0,H2>0,COUNT(B6:B8)=3,ISNUMBER(C22),ISNUMBER('02-فبراير'!$C$22),ISNUMBER('02-فبراير'!$D$21)),1,0) -> 0
A4: مدخلات الشهر (أدخل بالليرة السورية من برنامج المحاسبة) — الخلايا الصفراء | G4: أثر الصرف على مخزون الليرة ($) | H4: =IF(H3=1,'02-فبراير'!$D$21*(1/$B$2-1/H2),0) -> 0
A5: البيان | B5: المبلغ (ل.س) | C5: المعادل ($) | D5: ملاحظة | G5: فيه بيانات؟ (1/0) | H5: =IF(COUNTA(B6:B8,B13:C15,A21:E21)>0,1,0) -> 1
A6: المبيعات | B6: 105443000 | C6: =IF(AND(ISNUMBER(B6),$B$2>0),B6/$B$2,"") -> 8786.9167 | D6: إجمالي مبيعات الشهر | G6: حالة الشهر | H6: =IF(H5=0,"لا بيانات",IF(H3=1,IF(H13=0,"✅ جاهز — ربح حقيقي","⚠ ربح حقيقي مع تنبيهات"),IF(H13>0,"⚠ تنبيهات — راجع الصفحة",IF(COUNT(B6:B8)=3,"ℹ ربح تقديري فقط","⚠ بيانات ناقصة")))) -> ℹ ربح تقديري فقط
A7: المشتريات | B7: 45155000 | C7: =IF(AND(ISNUMBER(B7),$B$2>0),B7/$B$2,"") -> 3762.9167 | D7: مشتريات الشهر (مواد وبضاعة) | G7: تنبيه: سعر الصرف ناقص | H7: =IF(AND(H5=1,$B$2<=0),1,0) -> 0
A8: المصاريف | B8: 37203000 | C8: =IF(AND(ISNUMBER(B8),$B$2>0),B8/$B$2,"") -> 3100.25 | D8: مصاريف التشغيل والرواتب... | G8: تنبيه: مدخلات ناقصة | H8: =IF(AND(H5=1,COUNT(B6:B8)<3),1,0) -> 0
A9: الربح التقديري (مبيعات − مشتريات − مصاريف) | B9: =IF(COUNT(B6:B8)=3,B6-B7-B8,"") -> 23085000 | C9: =IF(AND(ISNUMBER(B9),$B$2>0),B9/$B$2,"") -> 1923.75 | D9: للمرجع فقط — لا يأخذ المخزون بالحسبان | G9: تنبيه: بيانات المستودع ناقصة | H9: =IF(AND(H5=1,H15>=H14,NOT(AND(ISNUMBER(C21),ISNUMBER(D21)))),1,0) -> 0
G10: تنبيه: صف شهر آخر | H10: =IF(AND(ISNUMBER(A21),A21<>H15),1,0) -> 0
A11: الصندوق والديون بالعملتين | G11: تنبيه: سعر صرف مختلف | H11: =IF(AND(ISNUMBER(B21),$B$2>0,ABS(B21-$B$2)>0.5),1,0) -> 0
A12: البيان | B12: ليرة سورية | C12: دولار أمريكي | D12: الإجمالي ($) | G12: تنبيه: أخطاء بالمستودع | H12: =IF(N(E21)>0,1,0) -> 0
A13: الصندوق (كاش فعلي) | B13: 1684000 | C13: 270 | D13: =IF(AND(ISNUMBER(B13),ISNUMBER(C13),$B$2>0),B13/$B$2+C13,"") -> 410.33333 | G13: مجموع التنبيهات | H13: =SUM(H7:H12) -> 0
A14: ديون لنا (مستحقة لنا) | B14: 66327000 | C14: 5156 | D14: =IF(AND(ISNUMBER(B14),ISNUMBER(C14),$B$2>0),B14/$B$2+C14,"") -> 10683.25 | G14: أول شهر لبيانات المستودع | H14: ='لوحة التحكم'!$C$6 -> 6
A15: ديون علينا | B15: 4536000 | C15: 12826 | D15: =IF(AND(ISNUMBER(B15),ISNUMBER(C15),$B$2>0),B15/$B$2+C15,"") -> 13204 | G15: رقم هذا الشهر | H15: 3
A16: صافي الدين (لنا − علينا) | B16: =IF(AND(ISNUMBER(B14),ISNUMBER(B15)),B14-B15,"") -> 61791000 | C16: =IF(AND(ISNUMBER(C14),ISNUMBER(C15)),C14-C15,"") -> -7670 | D16: =IF(AND(ISNUMBER(D14),ISNUMBER(D15)),D14-D15,"") -> -2520.75
A17: صافي المركز المالي (صندوق + ديون لنا − ديون علينا) | D17: =IF(AND(ISNUMBER(D13),ISNUMBER(D16)),D13+D16,"") -> -2110.4167
A19: بيانات المستودع — الصق صفًّا واحدًا كـ «قيم» من ورقة «تصدير للتقارير» في ملف المستودع
A20: رقم الشهر | B20: سعر صرف المستودع | C20: مخزون مسعّر بالدولار ($) | D20: مخزون مسعّر بالليرة (ل.س) | E20: أصناف بها أخطاء
A22: قيمة المخزون الكلية بالدولار (بسعر الشراء وسعر صرف الشهر) | C22: =IF(AND(ISNUMBER(C21),ISNUMBER(D21),$B$2>0),C21+D21/$B$2,"") | D22: المسعّر بالدولار + (المسعّر بالليرة ÷ سعر الصرف)
A24: التقرير الشهري بالدولار الأمريكي
A25: البيان | B25: هذا الشهر ($) | C25: الشهر السابق ($) | D25: التغير ($) | E25: التغير %
A26: المبيعات | B26: =IF(ISNUMBER(C6),C6,"") -> 8786.9167 | C26: =IF('02-فبراير'!$B$26="","",'02-فبراير'!$B$26) -> 7321.5833 | D26: =IF(AND(ISNUMBER(B26),ISNUMBER(C26)),B26-C26,"") -> 1465.3333 | E26: =IF(AND(ISNUMBER(B26),ISNUMBER(C26)),IF(C26<>0,(B26-C26)/ABS(C26),""),"") -> 0.20013886
A27: مخزون أول الشهر (= مخزون آخر الشهر السابق) | B27: =IF($H$3=1,'02-فبراير'!$C$22,"") | C27: =IF('02-فبراير'!$B$27="","",'02-فبراير'!$B$27) | D27: =IF(AND(ISNUMBER(B27),ISNUMBER(C27)),B27-C27,"") | E27: =IF(AND(ISNUMBER(B27),ISNUMBER(C27)),IF(C27<>0,(B27-C27)/ABS(C27),""),"")
A28: (+) المشتريات | B28: =IF(ISNUMBER(C7),C7,"") -> 3762.9167 | C28: =IF('02-فبراير'!$B$28="","",'02-فبراير'!$B$28) -> 3441.3333 | D28: =IF(AND(ISNUMBER(B28),ISNUMBER(C28)),B28-C28,"") -> 321.58333 | E28: =IF(AND(ISNUMBER(B28),ISNUMBER(C28)),IF(C28<>0,(B28-C28)/ABS(C28),""),"") -> 0.093447307
A29: (−) مخزون آخر الشهر (بعد عزل أثر الصرف) | B29: =IF($H$3=1,C22-$H$4,"") | C29: =IF('02-فبراير'!$B$29="","",'02-فبراير'!$B$29) | D29: =IF(AND(ISNUMBER(B29),ISNUMBER(C29)),B29-C29,"") | E29: =IF(AND(ISNUMBER(B29),ISNUMBER(C29)),IF(C29<>0,(B29-C29)/ABS(C29),""),"")
A30: (=) تكلفة المبيعات | B30: =IF($H$3=1,B27+B28-B29,"") | C30: =IF('02-فبراير'!$B$30="","",'02-فبراير'!$B$30) | D30: =IF(AND(ISNUMBER(B30),ISNUMBER(C30)),B30-C30,"") | E30: =IF(AND(ISNUMBER(B30),ISNUMBER(C30)),IF(C30<>0,(B30-C30)/ABS(C30),""),"")
A31: مجمل الربح (المبيعات − التكلفة) | B31: =IF($H$3=1,B26-B30,"") | C31: =IF('02-فبراير'!$B$31="","",'02-فبراير'!$B$31) | D31: =IF(AND(ISNUMBER(B31),ISNUMBER(C31)),B31-C31,"") | E31: =IF(AND(ISNUMBER(B31),ISNUMBER(C31)),IF(C31<>0,(B31-C31)/ABS(C31),""),"")
A32: (−) المصاريف | B32: =IF(ISNUMBER(C8),C8,"") -> 3100.25 | C32: =IF('02-فبراير'!$B$32="","",'02-فبراير'!$B$32) -> 3017.9167 | D32: =IF(AND(ISNUMBER(B32),ISNUMBER(C32)),B32-C32,"") -> 82.333333 | E32: =IF(AND(ISNUMBER(B32),ISNUMBER(C32)),IF(C32<>0,(B32-C32)/ABS(C32),""),"") -> 0.027281513
A33: (=) الربح الحقيقي التشغيلي | B33: =IF($H$3=1,B31-B32,"") | C33: =IF('02-فبراير'!$B$33="","",'02-فبراير'!$B$33) | D33: =IF(AND(ISNUMBER(B33),ISNUMBER(C33)),B33-C33,"") | E33: =IF(AND(ISNUMBER(B33),ISNUMBER(C33)),IF(C33<>0,(B33-C33)/ABS(C33),""),"")
A34: هامش الربح الحقيقي % | B34: =IF(AND($H$3=1,N(B26)>0),B33/B26,"") | C34: =IF('02-فبراير'!$B$34="","",'02-فبراير'!$B$34) | D34: =IF(AND(ISNUMBER(B34),ISNUMBER(C34)),B34-C34,"")
A35: أثر تغير الصرف على مخزون الليرة | B35: =IF($H$3=1,$H$4,"") | C35: =IF('02-فبراير'!$B$35="","",'02-فبراير'!$B$35) | D35: =IF(AND(ISNUMBER(B35),ISNUMBER(C35)),B35-C35,"") | E35: =IF(AND(ISNUMBER(B35),ISNUMBER(C35)),IF(C35<>0,(B35-C35)/ABS(C35),""),"")
A36: صافي الربح بعد أثر الصرف | B36: =IF($H$3=1,B33+B35,"") | C36: =IF('02-فبراير'!$B$36="","",'02-فبراير'!$B$36) | D36: =IF(AND(ISNUMBER(B36),ISNUMBER(C36)),B36-C36,"") | E36: =IF(AND(ISNUMBER(B36),ISNUMBER(C36)),IF(C36<>0,(B36-C36)/ABS(C36),""),"")
A37: للمرجع: الربح التقديري (مبيعات − مشتريات − مصاريف) | B37: =IF(ISNUMBER(C9),C9,"") -> 1923.75 | C37: =IF('02-فبراير'!$B$37="","",'02-فبراير'!$B$37) -> 862.33333 | D37: =IF(AND(ISNUMBER(B37),ISNUMBER(C37)),B37-C37,"") -> 1061.4167 | E37: =IF(AND(ISNUMBER(B37),ISNUMBER(C37)),IF(C37<>0,(B37-C37)/ABS(C37),""),"") -> 1.2308659
A39: مؤشرات إضافية
A40: المؤشر | B40: هذا الشهر | C40: الشهر السابق | D40: التغير | E40: التغير %
A41: نسبة المصاريف من المبيعات % | B41: =IF(AND(ISNUMBER(B32),N(B26)>0),B32/B26,"") -> 0.3528257 | C41: =IF('02-فبراير'!$B$41="","",'02-فبراير'!$B$41) -> 0.41219454 | D41: =IF(AND(ISNUMBER(B41),ISNUMBER(C41)),B41-C41,"") -> -0.059368842
A42: نسبة تكلفة المبيعات من المبيعات % | B42: =IF(AND(ISNUMBER(B30),N(B26)>0),B30/B26,"") | C42: =IF('02-فبراير'!$B$42="","",'02-فبراير'!$B$42) | D42: =IF(AND(ISNUMBER(B42),ISNUMBER(C42)),B42-C42,"")
A43: قيمة المخزون الكلية ($) | B43: =IF(ISNUMBER(C22),C22,"") | C43: =IF('02-فبراير'!$B$43="","",'02-فبراير'!$B$43) | D43: =IF(AND(ISNUMBER(B43),ISNUMBER(C43)),B43-C43,"") | E43: =IF(AND(ISNUMBER(B43),ISNUMBER(C43)),IF(C43<>0,(B43-C43)/ABS(C43),""),"")
A44: نسبة المخزون المسعّر بالليرة % | B44: =IF(AND(ISNUMBER(C22),$B$2>0),IF(C22>0,(D21/$B$2)/C22,""),"") | C44: =IF('02-فبراير'!$B$44="","",'02-فبراير'!$B$44) | D44: =IF(AND(ISNUMBER(B44),ISNUMBER(C44)),B44-C44,"")
A45: صافي المركز المالي ($) | B45: =IF(ISNUMBER(D17),D17,"") -> -2110.4167 | C45: =IF('02-فبراير'!$B$45="","",'02-فبراير'!$B$45) -> -2819.0833 | D45: =IF(AND(ISNUMBER(B45),ISNUMBER(C45)),B45-C45,"") -> 708.66667 | E45: =IF(AND(ISNUMBER(B45),ISNUMBER(C45)),IF(C45<>0,(B45-C45)/ABS(C45),""),"") -> 0.25138195
A47: طريقة الحساب: تكلفة المبيعات = مخزون أول الشهر + المشتريات − مخزون آخر الشهر. مخزون آخر الشهر مُعدَّل بعزل أثر تغير سعر الصرف على الأصناف المسعّرة بالليرة، فيبقى الربح التشغيلي نظيفًا من أثر الصرف، ويظهر الأثر في سطر مستقل.

Sheet 04-أبريل
A1: تقرير شهر أبريل 2026 — الأرباح الحقيقية بالدولار الأمريكي | G1: خلايا مساعدة (خارج الطباعة)
A2: سعر الصرف المعتمد (ل.س مقابل 1$) — من لوحة التحكم | B2: =IF(ISNUMBER('لوحة التحكم'!$C$13),'لوحة التحكم'!$C$13,0) -> 12500 | C2: حالة الشهر | D2: =$H$6 -> ℹ ربح تقديري فقط | G2: سعر صرف الشهر السابق | H2: ='03-مارس'!$B$2 -> 12000
A3: =IF($H$5=0,"لا توجد بيانات لهذا الشهر بعد — أدخل المدخلات أدناه",IF($H$13>0,(IF($H$7=1,"⚠ سعر الصرف غير مُدخل في لوحة التحكم. ","")&IF($H$8=1,"⚠ أكمل المبيعات والمشتريات والمصاريف. ","")&IF($H$9=1,"⚠ الصق بيانات المستودع في فقرة «بيانات المستودع». ","")&IF($H$10=1,"⚠ الصف الملصوق يخص شهرًا آخر. ","")&IF($H$11=1,"⚠ سعر صرف المستودع ("&$B$21&") يختلف عن سعر لوحة التحكم ("&$B$2&"). ","")&IF($H$12=1,"⚠ ملف المستودع فيه أصناف بها أخطاء (العدد: "&$E$21&") — صحّحها ثم أعد التصدير.","")),IF($H$3=1,"✅ البيانات مكتملة — الربح الحقيقي محسوب","ℹ الربح الحقيقي غير متاح (يلزم مخزون هذا الشهر والشهر السابق وسعر صرف الشهرين) — المعروض ربح تقديري فقط"))) -> ℹ الربح الحقيقي غير متاح (يلزم مخزون هذا الشهر والشهر السابق وسعر صرف الشهرين) — المعروض ربح تقديري فقط | G3: الربح الحقيقي جاهز؟ (1/0) | H3: =IF(AND($B$2>0,H2>0,COUNT(B6:B8)=3,ISNUMBER(C22),ISNUMBER('03-مارس'!$C$22),ISNUMBER('03-مارس'!$D$21)),1,0) -> 0
A4: مدخلات الشهر (أدخل بالليرة السورية من برنامج المحاسبة) — الخلايا الصفراء | G4: أثر الصرف على مخزون الليرة ($) | H4: =IF(H3=1,'03-مارس'!$D$21*(1/$B$2-1/H2),0) -> 0
A5: البيان | B5: المبلغ (ل.س) | C5: المعادل ($) | D5: ملاحظة | G5: فيه بيانات؟ (1/0) | H5: =IF(COUNTA(B6:B8,B13:C15,A21:E21)>0,1,0) -> 1
A6: المبيعات | B6: 166691000 | C6: =IF(AND(ISNUMBER(B6),$B$2>0),B6/$B$2,"") -> 13335.28 | D6: إجمالي مبيعات الشهر | G6: حالة الشهر | H6: =IF(H5=0,"لا بيانات",IF(H3=1,IF(H13=0,"✅ جاهز — ربح حقيقي","⚠ ربح حقيقي مع تنبيهات"),IF(H13>0,"⚠ تنبيهات — راجع الصفحة",IF(COUNT(B6:B8)=3,"ℹ ربح تقديري فقط","⚠ بيانات ناقصة")))) -> ℹ ربح تقديري فقط
A7: المشتريات | B7: 91555000 | C7: =IF(AND(ISNUMBER(B7),$B$2>0),B7/$B$2,"") -> 7324.4 | D7: مشتريات الشهر (مواد وبضاعة) | G7: تنبيه: سعر الصرف ناقص | H7: =IF(AND(H5=1,$B$2<=0),1,0) -> 0
A8: المصاريف | B8: 38371000 | C8: =IF(AND(ISNUMBER(B8),$B$2>0),B8/$B$2,"") -> 3069.68 | D8: مصاريف التشغيل والرواتب... | G8: تنبيه: مدخلات ناقصة | H8: =IF(AND(H5=1,COUNT(B6:B8)<3),1,0) -> 0
A9: الربح التقديري (مبيعات − مشتريات − مصاريف) | B9: =IF(COUNT(B6:B8)=3,B6-B7-B8,"") -> 36765000 | C9: =IF(AND(ISNUMBER(B9),$B$2>0),B9/$B$2,"") -> 2941.2 | D9: للمرجع فقط — لا يأخذ المخزون بالحسبان | G9: تنبيه: بيانات المستودع ناقصة | H9: =IF(AND(H5=1,H15>=H14,NOT(AND(ISNUMBER(C21),ISNUMBER(D21)))),1,0) -> 0
G10: تنبيه: صف شهر آخر | H10: =IF(AND(ISNUMBER(A21),A21<>H15),1,0) -> 0
A11: الصندوق والديون بالعملتين | G11: تنبيه: سعر صرف مختلف | H11: =IF(AND(ISNUMBER(B21),$B$2>0,ABS(B21-$B$2)>0.5),1,0) -> 0
A12: البيان | B12: ليرة سورية | C12: دولار أمريكي | D12: الإجمالي ($) | G12: تنبيه: أخطاء بالمستودع | H12: =IF(N(E21)>0,1,0) -> 0
A13: الصندوق (كاش فعلي) | B13: 1436000 | C13: 295 | D13: =IF(AND(ISNUMBER(B13),ISNUMBER(C13),$B$2>0),B13/$B$2+C13,"") -> 409.88 | G13: مجموع التنبيهات | H13: =SUM(H7:H12) -> 0
A14: ديون لنا (مستحقة لنا) | B14: 70574000 | C14: 7360 | D14: =IF(AND(ISNUMBER(B14),ISNUMBER(C14),$B$2>0),B14/$B$2+C14,"") -> 13005.92 | G14: أول شهر لبيانات المستودع | H14: ='لوحة التحكم'!$C$6 -> 6
A15: ديون علينا | B15: 5924000 | C15: 11459 | D15: =IF(AND(ISNUMBER(B15),ISNUMBER(C15),$B$2>0),B15/$B$2+C15,"") -> 11932.92 | G15: رقم هذا الشهر | H15: 4
A16: صافي الدين (لنا − علينا) | B16: =IF(AND(ISNUMBER(B14),ISNUMBER(B15)),B14-B15,"") -> 64650000 | C16: =IF(AND(ISNUMBER(C14),ISNUMBER(C15)),C14-C15,"") -> -4099 | D16: =IF(AND(ISNUMBER(D14),ISNUMBER(D15)),D14-D15,"") -> 1073
A17: صافي المركز المالي (صندوق + ديون لنا − ديون علينا) | D17: =IF(AND(ISNUMBER(D13),ISNUMBER(D16)),D13+D16,"") -> 1482.88
A19: بيانات المستودع — الصق صفًّا واحدًا كـ «قيم» من ورقة «تصدير للتقارير» في ملف المستودع
A20: رقم الشهر | B20: سعر صرف المستودع | C20: مخزون مسعّر بالدولار ($) | D20: مخزون مسعّر بالليرة (ل.س) | E20: أصناف بها أخطاء
A22: قيمة المخزون الكلية بالدولار (بسعر الشراء وسعر صرف الشهر) | C22: =IF(AND(ISNUMBER(C21),ISNUMBER(D21),$B$2>0),C21+D21/$B$2,"") | D22: المسعّر بالدولار + (المسعّر بالليرة ÷ سعر الصرف)
A24: التقرير الشهري بالدولار الأمريكي
A25: البيان | B25: هذا الشهر ($) | C25: الشهر السابق ($) | D25: التغير ($) | E25: التغير %
A26: المبيعات | B26: =IF(ISNUMBER(C6),C6,"") -> 13335.28 | C26: =IF('03-مارس'!$B$26="","",'03-مارس'!$B$26) -> 8786.9167 | D26: =IF(AND(ISNUMBER(B26),ISNUMBER(C26)),B26-C26,"") -> 4548.3633 | E26: =IF(AND(ISNUMBER(B26),ISNUMBER(C26)),IF(C26<>0,(B26-C26)/ABS(C26),""),"") -> 0.51762905
A27: مخزون أول الشهر (= مخزون آخر الشهر السابق) | B27: =IF($H$3=1,'03-مارس'!$C$22,"") | C27: =IF('03-مارس'!$B$27="","",'03-مارس'!$B$27) | D27: =IF(AND(ISNUMBER(B27),ISNUMBER(C27)),B27-C27,"") | E27: =IF(AND(ISNUMBER(B27),ISNUMBER(C27)),IF(C27<>0,(B27-C27)/ABS(C27),""),"")
A28: (+) المشتريات | B28: =IF(ISNUMBER(C7),C7,"") -> 7324.4 | C28: =IF('03-مارس'!$B$28="","",'03-مارس'!$B$28) -> 3762.9167 | D28: =IF(AND(ISNUMBER(B28),ISNUMBER(C28)),B28-C28,"") -> 3561.4833 | E28: =IF(AND(ISNUMBER(B28),ISNUMBER(C28)),IF(C28<>0,(B28-C28)/ABS(C28),""),"") -> 0.94646883
A29: (−) مخزون آخر الشهر (بعد عزل أثر الصرف) | B29: =IF($H$3=1,C22-$H$4,"") | C29: =IF('03-مارس'!$B$29="","",'03-مارس'!$B$29) | D29: =IF(AND(ISNUMBER(B29),ISNUMBER(C29)),B29-C29,"") | E29: =IF(AND(ISNUMBER(B29),ISNUMBER(C29)),IF(C29<>0,(B29-C29)/ABS(C29),""),"")
A30: (=) تكلفة المبيعات | B30: =IF($H$3=1,B27+B28-B29,"") | C30: =IF('03-مارس'!$B$30="","",'03-مارس'!$B$30) | D30: =IF(AND(ISNUMBER(B30),ISNUMBER(C30)),B30-C30,"") | E30: =IF(AND(ISNUMBER(B30),ISNUMBER(C30)),IF(C30<>0,(B30-C30)/ABS(C30),""),"")
A31: مجمل الربح (المبيعات − التكلفة) | B31: =IF($H$3=1,B26-B30,"") | C31: =IF('03-مارس'!$B$31="","",'03-مارس'!$B$31) | D31: =IF(AND(ISNUMBER(B31),ISNUMBER(C31)),B31-C31,"") | E31: =IF(AND(ISNUMBER(B31),ISNUMBER(C31)),IF(C31<>0,(B31-C31)/ABS(C31),""),"")
A32: (−) المصاريف | B32: =IF(ISNUMBER(C8),C8,"") -> 3069.68 | C32: =IF('03-مارس'!$B$32="","",'03-مارس'!$B$32) -> 3100.25 | D32: =IF(AND(ISNUMBER(B32),ISNUMBER(C32)),B32-C32,"") -> -30.57 | E32: =IF(AND(ISNUMBER(B32),ISNUMBER(C32)),IF(C32<>0,(B32-C32)/ABS(C32),""),"") -> -0.0098604951
A33: (=) الربح الحقيقي التشغيلي | B33: =IF($H$3=1,B31-B32,"") | C33: =IF('03-مارس'!$B$33="","",'03-مارس'!$B$33) | D33: =IF(AND(ISNUMBER(B33),ISNUMBER(C33)),B33-C33,"") | E33: =IF(AND(ISNUMBER(B33),ISNUMBER(C33)),IF(C33<>0,(B33-C33)/ABS(C33),""),"")
A34: هامش الربح الحقيقي % | B34: =IF(AND($H$3=1,N(B26)>0),B33/B26,"") | C34: =IF('03-مارس'!$B$34="","",'03-مارس'!$B$34) | D34: =IF(AND(ISNUMBER(B34),ISNUMBER(C34)),B34-C34,"")
A35: أثر تغير الصرف على مخزون الليرة | B35: =IF($H$3=1,$H$4,"") | C35: =IF('03-مارس'!$B$35="","",'03-مارس'!$B$35) | D35: =IF(AND(ISNUMBER(B35),ISNUMBER(C35)),B35-C35,"") | E35: =IF(AND(ISNUMBER(B35),ISNUMBER(C35)),IF(C35<>0,(B35-C35)/ABS(C35),""),"")
A36: صافي الربح بعد أثر الصرف | B36: =IF($H$3=1,B33+B35,"") | C36: =IF('03-مارس'!$B$36="","",'03-مارس'!$B$36) | D36: =IF(AND(ISNUMBER(B36),ISNUMBER(C36)),B36-C36,"") | E36: =IF(AND(ISNUMBER(B36),ISNUMBER(C36)),IF(C36<>0,(B36-C36)/ABS(C36),""),"")
A37: للمرجع: الربح التقديري (مبيعات − مشتريات − مصاريف) | B37: =IF(ISNUMBER(C9),C9,"") -> 2941.2 | C37: =IF('03-مارس'!$B$37="","",'03-مارس'!$B$37) -> 1923.75 | D37: =IF(AND(ISNUMBER(B37),ISNUMBER(C37)),B37-C37,"") -> 1017.45 | E37: =IF(AND(ISNUMBER(B37),ISNUMBER(C37)),IF(C37<>0,(B37-C37)/ABS(C37),""),"") -> 0.52888889
A39: مؤشرات إضافية
A40: المؤشر | B40: هذا الشهر | C40: الشهر السابق | D40: التغير | E40: التغير %
A41: نسبة المصاريف من المبيعات % | B41: =IF(AND(ISNUMBER(B32),N(B26)>0),B32/B26,"") -> 0.23019239 | C41: =IF('03-مارس'!$B$41="","",'03-مارس'!$B$41) -> 0.3528257 | D41: =IF(AND(ISNUMBER(B41),ISNUMBER(C41)),B41-C41,"") -> -0.12263331
A42: نسبة تكلفة المبيعات من المبيعات % | B42: =IF(AND(ISNUMBER(B30),N(B26)>0),B30/B26,"") | C42: =IF('03-مارس'!$B$42="","",'03-مارس'!$B$42) | D42: =IF(AND(ISNUMBER(B42),ISNUMBER(C42)),B42-C42,"")
A43: قيمة المخزون الكلية ($) | B43: =IF(ISNUMBER(C22),C22,"") | C43: =IF('03-مارس'!$B$43="","",'03-مارس'!$B$43) | D43: =IF(AND(ISNUMBER(B43),ISNUMBER(C43)),B43-C43,"") | E43: =IF(AND(ISNUMBER(B43),ISNUMBER(C43)),IF(C43<>0,(B43-C43)/ABS(C43),""),"")
A44: نسبة المخزون المسعّر بالليرة % | B44: =IF(AND(ISNUMBER(C22),$B$2>0),IF(C22>0,(D21/$B$2)/C22,""),"") | C44: =IF('03-مارس'!$B$44="","",'03-مارس'!$B$44) | D44: =IF(AND(ISNUMBER(B44),ISNUMBER(C44)),B44-C44,"")
A45: صافي المركز المالي ($) | B45: =IF(ISNUMBER(D17),D17,"") -> 1482.88 | C45: =IF('03-مارس'!$B$45="","",'03-مارس'!$B$45) -> -2110.4167 | D45: =IF(AND(ISNUMBER(B45),ISNUMBER(C45)),B45-C45,"") -> 3593.2967 | E45: =IF(AND(ISNUMBER(B45),ISNUMBER(C45)),IF(C45<>0,(B45-C45)/ABS(C45),""),"") -> 1.702648
A47: طريقة الحساب: تكلفة المبيعات = مخزون أول الشهر + المشتريات − مخزون آخر الشهر. مخزون آخر الشهر مُعدَّل بعزل أثر تغير سعر الصرف على الأصناف المسعّرة بالليرة، فيبقى الربح التشغيلي نظيفًا من أثر الصرف، ويظهر الأثر في سطر مستقل.

Sheet 05-مايو
A1: تقرير شهر مايو 2026 — الأرباح الحقيقية بالدولار الأمريكي | G1: خلايا مساعدة (خارج الطباعة)
A2: سعر الصرف المعتمد (ل.س مقابل 1$) — من لوحة التحكم | B2: =IF(ISNUMBER('لوحة التحكم'!$C$14),'لوحة التحكم'!$C$14,0) -> 12500 | C2: حالة الشهر | D2: =$H$6 -> ℹ ربح تقديري فقط | G2: سعر صرف الشهر السابق | H2: ='04-أبريل'!$B$2 -> 12500
A3: =IF($H$5=0,"لا توجد بيانات لهذا الشهر بعد — أدخل المدخلات أدناه",IF($H$13>0,(IF($H$7=1,"⚠ سعر الصرف غير مُدخل في لوحة التحكم. ","")&IF($H$8=1,"⚠ أكمل المبيعات والمشتريات والمصاريف. ","")&IF($H$9=1,"⚠ الصق بيانات المستودع في فقرة «بيانات المستودع». ","")&IF($H$10=1,"⚠ الصف الملصوق يخص شهرًا آخر. ","")&IF($H$11=1,"⚠ سعر صرف المستودع ("&$B$21&") يختلف عن سعر لوحة التحكم ("&$B$2&"). ","")&IF($H$12=1,"⚠ ملف المستودع فيه أصناف بها أخطاء (العدد: "&$E$21&") — صحّحها ثم أعد التصدير.","")),IF($H$3=1,"✅ البيانات مكتملة — الربح الحقيقي محسوب","ℹ الربح الحقيقي غير متاح (يلزم مخزون هذا الشهر والشهر السابق وسعر صرف الشهرين) — المعروض ربح تقديري فقط"))) -> ℹ الربح الحقيقي غير متاح (يلزم مخزون هذا الشهر والشهر السابق وسعر صرف الشهرين) — المعروض ربح تقديري فقط | G3: الربح الحقيقي جاهز؟ (1/0) | H3: =IF(AND($B$2>0,H2>0,COUNT(B6:B8)=3,ISNUMBER(C22),ISNUMBER('04-أبريل'!$C$22),ISNUMBER('04-أبريل'!$D$21)),1,0) -> 0
A4: مدخلات الشهر (أدخل بالليرة السورية من برنامج المحاسبة) — الخلايا الصفراء | G4: أثر الصرف على مخزون الليرة ($) | H4: =IF(H3=1,'04-أبريل'!$D$21*(1/$B$2-1/H2),0) -> 0
A5: البيان | B5: المبلغ (ل.س) | C5: المعادل ($) | D5: ملاحظة | G5: فيه بيانات؟ (1/0) | H5: =IF(COUNTA(B6:B8,B13:C15,A21:E21)>0,1,0) -> 1
A6: المبيعات | B6: 163334000 | C6: =IF(AND(ISNUMBER(B6),$B$2>0),B6/$B$2,"") -> 13066.72 | D6: إجمالي مبيعات الشهر | G6: حالة الشهر | H6: =IF(H5=0,"لا بيانات",IF(H3=1,IF(H13=0,"✅ جاهز — ربح حقيقي","⚠ ربح حقيقي مع تنبيهات"),IF(H13>0,"⚠ تنبيهات — راجع الصفحة",IF(COUNT(B6:B8)=3,"ℹ ربح تقديري فقط","⚠ بيانات ناقصة")))) -> ℹ ربح تقديري فقط
A7: المشتريات | B7: 91196000 | C7: =IF(AND(ISNUMBER(B7),$B$2>0),B7/$B$2,"") -> 7295.68 | D7: مشتريات الشهر (مواد وبضاعة) | G7: تنبيه: سعر الصرف ناقص | H7: =IF(AND(H5=1,$B$2<=0),1,0) -> 0
A8: المصاريف | B8: 26000000 | C8: =IF(AND(ISNUMBER(B8),$B$2>0),B8/$B$2,"") -> 2080 | D8: مصاريف التشغيل والرواتب... | G8: تنبيه: مدخلات ناقصة | H8: =IF(AND(H5=1,COUNT(B6:B8)<3),1,0) -> 0
A9: الربح التقديري (مبيعات − مشتريات − مصاريف) | B9: =IF(COUNT(B6:B8)=3,B6-B7-B8,"") -> 46138000 | C9: =IF(AND(ISNUMBER(B9),$B$2>0),B9/$B$2,"") -> 3691.04 | D9: للمرجع فقط — لا يأخذ المخزون بالحسبان | G9: تنبيه: بيانات المستودع ناقصة | H9: =IF(AND(H5=1,H15>=H14,NOT(AND(ISNUMBER(C21),ISNUMBER(D21)))),1,0) -> 0
G10: تنبيه: صف شهر آخر | H10: =IF(AND(ISNUMBER(A21),A21<>H15),1,0) -> 0
A11: الصندوق والديون بالعملتين | G11: تنبيه: سعر صرف مختلف | H11: =IF(AND(ISNUMBER(B21),$B$2>0,ABS(B21-$B$2)>0.5),1,0) -> 0
A12: البيان | B12: ليرة سورية | C12: دولار أمريكي | D12: الإجمالي ($) | G12: تنبيه: أخطاء بالمستودع | H12: =IF(N(E21)>0,1,0) -> 0
A13: الصندوق (كاش فعلي) | B13: 1500000 | C13: 50 | D13: =IF(AND(ISNUMBER(B13),ISNUMBER(C13),$B$2>0),B13/$B$2+C13,"") -> 170 | G13: مجموع التنبيهات | H13: =SUM(H7:H12) -> 0
A14: ديون لنا (مستحقة لنا) | B14: 35913000 | C14: 6270 | D14: =IF(AND(ISNUMBER(B14),ISNUMBER(C14),$B$2>0),B14/$B$2+C14,"") -> 9143.04 | G14: أول شهر لبيانات المستودع | H14: ='لوحة التحكم'!$C$6 -> 6
A15: ديون علينا | B15: 8730000 | C15: 5679 | D15: =IF(AND(ISNUMBER(B15),ISNUMBER(C15),$B$2>0),B15/$B$2+C15,"") -> 6377.4 | G15: رقم هذا الشهر | H15: 5
A16: صافي الدين (لنا − علينا) | B16: =IF(AND(ISNUMBER(B14),ISNUMBER(B15)),B14-B15,"") -> 27183000 | C16: =IF(AND(ISNUMBER(C14),ISNUMBER(C15)),C14-C15,"") -> 591 | D16: =IF(AND(ISNUMBER(D14),ISNUMBER(D15)),D14-D15,"") -> 2765.64
A17: صافي المركز المالي (صندوق + ديون لنا − ديون علينا) | D17: =IF(AND(ISNUMBER(D13),ISNUMBER(D16)),D13+D16,"") -> 2935.64
A19: بيانات المستودع — الصق صفًّا واحدًا كـ «قيم» من ورقة «تصدير للتقارير» في ملف المستودع
A20: رقم الشهر | B20: سعر صرف المستودع | C20: مخزون مسعّر بالدولار ($) | D20: مخزون مسعّر بالليرة (ل.س) | E20: أصناف بها أخطاء
A22: قيمة المخزون الكلية بالدولار (بسعر الشراء وسعر صرف الشهر) | C22: =IF(AND(ISNUMBER(C21),ISNUMBER(D21),$B$2>0),C21+D21/$B$2,"") | D22: المسعّر بالدولار + (المسعّر بالليرة ÷ سعر الصرف)
A24: التقرير الشهري بالدولار الأمريكي
A25: البيان | B25: هذا الشهر ($) | C25: الشهر السابق ($) | D25: التغير ($) | E25: التغير %
A26: المبيعات | B26: =IF(ISNUMBER(C6),C6,"") -> 13066.72 | C26: =IF('04-أبريل'!$B$26="","",'04-أبريل'!$B$26) -> 13335.28 | D26: =IF(AND(ISNUMBER(B26),ISNUMBER(C26)),B26-C26,"") -> -268.56 | E26: =IF(AND(ISNUMBER(B26),ISNUMBER(C26)),IF(C26<>0,(B26-C26)/ABS(C26),""),"") -> -0.02013906
A27: مخزون أول الشهر (= مخزون آخر الشهر السابق) | B27: =IF($H$3=1,'04-أبريل'!$C$22,"") | C27: =IF('04-أبريل'!$B$27="","",'04-أبريل'!$B$27) | D27: =IF(AND(ISNUMBER(B27),ISNUMBER(C27)),B27-C27,"") | E27: =IF(AND(ISNUMBER(B27),ISNUMBER(C27)),IF(C27<>0,(B27-C27)/ABS(C27),""),"")
A28: (+) المشتريات | B28: =IF(ISNUMBER(C7),C7,"") -> 7295.68 | C28: =IF('04-أبريل'!$B$28="","",'04-أبريل'!$B$28) -> 7324.4 | D28: =IF(AND(ISNUMBER(B28),ISNUMBER(C28)),B28-C28,"") -> -28.72 | E28: =IF(AND(ISNUMBER(B28),ISNUMBER(C28)),IF(C28<>0,(B28-C28)/ABS(C28),""),"") -> -0.0039211403
A29: (−) مخزون آخر الشهر (بعد عزل أثر الصرف) | B29: =IF($H$3=1,C22-$H$4,"") | C29: =IF('04-أبريل'!$B$29="","",'04-أبريل'!$B$29) | D29: =IF(AND(ISNUMBER(B29),ISNUMBER(C29)),B29-C29,"") | E29: =IF(AND(ISNUMBER(B29),ISNUMBER(C29)),IF(C29<>0,(B29-C29)/ABS(C29),""),"")
A30: (=) تكلفة المبيعات | B30: =IF($H$3=1,B27+B28-B29,"") | C30: =IF('04-أبريل'!$B$30="","",'04-أبريل'!$B$30) | D30: =IF(AND(ISNUMBER(B30),ISNUMBER(C30)),B30-C30,"") | E30: =IF(AND(ISNUMBER(B30),ISNUMBER(C30)),IF(C30<>0,(B30-C30)/ABS(C30),""),"")
A31: مجمل الربح (المبيعات − التكلفة) | B31: =IF($H$3=1,B26-B30,"") | C31: =IF('04-أبريل'!$B$31="","",'04-أبريل'!$B$31) | D31: =IF(AND(ISNUMBER(B31),ISNUMBER(C31)),B31-C31,"") | E31: =IF(AND(ISNUMBER(B31),ISNUMBER(C31)),IF(C31<>0,(B31-C31)/ABS(C31),""),"")
A32: (−) المصاريف | B32: =IF(ISNUMBER(C8),C8,"") -> 2080 | C32: =IF('04-أبريل'!$B$32="","",'04-أبريل'!$B$32) -> 3069.68 | D32: =IF(AND(ISNUMBER(B32),ISNUMBER(C32)),B32-C32,"") -> -989.68 | E32: =IF(AND(ISNUMBER(B32),ISNUMBER(C32)),IF(C32<>0,(B32-C32)/ABS(C32),""),"") -> -0.32240494
A33: (=) الربح الحقيقي التشغيلي | B33: =IF($H$3=1,B31-B32,"") | C33: =IF('04-أبريل'!$B$33="","",'04-أبريل'!$B$33) | D33: =IF(AND(ISNUMBER(B33),ISNUMBER(C33)),B33-C33,"") | E33: =IF(AND(ISNUMBER(B33),ISNUMBER(C33)),IF(C33<>0,(B33-C33)/ABS(C33),""),"")
A34: هامش الربح الحقيقي % | B34: =IF(AND($H$3=1,N(B26)>0),B33/B26,"") | C34: =IF('04-أبريل'!$B$34="","",'04-أبريل'!$B$34) | D34: =IF(AND(ISNUMBER(B34),ISNUMBER(C34)),B34-C34,"")
A35: أثر تغير الصرف على مخزون الليرة | B35: =IF($H$3=1,$H$4,"") | C35: =IF('04-أبريل'!$B$35="","",'04-أبريل'!$B$35) | D35: =IF(AND(ISNUMBER(B35),ISNUMBER(C35)),B35-C35,"") | E35: =IF(AND(ISNUMBER(B35),ISNUMBER(C35)),IF(C35<>0,(B35-C35)/ABS(C35),""),"")
A36: صافي الربح بعد أثر الصرف | B36: =IF($H$3=1,B33+B35,"") | C36: =IF('04-أبريل'!$B$36="","",'04-أبريل'!$B$36) | D36: =IF(AND(ISNUMBER(B36),ISNUMBER(C36)),B36-C36,"") | E36: =IF(AND(ISNUMBER(B36),ISNUMBER(C36)),IF(C36<>0,(B36-C36)/ABS(C36),""),"")
A37: للمرجع: الربح التقديري (مبيعات − مشتريات − مصاريف) | B37: =IF(ISNUMBER(C9),C9,"") -> 3691.04 | C37: =IF('04-أبريل'!$B$37="","",'04-أبريل'!$B$37) -> 2941.2 | D37: =IF(AND(ISNUMBER(B37),ISNUMBER(C37)),B37-C37,"") -> 749.84 | E37: =IF(AND(ISNUMBER(B37),ISNUMBER(C37)),IF(C37<>0,(B37-C37)/ABS(C37),""),"") -> 0.25494356
A39: مؤشرات إضافية
A40: المؤشر | B40: هذا الشهر | C40: الشهر السابق | D40: التغير | E40: التغير %
A41: نسبة المصاريف من المبيعات % | B41: =IF(AND(ISNUMBER(B32),N(B26)>0),B32/B26,"") -> 0.15918302 | C41: =IF('04-أبريل'!$B$41="","",'04-أبريل'!$B$41) -> 0.23019239 | D41: =IF(AND(ISNUMBER(B41),ISNUMBER(C41)),B41-C41,"") -> -0.071009368
A42: نسبة تكلفة المبيعات من المبيعات % | B42: =IF(AND(ISNUMBER(B30),N(B26)>0),B30/B26,"") | C42: =IF('04-أبريل'!$B$42="","",'04-أبريل'!$B$42) | D42: =IF(AND(ISNUMBER(B42),ISNUMBER(C42)),B42-C42,"")
A43: قيمة المخزون الكلية ($) | B43: =IF(ISNUMBER(C22),C22,"") | C43: =IF('04-أبريل'!$B$43="","",'04-أبريل'!$B$43) | D43: =IF(AND(ISNUMBER(B43),ISNUMBER(C43)),B43-C43,"") | E43: =IF(AND(ISNUMBER(B43),ISNUMBER(C43)),IF(C43<>0,(B43-C43)/ABS(C43),""),"")
A44: نسبة المخزون المسعّر بالليرة % | B44: =IF(AND(ISNUMBER(C22),$B$2>0),IF(C22>0,(D21/$B$2)/C22,""),"") | C44: =IF('04-أبريل'!$B$44="","",'04-أبريل'!$B$44) | D44: =IF(AND(ISNUMBER(B44),ISNUMBER(C44)),B44-C44,"")
A45: صافي المركز المالي ($) | B45: =IF(ISNUMBER(D17),D17,"") -> 2935.64 | C45: =IF('04-أبريل'!$B$45="","",'04-أبريل'!$B$45) -> 1482.88 | D45: =IF(AND(ISNUMBER(B45),ISNUMBER(C45)),B45-C45,"") -> 1452.76 | E45: =IF(AND(ISNUMBER(B45),ISNUMBER(C45)),IF(C45<>0,(B45-C45)/ABS(C45),""),"") -> 0.97968817
A47: طريقة الحساب: تكلفة المبيعات = مخزون أول الشهر + المشتريات − مخزون آخر الشهر. مخزون آخر الشهر مُعدَّل بعزل أثر تغير سعر الصرف على الأصناف المسعّرة بالليرة، فيبقى الربح التشغيلي نظيفًا من أثر الصرف، ويظهر الأثر في سطر مستقل.

Sheet 06-يونيو
A1: تقرير شهر يونيو 2026 — الأرباح الحقيقية بالدولار الأمريكي | G1: خلايا مساعدة (خارج الطباعة)
A2: سعر الصرف المعتمد (ل.س مقابل 1$) — من لوحة التحكم | B2: =IF(ISNUMBER('لوحة التحكم'!$C$15),'لوحة التحكم'!$C$15,0) -> 13200 | C2: حالة الشهر | D2: =$H$6 -> ℹ ربح تقديري فقط | G2: سعر صرف الشهر السابق | H2: ='05-مايو'!$B$2 -> 12500
A3: =IF($H$5=0,"لا توجد بيانات لهذا الشهر بعد — أدخل المدخلات أدناه",IF($H$13>0,(IF($H$7=1,"⚠ سعر الصرف غير مُدخل في لوحة التحكم. ","")&IF($H$8=1,"⚠ أكمل المبيعات والمشتريات والمصاريف. ","")&IF($H$9=1,"⚠ الصق بيانات المستودع في فقرة «بيانات المستودع». ","")&IF($H$10=1,"⚠ الصف الملصوق يخص شهرًا آخر. ","")&IF($H$11=1,"⚠ سعر صرف المستودع ("&$B$21&") يختلف عن سعر لوحة التحكم ("&$B$2&"). ","")&IF($H$12=1,"⚠ ملف المستودع فيه أصناف بها أخطاء (العدد: "&$E$21&") — صحّحها ثم أعد التصدير.","")),IF($H$3=1,"✅ البيانات مكتملة — الربح الحقيقي محسوب","ℹ الربح الحقيقي غير متاح (يلزم مخزون هذا الشهر والشهر السابق وسعر صرف الشهرين) — المعروض ربح تقديري فقط"))) -> ℹ الربح الحقيقي غير متاح (يلزم مخزون هذا الشهر والشهر السابق وسعر صرف الشهرين) — المعروض ربح تقديري فقط | G3: الربح الحقيقي جاهز؟ (1/0) | H3: =IF(AND($B$2>0,H2>0,COUNT(B6:B8)=3,ISNUMBER(C22),ISNUMBER('05-مايو'!$C$22),ISNUMBER('05-مايو'!$D$21)),1,0) -> 0
A4: مدخلات الشهر (أدخل بالليرة السورية من برنامج المحاسبة) — الخلايا الصفراء | G4: أثر الصرف على مخزون الليرة ($) | H4: =IF(H3=1,'05-مايو'!$D$21*(1/$B$2-1/H2),0) -> 0
A5: البيان | B5: المبلغ (ل.س) | C5: المعادل ($) | D5: ملاحظة | G5: فيه بيانات؟ (1/0) | H5: =IF(COUNTA(B6:B8,B13:C15,A21:E21)>0,1,0) -> 1
A6: المبيعات | B6: 197424000 | C6: =IF(AND(ISNUMBER(B6),$B$2>0),B6/$B$2,"") -> 14956.364 | D6: إجمالي مبيعات الشهر | G6: حالة الشهر | H6: =IF(H5=0,"لا بيانات",IF(H3=1,IF(H13=0,"✅ جاهز — ربح حقيقي","⚠ ربح حقيقي مع تنبيهات"),IF(H13>0,"⚠ تنبيهات — راجع الصفحة",IF(COUNT(B6:B8)=3,"ℹ ربح تقديري فقط","⚠ بيانات ناقصة")))) -> ℹ ربح تقديري فقط
A7: المشتريات | B7: 61619000 | C7: =IF(AND(ISNUMBER(B7),$B$2>0),B7/$B$2,"") -> 4668.1061 | D7: مشتريات الشهر (مواد وبضاعة) | G7: تنبيه: سعر الصرف ناقص | H7: =IF(AND(H5=1,$B$2<=0),1,0) -> 0
A8: المصاريف | B8: 32391000 | C8: =IF(AND(ISNUMBER(B8),$B$2>0),B8/$B$2,"") -> 2453.8636 | D8: مصاريف التشغيل والرواتب... | G8: تنبيه: مدخلات ناقصة | H8: =IF(AND(H5=1,COUNT(B6:B8)<3),1,0) -> 0
A9: الربح التقديري (مبيعات − مشتريات − مصاريف) | B9: =IF(COUNT(B6:B8)=3,B6-B7-B8,"") -> 103414000 | C9: =IF(AND(ISNUMBER(B9),$B$2>0),B9/$B$2,"") -> 7834.3939 | D9: للمرجع فقط — لا يأخذ المخزون بالحسبان | G9: تنبيه: بيانات المستودع ناقصة | H9: =IF(AND(H5=1,H15>=H14,NOT(AND(ISNUMBER(C21),ISNUMBER(D21)))),1,0) -> 0
G10: تنبيه: صف شهر آخر | H10: =IF(AND(ISNUMBER(A21),A21<>H15),1,0) -> 0
A11: الصندوق والديون بالعملتين | G11: تنبيه: سعر صرف مختلف | H11: =IF(AND(ISNUMBER(B21),$B$2>0,ABS(B21-$B$2)>0.5),1,0) -> 0
A12: البيان | B12: ليرة سورية | C12: دولار أمريكي | D12: الإجمالي ($) | G12: تنبيه: أخطاء بالمستودع | H12: =IF(N(E21)>0,1,0) -> 0
A13: الصندوق (كاش فعلي) | B13: 584000 | C13: 686 | D13: =IF(AND(ISNUMBER(B13),ISNUMBER(C13),$B$2>0),B13/$B$2+C13,"") -> 730.24242 | G13: مجموع التنبيهات | H13: =SUM(H7:H12) -> 0
A14: ديون لنا (مستحقة لنا) | B14: 35652000 | C14: 11283 | D14: =IF(AND(ISNUMBER(B14),ISNUMBER(C14),$B$2>0),B14/$B$2+C14,"") -> 13983.909 | G14: أول شهر لبيانات المستودع | H14: ='لوحة التحكم'!$C$6 -> 6
A15: ديون علينا | B15: 6647000 | C15: 5101 | D15: =IF(AND(ISNUMBER(B15),ISNUMBER(C15),$B$2>0),B15/$B$2+C15,"") -> 5604.5606 | G15: رقم هذا الشهر | H15: 6
A16: صافي الدين (لنا − علينا) | B16: =IF(AND(ISNUMBER(B14),ISNUMBER(B15)),B14-B15,"") -> 29005000 | C16: =IF(AND(ISNUMBER(C14),ISNUMBER(C15)),C14-C15,"") -> 6182 | D16: =IF(AND(ISNUMBER(D14),ISNUMBER(D15)),D14-D15,"") -> 8379.3485
A17: صافي المركز المالي (صندوق + ديون لنا − ديون علينا) | D17: =IF(AND(ISNUMBER(D13),ISNUMBER(D16)),D13+D16,"") -> 9109.5909
A19: بيانات المستودع — الصق صفًّا واحدًا كـ «قيم» من ورقة «تصدير للتقارير» في ملف المستودع
A20: رقم الشهر | B20: سعر صرف المستودع | C20: مخزون مسعّر بالدولار ($) | D20: مخزون مسعّر بالليرة (ل.س) | E20: أصناف بها أخطاء
A21: 6 | B21: 13200 | C21: 29259.8 | D21: 204304214 | E21: 0
A22: قيمة المخزون الكلية بالدولار (بسعر الشراء وسعر صرف الشهر) | C22: =IF(AND(ISNUMBER(C21),ISNUMBER(D21),$B$2>0),C21+D21/$B$2,"") -> 44737.392 | D22: المسعّر بالدولار + (المسعّر بالليرة ÷ سعر الصرف)
A24: التقرير الشهري بالدولار الأمريكي
A25: البيان | B25: هذا الشهر ($) | C25: الشهر السابق ($) | D25: التغير ($) | E25: التغير %
A26: المبيعات | B26: =IF(ISNUMBER(C6),C6,"") -> 14956.364 | C26: =IF('05-مايو'!$B$26="","",'05-مايو'!$B$26) -> 13066.72 | D26: =IF(AND(ISNUMBER(B26),ISNUMBER(C26)),B26-C26,"") -> 1889.6436 | E26: =IF(AND(ISNUMBER(B26),ISNUMBER(C26)),IF(C26<>0,(B26-C26)/ABS(C26),""),"") -> 0.14461499
A27: مخزون أول الشهر (= مخزون آخر الشهر السابق) | B27: =IF($H$3=1,'05-مايو'!$C$22,"") | C27: =IF('05-مايو'!$B$27="","",'05-مايو'!$B$27) | D27: =IF(AND(ISNUMBER(B27),ISNUMBER(C27)),B27-C27,"") | E27: =IF(AND(ISNUMBER(B27),ISNUMBER(C27)),IF(C27<>0,(B27-C27)/ABS(C27),""),"")
A28: (+) المشتريات | B28: =IF(ISNUMBER(C7),C7,"") -> 4668.1061 | C28: =IF('05-مايو'!$B$28="","",'05-مايو'!$B$28) -> 7295.68 | D28: =IF(AND(ISNUMBER(B28),ISNUMBER(C28)),B28-C28,"") -> -2627.5739 | E28: =IF(AND(ISNUMBER(B28),ISNUMBER(C28)),IF(C28<>0,(B28-C28)/ABS(C28),""),"") -> -0.36015477
A29: (−) مخزون آخر الشهر (بعد عزل أثر الصرف) | B29: =IF($H$3=1,C22-$H$4,"") | C29: =IF('05-مايو'!$B$29="","",'05-مايو'!$B$29) | D29: =IF(AND(ISNUMBER(B29),ISNUMBER(C29)),B29-C29,"") | E29: =IF(AND(ISNUMBER(B29),ISNUMBER(C29)),IF(C29<>0,(B29-C29)/ABS(C29),""),"")
A30: (=) تكلفة المبيعات | B30: =IF($H$3=1,B27+B28-B29,"") | C30: =IF('05-مايو'!$B$30="","",'05-مايو'!$B$30) | D30: =IF(AND(ISNUMBER(B30),ISNUMBER(C30)),B30-C30,"") | E30: =IF(AND(ISNUMBER(B30),ISNUMBER(C30)),IF(C30<>0,(B30-C30)/ABS(C30),""),"")
A31: مجمل الربح (المبيعات − التكلفة) | B31: =IF($H$3=1,B26-B30,"") | C31: =IF('05-مايو'!$B$31="","",'05-مايو'!$B$31) | D31: =IF(AND(ISNUMBER(B31),ISNUMBER(C31)),B31-C31,"") | E31: =IF(AND(ISNUMBER(B31),ISNUMBER(C31)),IF(C31<>0,(B31-C31)/ABS(C31),""),"")
A32: (−) المصاريف | B32: =IF(ISNUMBER(C8),C8,"") -> 2453.8636 | C32: =IF('05-مايو'!$B$32="","",'05-مايو'!$B$32) -> 2080 | D32: =IF(AND(ISNUMBER(B32),ISNUMBER(C32)),B32-C32,"") -> 373.86364 | E32: =IF(AND(ISNUMBER(B32),ISNUMBER(C32)),IF(C32<>0,(B32-C32)/ABS(C32),""),"") -> 0.17974213
A33: (=) الربح الحقيقي التشغيلي | B33: =IF($H$3=1,B31-B32,"") | C33: =IF('05-مايو'!$B$33="","",'05-مايو'!$B$33) | D33: =IF(AND(ISNUMBER(B33),ISNUMBER(C33)),B33-C33,"") | E33: =IF(AND(ISNUMBER(B33),ISNUMBER(C33)),IF(C33<>0,(B33-C33)/ABS(C33),""),"")
A34: هامش الربح الحقيقي % | B34: =IF(AND($H$3=1,N(B26)>0),B33/B26,"") | C34: =IF('05-مايو'!$B$34="","",'05-مايو'!$B$34) | D34: =IF(AND(ISNUMBER(B34),ISNUMBER(C34)),B34-C34,"")
A35: أثر تغير الصرف على مخزون الليرة | B35: =IF($H$3=1,$H$4,"") | C35: =IF('05-مايو'!$B$35="","",'05-مايو'!$B$35) | D35: =IF(AND(ISNUMBER(B35),ISNUMBER(C35)),B35-C35,"") | E35: =IF(AND(ISNUMBER(B35),ISNUMBER(C35)),IF(C35<>0,(B35-C35)/ABS(C35),""),"")
A36: صافي الربح بعد أثر الصرف | B36: =IF($H$3=1,B33+B35,"") | C36: =IF('05-مايو'!$B$36="","",'05-مايو'!$B$36) | D36: =IF(AND(ISNUMBER(B36),ISNUMBER(C36)),B36-C36,"") | E36: =IF(AND(ISNUMBER(B36),ISNUMBER(C36)),IF(C36<>0,(B36-C36)/ABS(C36),""),"")
A37: للمرجع: الربح التقديري (مبيعات − مشتريات − مصاريف) | B37: =IF(ISNUMBER(C9),C9,"") -> 7834.3939 | C37: =IF('05-مايو'!$B$37="","",'05-مايو'!$B$37) -> 3691.04 | D37: =IF(AND(ISNUMBER(B37),ISNUMBER(C37)),B37-C37,"") -> 4143.3539 | E37: =IF(AND(ISNUMBER(B37),ISNUMBER(C37)),IF(C37<>0,(B37-C37)/ABS(C37),""),"") -> 1.1225438
A39: مؤشرات إضافية
A40: المؤشر | B40: هذا الشهر | C40: الشهر السابق | D40: التغير | E40: التغير %
A41: نسبة المصاريف من المبيعات % | B41: =IF(AND(ISNUMBER(B32),N(B26)>0),B32/B26,"") -> 0.1640682 | C41: =IF('05-مايو'!$B$41="","",'05-مايو'!$B$41) -> 0.15918302 | D41: =IF(AND(ISNUMBER(B41),ISNUMBER(C41)),B41-C41,"") -> 0.0048851747
A42: نسبة تكلفة المبيعات من المبيعات % | B42: =IF(AND(ISNUMBER(B30),N(B26)>0),B30/B26,"") | C42: =IF('05-مايو'!$B$42="","",'05-مايو'!$B$42) | D42: =IF(AND(ISNUMBER(B42),ISNUMBER(C42)),B42-C42,"")
A43: قيمة المخزون الكلية ($) | B43: =IF(ISNUMBER(C22),C22,"") -> 44737.392 | C43: =IF('05-مايو'!$B$43="","",'05-مايو'!$B$43) | D43: =IF(AND(ISNUMBER(B43),ISNUMBER(C43)),B43-C43,"") | E43: =IF(AND(ISNUMBER(B43),ISNUMBER(C43)),IF(C43<>0,(B43-C43)/ABS(C43),""),"")
A44: نسبة المخزون المسعّر بالليرة % | B44: =IF(AND(ISNUMBER(C22),$B$2>0),IF(C22>0,(D21/$B$2)/C22,""),"") -> 0.34596545 | C44: =IF('05-مايو'!$B$44="","",'05-مايو'!$B$44) | D44: =IF(AND(ISNUMBER(B44),ISNUMBER(C44)),B44-C44,"")
A45: صافي المركز المالي ($) | B45: =IF(ISNUMBER(D17),D17,"") -> 9109.5909 | C45: =IF('05-مايو'!$B$45="","",'05-مايو'!$B$45) -> 2935.64 | D45: =IF(AND(ISNUMBER(B45),ISNUMBER(C45)),B45-C45,"") -> 6173.9509 | E45: =IF(AND(ISNUMBER(B45),ISNUMBER(C45)),IF(C45<>0,(B45-C45)/ABS(C45),""),"") -> 2.1031022
A47: طريقة الحساب: تكلفة المبيعات = مخزون أول الشهر + المشتريات − مخزون آخر الشهر. مخزون آخر الشهر مُعدَّل بعزل أثر تغير سعر الصرف على الأصناف المسعّرة بالليرة، فيبقى الربح التشغيلي نظيفًا من أثر الصرف، ويظهر الأثر في سطر مستقل.

Sheet 07-يوليو
A1: تقرير شهر يوليو 2026 — الأرباح الحقيقية بالدولار الأمريكي | G1: خلايا مساعدة (خارج الطباعة)
A2: سعر الصرف المعتمد (ل.س مقابل 1$) — من لوحة التحكم | B2: =IF(ISNUMBER('لوحة التحكم'!$C$16),'لوحة التحكم'!$C$16,0) -> 13300 | C2: حالة الشهر | D2: =$H$6 -> ✅ جاهز — ربح حقيقي | G2: سعر صرف الشهر السابق | H2: ='06-يونيو'!$B$2 -> 13200
A3: =IF($H$5=0,"لا توجد بيانات لهذا الشهر بعد — أدخل المدخلات أدناه",IF($H$13>0,(IF($H$7=1,"⚠ سعر الصرف غير مُدخل في لوحة التحكم. ","")&IF($H$8=1,"⚠ أكمل المبيعات والمشتريات والمصاريف. ","")&IF($H$9=1,"⚠ الصق بيانات المستودع في فقرة «بيانات المستودع». ","")&IF($H$10=1,"⚠ الصف الملصوق يخص شهرًا آخر. ","")&IF($H$11=1,"⚠ سعر صرف المستودع ("&$B$21&") يختلف عن سعر لوحة التحكم ("&$B$2&"). ","")&IF($H$12=1,"⚠ ملف المستودع فيه أصناف بها أخطاء (العدد: "&$E$21&") — صحّحها ثم أعد التصدير.","")),IF($H$3=1,"✅ البيانات مكتملة — الربح الحقيقي محسوب","ℹ الربح الحقيقي غير متاح (يلزم مخزون هذا الشهر والشهر السابق وسعر صرف الشهرين) — المعروض ربح تقديري فقط"))) -> ✅ البيانات مكتملة — الربح الحقيقي محسوب | G3: الربح الحقيقي جاهز؟ (1/0) | H3: =IF(AND($B$2>0,H2>0,COUNT(B6:B8)=3,ISNUMBER(C22),ISNUMBER('06-يونيو'!$C$22),ISNUMBER('06-يونيو'!$D$21)),1,0) -> 1
A4: مدخلات الشهر (أدخل بالليرة السورية من برنامج المحاسبة) — الخلايا الصفراء | G4: أثر الصرف على مخزون الليرة ($) | H4: =IF(H3=1,'06-يونيو'!$D$21*(1/$B$2-1/H2),0) -> -116.37287
A5: البيان | B5: المبلغ (ل.س) | C5: المعادل ($) | D5: ملاحظة | G5: فيه بيانات؟ (1/0) | H5: =IF(COUNTA(B6:B8,B13:C15,A21:E21)>0,1,0) -> 1
A6: المبيعات | B6: 191042000 | C6: =IF(AND(ISNUMBER(B6),$B$2>0),B6/$B$2,"") -> 14364.06 | D6: إجمالي مبيعات الشهر | G6: حالة الشهر | H6: =IF(H5=0,"لا بيانات",IF(H3=1,IF(H13=0,"✅ جاهز — ربح حقيقي","⚠ ربح حقيقي مع تنبيهات"),IF(H13>0,"⚠ تنبيهات — راجع الصفحة",IF(COUNT(B6:B8)=3,"ℹ ربح تقديري فقط","⚠ بيانات ناقصة")))) -> ✅ جاهز — ربح حقيقي
A7: المشتريات | B7: 140673000 | C7: =IF(AND(ISNUMBER(B7),$B$2>0),B7/$B$2,"") -> 10576.917 | D7: مشتريات الشهر (مواد وبضاعة) | G7: تنبيه: سعر الصرف ناقص | H7: =IF(AND(H5=1,$B$2<=0),1,0) -> 0
A8: المصاريف | B8: 29190000 | C8: =IF(AND(ISNUMBER(B8),$B$2>0),B8/$B$2,"") -> 2194.7368 | D8: مصاريف التشغيل والرواتب... | G8: تنبيه: مدخلات ناقصة | H8: =IF(AND(H5=1,COUNT(B6:B8)<3),1,0) -> 0
A9: الربح التقديري (مبيعات − مشتريات − مصاريف) | B9: =IF(COUNT(B6:B8)=3,B6-B7-B8,"") -> 21179000 | C9: =IF(AND(ISNUMBER(B9),$B$2>0),B9/$B$2,"") -> 1592.406 | D9: للمرجع فقط — لا يأخذ المخزون بالحسبان | G9: تنبيه: بيانات المستودع ناقصة | H9: =IF(AND(H5=1,H15>=H14,NOT(AND(ISNUMBER(C21),ISNUMBER(D21)))),1,0) -> 0
G10: تنبيه: صف شهر آخر | H10: =IF(AND(ISNUMBER(A21),A21<>H15),1,0) -> 0
A11: الصندوق والديون بالعملتين | G11: تنبيه: سعر صرف مختلف | H11: =IF(AND(ISNUMBER(B21),$B$2>0,ABS(B21-$B$2)>0.5),1,0) -> 0
A12: البيان | B12: ليرة سورية | C12: دولار أمريكي | D12: الإجمالي ($) | G12: تنبيه: أخطاء بالمستودع | H12: =IF(N(E21)>0,1,0) -> 0
A13: الصندوق (كاش فعلي) | B13: 4287000 | C13: 330 | D13: =IF(AND(ISNUMBER(B13),ISNUMBER(C13),$B$2>0),B13/$B$2+C13,"") -> 652.33083 | G13: مجموع التنبيهات | H13: =SUM(H7:H12) -> 0
A14: ديون لنا (مستحقة لنا) | B14: 46227000 | C14: 10118 | D14: =IF(AND(ISNUMBER(B14),ISNUMBER(C14),$B$2>0),B14/$B$2+C14,"") -> 13593.714 | G14: أول شهر لبيانات المستودع | H14: ='لوحة التحكم'!$C$6 -> 6
A15: ديون علينا | B15: 8341000 | C15: 7147 | D15: =IF(AND(ISNUMBER(B15),ISNUMBER(C15),$B$2>0),B15/$B$2+C15,"") -> 7774.1429 | G15: رقم هذا الشهر | H15: 7
A16: صافي الدين (لنا − علينا) | B16: =IF(AND(ISNUMBER(B14),ISNUMBER(B15)),B14-B15,"") -> 37886000 | C16: =IF(AND(ISNUMBER(C14),ISNUMBER(C15)),C14-C15,"") -> 2971 | D16: =IF(AND(ISNUMBER(D14),ISNUMBER(D15)),D14-D15,"") -> 5819.5714
A17: صافي المركز المالي (صندوق + ديون لنا − ديون علينا) | D17: =IF(AND(ISNUMBER(D13),ISNUMBER(D16)),D13+D16,"") -> 6471.9023
A19: بيانات المستودع — الصق صفًّا واحدًا كـ «قيم» من ورقة «تصدير للتقارير» في ملف المستودع
A20: رقم الشهر | B20: سعر صرف المستودع | C20: مخزون مسعّر بالدولار ($) | D20: مخزون مسعّر بالليرة (ل.س) | E20: أصناف بها أخطاء
A21: 7 | B21: 13300 | C21: 34979.92 | D21: 179697728 | E21: 0
A22: قيمة المخزون الكلية بالدولار (بسعر الشراء وسعر صرف الشهر) | C22: =IF(AND(ISNUMBER(C21),ISNUMBER(D21),$B$2>0),C21+D21/$B$2,"") -> 48491.027 | D22: المسعّر بالدولار + (المسعّر بالليرة ÷ سعر الصرف)
A24: التقرير الشهري بالدولار الأمريكي
A25: البيان | B25: هذا الشهر ($) | C25: الشهر السابق ($) | D25: التغير ($) | E25: التغير %
A26: المبيعات | B26: =IF(ISNUMBER(C6),C6,"") -> 14364.06 | C26: =IF('06-يونيو'!$B$26="","",'06-يونيو'!$B$26) -> 14956.364 | D26: =IF(AND(ISNUMBER(B26),ISNUMBER(C26)),B26-C26,"") -> -592.30349 | E26: =IF(AND(ISNUMBER(B26),ISNUMBER(C26)),IF(C26<>0,(B26-C26)/ABS(C26),""),"") -> -0.039602105
A27: مخزون أول الشهر (= مخزون آخر الشهر السابق) | B27: =IF($H$3=1,'06-يونيو'!$C$22,"") -> 44737.392 | C27: =IF('06-يونيو'!$B$27="","",'06-يونيو'!$B$27) | D27: =IF(AND(ISNUMBER(B27),ISNUMBER(C27)),B27-C27,"") | E27: =IF(AND(ISNUMBER(B27),ISNUMBER(C27)),IF(C27<>0,(B27-C27)/ABS(C27),""),"")
A28: (+) المشتريات | B28: =IF(ISNUMBER(C7),C7,"") -> 10576.917 | C28: =IF('06-يونيو'!$B$28="","",'06-يونيو'!$B$28) -> 4668.1061 | D28: =IF(AND(ISNUMBER(B28),ISNUMBER(C28)),B28-C28,"") -> 5908.8112 | E28: =IF(AND(ISNUMBER(B28),ISNUMBER(C28)),IF(C28<>0,(B28-C28)/ABS(C28),""),"") -> 1.2657834
A29: (−) مخزون آخر الشهر (بعد عزل أثر الصرف) | B29: =IF($H$3=1,C22-$H$4,"") -> 48607.4 | C29: =IF('06-يونيو'!$B$29="","",'06-يونيو'!$B$29) | D29: =IF(AND(ISNUMBER(B29),ISNUMBER(C29)),B29-C29,"") | E29: =IF(AND(ISNUMBER(B29),ISNUMBER(C29)),IF(C29<>0,(B29-C29)/ABS(C29),""),"")
A30: (=) تكلفة المبيعات | B30: =IF($H$3=1,B27+B28-B29,"") -> 6706.909 | C30: =IF('06-يونيو'!$B$30="","",'06-يونيو'!$B$30) | D30: =IF(AND(ISNUMBER(B30),ISNUMBER(C30)),B30-C30,"") | E30: =IF(AND(ISNUMBER(B30),ISNUMBER(C30)),IF(C30<>0,(B30-C30)/ABS(C30),""),"")
A31: مجمل الربح (المبيعات − التكلفة) | B31: =IF($H$3=1,B26-B30,"") -> 7657.1511 | C31: =IF('06-يونيو'!$B$31="","",'06-يونيو'!$B$31) | D31: =IF(AND(ISNUMBER(B31),ISNUMBER(C31)),B31-C31,"") | E31: =IF(AND(ISNUMBER(B31),ISNUMBER(C31)),IF(C31<>0,(B31-C31)/ABS(C31),""),"")
A32: (−) المصاريف | B32: =IF(ISNUMBER(C8),C8,"") -> 2194.7368 | C32: =IF('06-يونيو'!$B$32="","",'06-يونيو'!$B$32) -> 2453.8636 | D32: =IF(AND(ISNUMBER(B32),ISNUMBER(C32)),B32-C32,"") -> -259.12679 | E32: =IF(AND(ISNUMBER(B32),ISNUMBER(C32)),IF(C32<>0,(B32-C32)/ABS(C32),""),"") -> -0.10559951
A33: (=) الربح الحقيقي التشغيلي | B33: =IF($H$3=1,B31-B32,"") -> 5462.4143 | C33: =IF('06-يونيو'!$B$33="","",'06-يونيو'!$B$33) | D33: =IF(AND(ISNUMBER(B33),ISNUMBER(C33)),B33-C33,"") | E33: =IF(AND(ISNUMBER(B33),ISNUMBER(C33)),IF(C33<>0,(B33-C33)/ABS(C33),""),"")
A34: هامش الربح الحقيقي % | B34: =IF(AND($H$3=1,N(B26)>0),B33/B26,"") -> 0.38028345 | C34: =IF('06-يونيو'!$B$34="","",'06-يونيو'!$B$34) | D34: =IF(AND(ISNUMBER(B34),ISNUMBER(C34)),B34-C34,"")
A35: أثر تغير الصرف على مخزون الليرة | B35: =IF($H$3=1,$H$4,"") -> -116.37287 | C35: =IF('06-يونيو'!$B$35="","",'06-يونيو'!$B$35) | D35: =IF(AND(ISNUMBER(B35),ISNUMBER(C35)),B35-C35,"") | E35: =IF(AND(ISNUMBER(B35),ISNUMBER(C35)),IF(C35<>0,(B35-C35)/ABS(C35),""),"")
A36: صافي الربح بعد أثر الصرف | B36: =IF($H$3=1,B33+B35,"") -> 5346.0414 | C36: =IF('06-يونيو'!$B$36="","",'06-يونيو'!$B$36) | D36: =IF(AND(ISNUMBER(B36),ISNUMBER(C36)),B36-C36,"") | E36: =IF(AND(ISNUMBER(B36),ISNUMBER(C36)),IF(C36<>0,(B36-C36)/ABS(C36),""),"")
A37: للمرجع: الربح التقديري (مبيعات − مشتريات − مصاريف) | B37: =IF(ISNUMBER(C9),C9,"") -> 1592.406 | C37: =IF('06-يونيو'!$B$37="","",'06-يونيو'!$B$37) -> 7834.3939 | D37: =IF(AND(ISNUMBER(B37),ISNUMBER(C37)),B37-C37,"") -> -6241.9879 | E37: =IF(AND(ISNUMBER(B37),ISNUMBER(C37)),IF(C37<>0,(B37-C37)/ABS(C37),""),"") -> -0.79674165
A39: مؤشرات إضافية
A40: المؤشر | B40: هذا الشهر | C40: الشهر السابق | D40: التغير | E40: التغير %
A41: نسبة المصاريف من المبيعات % | B41: =IF(AND(ISNUMBER(B32),N(B26)>0),B32/B26,"") -> 0.15279363 | C41: =IF('06-يونيو'!$B$41="","",'06-يونيو'!$B$41) -> 0.1640682 | D41: =IF(AND(ISNUMBER(B41),ISNUMBER(C41)),B41-C41,"") -> -0.011274572
A42: نسبة تكلفة المبيعات من المبيعات % | B42: =IF(AND(ISNUMBER(B30),N(B26)>0),B30/B26,"") -> 0.46692293 | C42: =IF('06-يونيو'!$B$42="","",'06-يونيو'!$B$42) | D42: =IF(AND(ISNUMBER(B42),ISNUMBER(C42)),B42-C42,"")
A43: قيمة المخزون الكلية ($) | B43: =IF(ISNUMBER(C22),C22,"") -> 48491.027 | C43: =IF('06-يونيو'!$B$43="","",'06-يونيو'!$B$43) -> 44737.392 | D43: =IF(AND(ISNUMBER(B43),ISNUMBER(C43)),B43-C43,"") -> 3753.6354 | E43: =IF(AND(ISNUMBER(B43),ISNUMBER(C43)),IF(C43<>0,(B43-C43)/ABS(C43),""),"") -> 0.08390376
A44: نسبة المخزون المسعّر بالليرة % | B44: =IF(AND(ISNUMBER(C22),$B$2>0),IF(C22>0,(D21/$B$2)/C22,""),"") -> 0.27863108 | C44: =IF('06-يونيو'!$B$44="","",'06-يونيو'!$B$44) -> 0.34596545 | D44: =IF(AND(ISNUMBER(B44),ISNUMBER(C44)),B44-C44,"") -> -0.06733437
A45: صافي المركز المالي ($) | B45: =IF(ISNUMBER(D17),D17,"") -> 6471.9023 | C45: =IF('06-يونيو'!$B$45="","",'06-يونيو'!$B$45) -> 9109.5909 | D45: =IF(AND(ISNUMBER(B45),ISNUMBER(C45)),B45-C45,"") -> -2637.6887 | E45: =IF(AND(ISNUMBER(B45),ISNUMBER(C45)),IF(C45<>0,(B45-C45)/ABS(C45),""),"") -> -0.28955073
A47: طريقة الحساب: تكلفة المبيعات = مخزون أول الشهر + المشتريات − مخزون آخر الشهر. مخزون آخر الشهر مُعدَّل بعزل أثر تغير سعر الصرف على الأصناف المسعّرة بالليرة، فيبقى الربح التشغيلي نظيفًا من أثر الصرف، ويظهر الأثر في سطر مستقل.

Sheet 08-أغسطس
A1: تقرير شهر أغسطس 2026 — الأرباح الحقيقية بالدولار الأمريكي | G1: خلايا مساعدة (خارج الطباعة)
A2: سعر الصرف المعتمد (ل.س مقابل 1$) — من لوحة التحكم | B2: =IF(ISNUMBER('لوحة التحكم'!$C$17),'لوحة التحكم'!$C$17,0) -> 13200 | C2: حالة الشهر | D2: =$H$6 -> ✅ جاهز — ربح حقيقي | G2: سعر صرف الشهر السابق | H2: ='07-يوليو'!$B$2 -> 13300
A3: =IF($H$5=0,"لا توجد بيانات لهذا الشهر بعد — أدخل المدخلات أدناه",IF($H$13>0,(IF($H$7=1,"⚠ سعر الصرف غير مُدخل في لوحة التحكم. ","")&IF($H$8=1,"⚠ أكمل المبيعات والمشتريات والمصاريف. ","")&IF($H$9=1,"⚠ الصق بيانات المستودع في فقرة «بيانات المستودع». ","")&IF($H$10=1,"⚠ الصف الملصوق يخص شهرًا آخر. ","")&IF($H$11=1,"⚠ سعر صرف المستودع ("&$B$21&") يختلف عن سعر لوحة التحكم ("&$B$2&"). ","")&IF($H$12=1,"⚠ ملف المستودع فيه أصناف بها أخطاء (العدد: "&$E$21&") — صحّحها ثم أعد التصدير.","")),IF($H$3=1,"✅ البيانات مكتملة — الربح الحقيقي محسوب","ℹ الربح الحقيقي غير متاح (يلزم مخزون هذا الشهر والشهر السابق وسعر صرف الشهرين) — المعروض ربح تقديري فقط"))) -> ✅ البيانات مكتملة — الربح الحقيقي محسوب | G3: الربح الحقيقي جاهز؟ (1/0) | H3: =IF(AND($B$2>0,H2>0,COUNT(B6:B8)=3,ISNUMBER(C22),ISNUMBER('07-يوليو'!$C$22),ISNUMBER('07-يوليو'!$D$21)),1,0) -> 1
A4: مدخلات الشهر (أدخل بالليرة السورية من برنامج المحاسبة) — الخلايا الصفراء | G4: أثر الصرف على مخزون الليرة ($) | H4: =IF(H3=1,'07-يوليو'!$D$21*(1/$B$2-1/H2),0) -> 102.35687
A5: البيان | B5: المبلغ (ل.س) | C5: المعادل ($) | D5: ملاحظة | G5: فيه بيانات؟ (1/0) | H5: =IF(COUNTA(B6:B8,B13:C15,A21:E21)>0,1,0) -> 1
A6: المبيعات | B6: 227528000 | C6: =IF(AND(ISNUMBER(B6),$B$2>0),B6/$B$2,"") -> 17236.97 | D6: إجمالي مبيعات الشهر | G6: حالة الشهر | H6: =IF(H5=0,"لا بيانات",IF(H3=1,IF(H13=0,"✅ جاهز — ربح حقيقي","⚠ ربح حقيقي مع تنبيهات"),IF(H13>0,"⚠ تنبيهات — راجع الصفحة",IF(COUNT(B6:B8)=3,"ℹ ربح تقديري فقط","⚠ بيانات ناقصة")))) -> ✅ جاهز — ربح حقيقي
A7: المشتريات | B7: 77982000 | C7: =IF(AND(ISNUMBER(B7),$B$2>0),B7/$B$2,"") -> 5907.7273 | D7: مشتريات الشهر (مواد وبضاعة) | G7: تنبيه: سعر الصرف ناقص | H7: =IF(AND(H5=1,$B$2<=0),1,0) -> 0
A8: المصاريف | B8: 32207000 | C8: =IF(AND(ISNUMBER(B8),$B$2>0),B8/$B$2,"") -> 2439.9242 | D8: مصاريف التشغيل والرواتب... | G8: تنبيه: مدخلات ناقصة | H8: =IF(AND(H5=1,COUNT(B6:B8)<3),1,0) -> 0
A9: الربح التقديري (مبيعات − مشتريات − مصاريف) | B9: =IF(COUNT(B6:B8)=3,B6-B7-B8,"") -> 117339000 | C9: =IF(AND(ISNUMBER(B9),$B$2>0),B9/$B$2,"") -> 8889.3182 | D9: للمرجع فقط — لا يأخذ المخزون بالحسبان | G9: تنبيه: بيانات المستودع ناقصة | H9: =IF(AND(H5=1,H15>=H14,NOT(AND(ISNUMBER(C21),ISNUMBER(D21)))),1,0) -> 0
G10: تنبيه: صف شهر آخر | H10: =IF(AND(ISNUMBER(A21),A21<>H15),1,0) -> 0
A11: الصندوق والديون بالعملتين | G11: تنبيه: سعر صرف مختلف | H11: =IF(AND(ISNUMBER(B21),$B$2>0,ABS(B21-$B$2)>0.5),1,0) -> 0
A12: البيان | B12: ليرة سورية | C12: دولار أمريكي | D12: الإجمالي ($) | G12: تنبيه: أخطاء بالمستودع | H12: =IF(N(E21)>0,1,0) -> 0
A13: الصندوق (كاش فعلي) | B13: 3000000 | C13: 2160 | D13: =IF(AND(ISNUMBER(B13),ISNUMBER(C13),$B$2>0),B13/$B$2+C13,"") -> 2387.2727 | G13: مجموع التنبيهات | H13: =SUM(H7:H12) -> 0
A14: ديون لنا (مستحقة لنا) | B14: 37916000 | C14: 21688 | D14: =IF(AND(ISNUMBER(B14),ISNUMBER(C14),$B$2>0),B14/$B$2+C14,"") -> 24560.424 | G14: أول شهر لبيانات المستودع | H14: ='لوحة التحكم'!$C$6 -> 6
A15: ديون علينا | B15: 4786000 | C15: 4626 | D15: =IF(AND(ISNUMBER(B15),ISNUMBER(C15),$B$2>0),B15/$B$2+C15,"") -> 4988.5758 | G15: رقم هذا الشهر | H15: 8
A16: صافي الدين (لنا − علينا) | B16: =IF(AND(ISNUMBER(B14),ISNUMBER(B15)),B14-B15,"") -> 33130000 | C16: =IF(AND(ISNUMBER(C14),ISNUMBER(C15)),C14-C15,"") -> 17062 | D16: =IF(AND(ISNUMBER(D14),ISNUMBER(D15)),D14-D15,"") -> 19571.848
A17: صافي المركز المالي (صندوق + ديون لنا − ديون علينا) | D17: =IF(AND(ISNUMBER(D13),ISNUMBER(D16)),D13+D16,"") -> 21959.121
A19: بيانات المستودع — الصق صفًّا واحدًا كـ «قيم» من ورقة «تصدير للتقارير» في ملف المستودع
A20: رقم الشهر | B20: سعر صرف المستودع | C20: مخزون مسعّر بالدولار ($) | D20: مخزون مسعّر بالليرة (ل.س) | E20: أصناف بها أخطاء
A21: 8 | B21: 13200 | C21: 33915.3 | D21: 1.8517912e+08 | E21: 0
A22: قيمة المخزون الكلية بالدولار (بسعر الشراء وسعر صرف الشهر) | C22: =IF(AND(ISNUMBER(C21),ISNUMBER(D21),$B$2>0),C21+D21/$B$2,"") -> 47944.021 | D22: المسعّر بالدولار + (المسعّر بالليرة ÷ سعر الصرف)
A24: التقرير الشهري بالدولار الأمريكي
A25: البيان | B25: هذا الشهر ($) | C25: الشهر السابق ($) | D25: التغير ($) | E25: التغير %
A26: المبيعات | B26: =IF(ISNUMBER(C6),C6,"") -> 17236.97 | C26: =IF('07-يوليو'!$B$26="","",'07-يوليو'!$B$26) -> 14364.06 | D26: =IF(AND(ISNUMBER(B26),ISNUMBER(C26)),B26-C26,"") -> 2872.9095 | E26: =IF(AND(ISNUMBER(B26),ISNUMBER(C26)),IF(C26<>0,(B26-C26)/ABS(C26),""),"") -> 0.20000679
A27: مخزون أول الشهر (= مخزون آخر الشهر السابق) | B27: =IF($H$3=1,'07-يوليو'!$C$22,"") -> 48491.027 | C27: =IF('07-يوليو'!$B$27="","",'07-يوليو'!$B$27) -> 44737.392 | D27: =IF(AND(ISNUMBER(B27),ISNUMBER(C27)),B27-C27,"") -> 3753.6354 | E27: =IF(AND(ISNUMBER(B27),ISNUMBER(C27)),IF(C27<>0,(B27-C27)/ABS(C27),""),"") -> 0.08390376
A28: (+) المشتريات | B28: =IF(ISNUMBER(C7),C7,"") -> 5907.7273 | C28: =IF('07-يوليو'!$B$28="","",'07-يوليو'!$B$28) -> 10576.917 | D28: =IF(AND(ISNUMBER(B28),ISNUMBER(C28)),B28-C28,"") -> -4669.19 | E28: =IF(AND(ISNUMBER(B28),ISNUMBER(C28)),IF(C28<>0,(B28-C28)/ABS(C28),""),"") -> -0.44145093
A29: (−) مخزون آخر الشهر (بعد عزل أثر الصرف) | B29: =IF($H$3=1,C22-$H$4,"") -> 47841.664 | C29: =IF('07-يوليو'!$B$29="","",'07-يوليو'!$B$29) -> 48607.4 | D29: =IF(AND(ISNUMBER(B29),ISNUMBER(C29)),B29-C29,"") -> -765.73595 | E29: =IF(AND(ISNUMBER(B29),ISNUMBER(C29)),IF(C29<>0,(B29-C29)/ABS(C29),""),"") -> -0.015753485
A30: (=) تكلفة المبيعات | B30: =IF($H$3=1,B27+B28-B29,"") -> 6557.0904 | C30: =IF('07-يوليو'!$B$30="","",'07-يوليو'!$B$30) -> 6706.909 | D30: =IF(AND(ISNUMBER(B30),ISNUMBER(C30)),B30-C30,"") -> -149.81867 | E30: =IF(AND(ISNUMBER(B30),ISNUMBER(C30)),IF(C30<>0,(B30-C30)/ABS(C30),""),"") -> -0.02233796
A31: مجمل الربح (المبيعات − التكلفة) | B31: =IF($H$3=1,B26-B30,"") -> 10679.879 | C31: =IF('07-يوليو'!$B$31="","",'07-يوليو'!$B$31) -> 7657.1511 | D31: =IF(AND(ISNUMBER(B31),ISNUMBER(C31)),B31-C31,"") -> 3022.7282 | E31: =IF(AND(ISNUMBER(B31),ISNUMBER(C31)),IF(C31<>0,(B31-C31)/ABS(C31),""),"") -> 0.39475886
A32: (−) المصاريف | B32: =IF(ISNUMBER(C8),C8,"") -> 2439.9242 | C32: =IF('07-يوليو'!$B$32="","",'07-يوليو'!$B$32) -> 2194.7368 | D32: =IF(AND(ISNUMBER(B32),ISNUMBER(C32)),B32-C32,"") -> 245.1874 | E32: =IF(AND(ISNUMBER(B32),ISNUMBER(C32)),IF(C32<>0,(B32-C32)/ABS(C32),""),"") -> 0.11171608
A33: (=) الربح الحقيقي التشغيلي | B33: =IF($H$3=1,B31-B32,"") -> 8239.9551 | C33: =IF('07-يوليو'!$B$33="","",'07-يوليو'!$B$33) -> 5462.4143 | D33: =IF(AND(ISNUMBER(B33),ISNUMBER(C33)),B33-C33,"") -> 2777.5408 | E33: =IF(AND(ISNUMBER(B33),ISNUMBER(C33)),IF(C33<>0,(B33-C33)/ABS(C33),""),"") -> 0.50848227
A34: هامش الربح الحقيقي % | B34: =IF(AND($H$3=1,N(B26)>0),B33/B26,"") -> 0.47803966 | C34: =IF('07-يوليو'!$B$34="","",'07-يوليو'!$B$34) -> 0.38028345 | D34: =IF(AND(ISNUMBER(B34),ISNUMBER(C34)),B34-C34,"") -> 0.097756213
A35: أثر تغير الصرف على مخزون الليرة | B35: =IF($H$3=1,$H$4,"") -> 102.35687 | C35: =IF('07-يوليو'!$B$35="","",'07-يوليو'!$B$35) -> -116.37287 | D35: =IF(AND(ISNUMBER(B35),ISNUMBER(C35)),B35-C35,"") -> 218.72975 | E35: =IF(AND(ISNUMBER(B35),ISNUMBER(C35)),IF(C35<>0,(B35-C35)/ABS(C35),""),"") -> 1.8795596
A36: صافي الربح بعد أثر الصرف | B36: =IF($H$3=1,B33+B35,"") -> 8342.312 | C36: =IF('07-يوليو'!$B$36="","",'07-يوليو'!$B$36) -> 5346.0414 | D36: =IF(AND(ISNUMBER(B36),ISNUMBER(C36)),B36-C36,"") -> 2996.2706 | E36: =IF(AND(ISNUMBER(B36),ISNUMBER(C36)),IF(C36<>0,(B36-C36)/ABS(C36),""),"") -> 0.56046527
A37: للمرجع: الربح التقديري (مبيعات − مشتريات − مصاريف) | B37: =IF(ISNUMBER(C9),C9,"") -> 8889.3182 | C37: =IF('07-يوليو'!$B$37="","",'07-يوليو'!$B$37) -> 1592.406 | D37: =IF(AND(ISNUMBER(B37),ISNUMBER(C37)),B37-C37,"") -> 7296.9122 | E37: =IF(AND(ISNUMBER(B37),ISNUMBER(C37)),IF(C37<>0,(B37-C37)/ABS(C37),""),"") -> 4.5823189
A39: مؤشرات إضافية
A40: المؤشر | B40: هذا الشهر | C40: الشهر السابق | D40: التغير | E40: التغير %
A41: نسبة المصاريف من المبيعات % | B41: =IF(AND(ISNUMBER(B32),N(B26)>0),B32/B26,"") -> 0.14155181 | C41: =IF('07-يوليو'!$B$41="","",'07-يوليو'!$B$41) -> 0.15279363 | D41: =IF(AND(ISNUMBER(B41),ISNUMBER(C41)),B41-C41,"") -> -0.011241818
A42: نسبة تكلفة المبيعات من المبيعات % | B42: =IF(AND(ISNUMBER(B30),N(B26)>0),B30/B26,"") -> 0.38040853 | C42: =IF('07-يوليو'!$B$42="","",'07-يوليو'!$B$42) -> 0.46692293 | D42: =IF(AND(ISNUMBER(B42),ISNUMBER(C42)),B42-C42,"") -> -0.086514395
A43: قيمة المخزون الكلية ($) | B43: =IF(ISNUMBER(C22),C22,"") -> 47944.021 | C43: =IF('07-يوليو'!$B$43="","",'07-يوليو'!$B$43) -> 48491.027 | D43: =IF(AND(ISNUMBER(B43),ISNUMBER(C43)),B43-C43,"") -> -547.00621 | E43: =IF(AND(ISNUMBER(B43),ISNUMBER(C43)),IF(C43<>0,(B43-C43)/ABS(C43),""),"") -> -0.011280565
A44: نسبة المخزون المسعّر بالليرة % | B44: =IF(AND(ISNUMBER(C22),$B$2>0),IF(C22>0,(D21/$B$2)/C22,""),"") -> 0.29260627 | C44: =IF('07-يوليو'!$B$44="","",'07-يوليو'!$B$44) -> 0.27863108 | D44: =IF(AND(ISNUMBER(B44),ISNUMBER(C44)),B44-C44,"") -> 0.013975186
A45: صافي المركز المالي ($) | B45: =IF(ISNUMBER(D17),D17,"") -> 21959.121 | C45: =IF('07-يوليو'!$B$45="","",'07-يوليو'!$B$45) -> 6471.9023 | D45: =IF(AND(ISNUMBER(B45),ISNUMBER(C45)),B45-C45,"") -> 15487.219 | E45: =IF(AND(ISNUMBER(B45),ISNUMBER(C45)),IF(C45<>0,(B45-C45)/ABS(C45),""),"") -> 2.3929933
A47: طريقة الحساب: تكلفة المبيعات = مخزون أول الشهر + المشتريات − مخزون آخر الشهر. مخزون آخر الشهر مُعدَّل بعزل أثر تغير سعر الصرف على الأصناف المسعّرة بالليرة، فيبقى الربح التشغيلي نظيفًا من أثر الصرف، ويظهر الأثر في سطر مستقل.

Sheet 09-سبتمبر
A1: تقرير شهر سبتمبر 2026 — الأرباح الحقيقية بالدولار الأمريكي | G1: خلايا مساعدة (خارج الطباعة)
A2: سعر الصرف المعتمد (ل.س مقابل 1$) — من لوحة التحكم | B2: =IF(ISNUMBER('لوحة التحكم'!$C$18),'لوحة التحكم'!$C$18,0) -> 13800 | C2: حالة الشهر | D2: =$H$6 -> ✅ جاهز — ربح حقيقي | G2: سعر صرف الشهر السابق | H2: ='08-أغسطس'!$B$2 -> 13200
A3: =IF($H$5=0,"لا توجد بيانات لهذا الشهر بعد — أدخل المدخلات أدناه",IF($H$13>0,(IF($H$7=1,"⚠ سعر الصرف غير مُدخل في لوحة التحكم. ","")&IF($H$8=1,"⚠ أكمل المبيعات والمشتريات والمصاريف. ","")&IF($H$9=1,"⚠ الصق بيانات المستودع في فقرة «بيانات المستودع». ","")&IF($H$10=1,"⚠ الصف الملصوق يخص شهرًا آخر. ","")&IF($H$11=1,"⚠ سعر صرف المستودع ("&$B$21&") يختلف عن سعر لوحة التحكم ("&$B$2&"). ","")&IF($H$12=1,"⚠ ملف المستودع فيه أصناف بها أخطاء (العدد: "&$E$21&") — صحّحها ثم أعد التصدير.","")),IF($H$3=1,"✅ البيانات مكتملة — الربح الحقيقي محسوب","ℹ الربح الحقيقي غير متاح (يلزم مخزون هذا الشهر والشهر السابق وسعر صرف الشهرين) — المعروض ربح تقديري فقط"))) -> ✅ البيانات مكتملة — الربح الحقيقي محسوب | G3: الربح الحقيقي جاهز؟ (1/0) | H3: =IF(AND($B$2>0,H2>0,COUNT(B6:B8)=3,ISNUMBER(C22),ISNUMBER('08-أغسطس'!$C$22),ISNUMBER('08-أغسطس'!$D$21)),1,0) -> 1
A4: مدخلات الشهر (أدخل بالليرة السورية من برنامج المحاسبة) — الخلايا الصفراء | G4: أثر الصرف على مخزون الليرة ($) | H4: =IF(H3=1,'08-أغسطس'!$D$21*(1/$B$2-1/H2),0) -> -609.94439
A5: البيان | B5: المبلغ (ل.س) | C5: المعادل ($) | D5: ملاحظة | G5: فيه بيانات؟ (1/0) | H5: =IF(COUNTA(B6:B8,B13:C15,A21:E21)>0,1,0) -> 1
A6: المبيعات | B6: 171287000 | C6: =IF(AND(ISNUMBER(B6),$B$2>0),B6/$B$2,"") -> 12412.101 | D6: إجمالي مبيعات الشهر | G6: حالة الشهر | H6: =IF(H5=0,"لا بيانات",IF(H3=1,IF(H13=0,"✅ جاهز — ربح حقيقي","⚠ ربح حقيقي مع تنبيهات"),IF(H13>0,"⚠ تنبيهات — راجع الصفحة",IF(COUNT(B6:B8)=3,"ℹ ربح تقديري فقط","⚠ بيانات ناقصة")))) -> ✅ جاهز — ربح حقيقي
A7: المشتريات | B7: 70292000 | C7: =IF(AND(ISNUMBER(B7),$B$2>0),B7/$B$2,"") -> 5093.6232 | D7: مشتريات الشهر (مواد وبضاعة) | G7: تنبيه: سعر الصرف ناقص | H7: =IF(AND(H5=1,$B$2<=0),1,0) -> 0
A8: المصاريف | B8: 43828000 | C8: =IF(AND(ISNUMBER(B8),$B$2>0),B8/$B$2,"") -> 3175.942 | D8: مصاريف التشغيل والرواتب... | G8: تنبيه: مدخلات ناقصة | H8: =IF(AND(H5=1,COUNT(B6:B8)<3),1,0) -> 0
A9: الربح التقديري (مبيعات − مشتريات − مصاريف) | B9: =IF(COUNT(B6:B8)=3,B6-B7-B8,"") -> 57167000 | C9: =IF(AND(ISNUMBER(B9),$B$2>0),B9/$B$2,"") -> 4142.5362 | D9: للمرجع فقط — لا يأخذ المخزون بالحسبان | G9: تنبيه: بيانات المستودع ناقصة | H9: =IF(AND(H5=1,H15>=H14,NOT(AND(ISNUMBER(C21),ISNUMBER(D21)))),1,0) -> 0
G10: تنبيه: صف شهر آخر | H10: =IF(AND(ISNUMBER(A21),A21<>H15),1,0) -> 0
A11: الصندوق والديون بالعملتين | G11: تنبيه: سعر صرف مختلف | H11: =IF(AND(ISNUMBER(B21),$B$2>0,ABS(B21-$B$2)>0.5),1,0) -> 0
A12: البيان | B12: ليرة سورية | C12: دولار أمريكي | D12: الإجمالي ($) | G12: تنبيه: أخطاء بالمستودع | H12: =IF(N(E21)>0,1,0) -> 0
A13: الصندوق (كاش فعلي) | B13: 165000 | C13: 30 | D13: =IF(AND(ISNUMBER(B13),ISNUMBER(C13),$B$2>0),B13/$B$2+C13,"") -> 41.956522 | G13: مجموع التنبيهات | H13: =SUM(H7:H12) -> 0
A14: ديون لنا (مستحقة لنا) | B14: 53992000 | C14: 34034 | D14: =IF(AND(ISNUMBER(B14),ISNUMBER(C14),$B$2>0),B14/$B$2+C14,"") -> 37946.464 | G14: أول شهر لبيانات المستودع | H14: ='لوحة التحكم'!$C$6 -> 6
A15: ديون علينا | B15: 65000 | C15: 80438 | D15: =IF(AND(ISNUMBER(B15),ISNUMBER(C15),$B$2>0),B15/$B$2+C15,"") -> 80442.71 | G15: رقم هذا الشهر | H15: 9
A16: صافي الدين (لنا − علينا) | B16: =IF(AND(ISNUMBER(B14),ISNUMBER(B15)),B14-B15,"") -> 53927000 | C16: =IF(AND(ISNUMBER(C14),ISNUMBER(C15)),C14-C15,"") -> -46404 | D16: =IF(AND(ISNUMBER(D14),ISNUMBER(D15)),D14-D15,"") -> -42496.246
A17: صافي المركز المالي (صندوق + ديون لنا − ديون علينا) | D17: =IF(AND(ISNUMBER(D13),ISNUMBER(D16)),D13+D16,"") -> -42454.29
A19: بيانات المستودع — الصق صفًّا واحدًا كـ «قيم» من ورقة «تصدير للتقارير» في ملف المستودع
A20: رقم الشهر | B20: سعر صرف المستودع | C20: مخزون مسعّر بالدولار ($) | D20: مخزون مسعّر بالليرة (ل.س) | E20: أصناف بها أخطاء
A21: 9 | B21: 13800 | C21: 34743.51 | D21: 140170124 | E21: 0
A22: قيمة المخزون الكلية بالدولار (بسعر الشراء وسعر صرف الشهر) | C22: =IF(AND(ISNUMBER(C21),ISNUMBER(D21),$B$2>0),C21+D21/$B$2,"") -> 44900.765 | D22: المسعّر بالدولار + (المسعّر بالليرة ÷ سعر الصرف)
A24: التقرير الشهري بالدولار الأمريكي
A25: البيان | B25: هذا الشهر ($) | C25: الشهر السابق ($) | D25: التغير ($) | E25: التغير %
A26: المبيعات | B26: =IF(ISNUMBER(C6),C6,"") -> 12412.101 | C26: =IF('08-أغسطس'!$B$26="","",'08-أغسطس'!$B$26) -> 17236.97 | D26: =IF(AND(ISNUMBER(B26),ISNUMBER(C26)),B26-C26,"") -> -4824.8682 | E26: =IF(AND(ISNUMBER(B26),ISNUMBER(C26)),IF(C26<>0,(B26-C26)/ABS(C26),""),"") -> -0.27991395
A27: مخزون أول الشهر (= مخزون آخر الشهر السابق) | B27: =IF($H$3=1,'08-أغسطس'!$C$22,"") -> 47944.021 | C27: =IF('08-أغسطس'!$B$27="","",'08-أغسطس'!$B$27) -> 48491.027 | D27: =IF(AND(ISNUMBER(B27),ISNUMBER(C27)),B27-C27,"") -> -547.00621 | E27: =IF(AND(ISNUMBER(B27),ISNUMBER(C27)),IF(C27<>0,(B27-C27)/ABS(C27),""),"") -> -0.011280565
A28: (+) المشتريات | B28: =IF(ISNUMBER(C7),C7,"") -> 5093.6232 | C28: =IF('08-أغسطس'!$B$28="","",'08-أغسطس'!$B$28) -> 5907.7273 | D28: =IF(AND(ISNUMBER(B28),ISNUMBER(C28)),B28-C28,"") -> -814.10408 | E28: =IF(AND(ISNUMBER(B28),ISNUMBER(C28)),IF(C28<>0,(B28-C28)/ABS(C28),""),"") -> -0.13780326
A29: (−) مخزون آخر الشهر (بعد عزل أثر الصرف) | B29: =IF($H$3=1,C22-$H$4,"") -> 45510.71 | C29: =IF('08-أغسطس'!$B$29="","",'08-أغسطس'!$B$29) -> 47841.664 | D29: =IF(AND(ISNUMBER(B29),ISNUMBER(C29)),B29-C29,"") -> -2330.9545 | E29: =IF(AND(ISNUMBER(B29),ISNUMBER(C29)),IF(C29<>0,(B29-C29)/ABS(C29),""),"") -> -0.048722271
A30: (=) تكلفة المبيعات | B30: =IF($H$3=1,B27+B28-B29,"") -> 7526.9346 | C30: =IF('08-أغسطس'!$B$30="","",'08-أغسطس'!$B$30) -> 6557.0904 | D30: =IF(AND(ISNUMBER(B30),ISNUMBER(C30)),B30-C30,"") -> 969.84424 | E30: =IF(AND(ISNUMBER(B30),ISNUMBER(C30)),IF(C30<>0,(B30-C30)/ABS(C30),""),"") -> 0.14790771
A31: مجمل الربح (المبيعات − التكلفة) | B31: =IF($H$3=1,B26-B30,"") -> 4885.1669 | C31: =IF('08-أغسطس'!$B$31="","",'08-أغسطس'!$B$31) -> 10679.879 | D31: =IF(AND(ISNUMBER(B31),ISNUMBER(C31)),B31-C31,"") -> -5794.7125 | E31: =IF(AND(ISNUMBER(B31),ISNUMBER(C31)),IF(C31<>0,(B31-C31)/ABS(C31),""),"") -> -0.54258221
A32: (−) المصاريف | B32: =IF(ISNUMBER(C8),C8,"") -> 3175.942 | C32: =IF('08-أغسطس'!$B$32="","",'08-أغسطس'!$B$32) -> 2439.9242 | D32: =IF(AND(ISNUMBER(B32),ISNUMBER(C32)),B32-C32,"") -> 736.01779 | E32: =IF(AND(ISNUMBER(B32),ISNUMBER(C32)),IF(C32<>0,(B32-C32)/ABS(C32),""),"") -> 0.301656
A33: (=) الربح الحقيقي التشغيلي | B33: =IF($H$3=1,B31-B32,"") -> 1709.2248 | C33: =IF('08-أغسطس'!$B$33="","",'08-أغسطس'!$B$33) -> 8239.9551 | D33: =IF(AND(ISNUMBER(B33),ISNUMBER(C33)),B33-C33,"") -> -6530.7303 | E33: =IF(AND(ISNUMBER(B33),ISNUMBER(C33)),IF(C33<>0,(B33-C33)/ABS(C33),""),"") -> -0.79256867
A34: هامش الربح الحقيقي % | B34: =IF(AND($H$3=1,N(B26)>0),B33/B26,"") -> 0.13770632 | C34: =IF('08-أغسطس'!$B$34="","",'08-أغسطس'!$B$34) -> 0.47803966 | D34: =IF(AND(ISNUMBER(B34),ISNUMBER(C34)),B34-C34,"") -> -0.34033334
A35: أثر تغير الصرف على مخزون الليرة | B35: =IF($H$3=1,$H$4,"") -> -609.94439 | C35: =IF('08-أغسطس'!$B$35="","",'08-أغسطس'!$B$35) -> 102.35687 | D35: =IF(AND(ISNUMBER(B35),ISNUMBER(C35)),B35-C35,"") -> -712.30127 | E35: =IF(AND(ISNUMBER(B35),ISNUMBER(C35)),IF(C35<>0,(B35-C35)/ABS(C35),""),"") -> -6.9589979
A36: صافي الربح بعد أثر الصرف | B36: =IF($H$3=1,B33+B35,"") -> 1099.2804 | C36: =IF('08-أغسطس'!$B$36="","",'08-أغسطس'!$B$36) -> 8342.312 | D36: =IF(AND(ISNUMBER(B36),ISNUMBER(C36)),B36-C36,"") -> -7243.0315 | E36: =IF(AND(ISNUMBER(B36),ISNUMBER(C36)),IF(C36<>0,(B36-C36)/ABS(C36),""),"") -> -0.86822832
A37: للمرجع: الربح التقديري (مبيعات − مشتريات − مصاريف) | B37: =IF(ISNUMBER(C9),C9,"") -> 4142.5362 | C37: =IF('08-أغسطس'!$B$37="","",'08-أغسطس'!$B$37) -> 8889.3182 | D37: =IF(AND(ISNUMBER(B37),ISNUMBER(C37)),B37-C37,"") -> -4746.7819 | E37: =IF(AND(ISNUMBER(B37),ISNUMBER(C37)),IF(C37<>0,(B37-C37)/ABS(C37),""),"") -> -0.53398718
A39: مؤشرات إضافية
A40: المؤشر | B40: هذا الشهر | C40: الشهر السابق | D40: التغير | E40: التغير %
A41: نسبة المصاريف من المبيعات % | B41: =IF(AND(ISNUMBER(B32),N(B26)>0),B32/B26,"") -> 0.25587464 | C41: =IF('08-أغسطس'!$B$41="","",'08-أغسطس'!$B$41) -> 0.14155181 | D41: =IF(AND(ISNUMBER(B41),ISNUMBER(C41)),B41-C41,"") -> 0.11432283
A42: نسبة تكلفة المبيعات من المبيعات % | B42: =IF(AND(ISNUMBER(B30),N(B26)>0),B30/B26,"") -> 0.60641904 | C42: =IF('08-أغسطس'!$B$42="","",'08-أغسطس'!$B$42) -> 0.38040853 | D42: =IF(AND(ISNUMBER(B42),ISNUMBER(C42)),B42-C42,"") -> 0.2260105
A43: قيمة المخزون الكلية ($) | B43: =IF(ISNUMBER(C22),C22,"") -> 44900.765 | C43: =IF('08-أغسطس'!$B$43="","",'08-أغسطس'!$B$43) -> 47944.021 | D43: =IF(AND(ISNUMBER(B43),ISNUMBER(C43)),B43-C43,"") -> -3043.2558 | E43: =IF(AND(ISNUMBER(B43),ISNUMBER(C43)),IF(C43<>0,(B43-C43)/ABS(C43),""),"") -> -0.063475189
A44: نسبة المخزون المسعّر بالليرة % | B44: =IF(AND(ISNUMBER(C22),$B$2>0),IF(C22>0,(D21/$B$2)/C22,""),"") -> 0.22621564 | C44: =IF('08-أغسطس'!$B$44="","",'08-أغسطس'!$B$44) -> 0.29260627 | D44: =IF(AND(ISNUMBER(B44),ISNUMBER(C44)),B44-C44,"") -> -0.066390627
A45: صافي المركز المالي ($) | B45: =IF(ISNUMBER(D17),D17,"") -> -42454.29 | C45: =IF('08-أغسطس'!$B$45="","",'08-أغسطس'!$B$45) -> 21959.121 | D45: =IF(AND(ISNUMBER(B45),ISNUMBER(C45)),B45-C45,"") -> -64413.411 | E45: =IF(AND(ISNUMBER(B45),ISNUMBER(C45)),IF(C45<>0,(B45-C45)/ABS(C45),""),"") -> -2.9333328
A47: طريقة الحساب: تكلفة المبيعات = مخزون أول الشهر + المشتريات − مخزون آخر الشهر. مخزون آخر الشهر مُعدَّل بعزل أثر تغير سعر الصرف على الأصناف المسعّرة بالليرة، فيبقى الربح التشغيلي نظيفًا من أثر الصرف، ويظهر الأثر في سطر مستقل.

Sheet 10-أكتوبر
A1: تقرير شهر أكتوبر 2026 — الأرباح الحقيقية بالدولار الأمريكي | G1: خلايا مساعدة (خارج الطباعة)
A2: سعر الصرف المعتمد (ل.س مقابل 1$) — من لوحة التحكم | B2: =IF(ISNUMBER('لوحة التحكم'!$C$19),'لوحة التحكم'!$C$19,0) -> 14200 | C2: حالة الشهر | D2: =$H$6 -> لا بيانات | G2: سعر صرف الشهر السابق | H2: ='09-سبتمبر'!$B$2 -> 13800
A3: =IF($H$5=0,"لا توجد بيانات لهذا الشهر بعد — أدخل المدخلات أدناه",IF($H$13>0,(IF($H$7=1,"⚠ سعر الصرف غير مُدخل في لوحة التحكم. ","")&IF($H$8=1,"⚠ أكمل المبيعات والمشتريات والمصاريف. ","")&IF($H$9=1,"⚠ الصق بيانات المستودع في فقرة «بيانات المستودع». ","")&IF($H$10=1,"⚠ الصف الملصوق يخص شهرًا آخر. ","")&IF($H$11=1,"⚠ سعر صرف المستودع ("&$B$21&") يختلف عن سعر لوحة التحكم ("&$B$2&"). ","")&IF($H$12=1,"⚠ ملف المستودع فيه أصناف بها أخطاء (العدد: "&$E$21&") — صحّحها ثم أعد التصدير.","")),IF($H$3=1,"✅ البيانات مكتملة — الربح الحقيقي محسوب","ℹ الربح الحقيقي غير متاح (يلزم مخزون هذا الشهر والشهر السابق وسعر صرف الشهرين) — المعروض ربح تقديري فقط"))) -> لا توجد بيانات لهذا الشهر بعد — أدخل المدخلات أدناه | G3: الربح الحقيقي جاهز؟ (1/0) | H3: =IF(AND($B$2>0,H2>0,COUNT(B6:B8)=3,ISNUMBER(C22),ISNUMBER('09-سبتمبر'!$C$22),ISNUMBER('09-سبتمبر'!$D$21)),1,0) -> 0
A4: مدخلات الشهر (أدخل بالليرة السورية من برنامج المحاسبة) — الخلايا الصفراء | G4: أثر الصرف على مخزون الليرة ($) | H4: =IF(H3=1,'09-سبتمبر'!$D$21*(1/$B$2-1/H2),0) -> 0
A5: البيان | B5: المبلغ (ل.س) | C5: المعادل ($) | D5: ملاحظة | G5: فيه بيانات؟ (1/0) | H5: =IF(COUNTA(B6:B8,B13:C15,A21:E21)>0,1,0) -> 0
A6: المبيعات | C6: =IF(AND(ISNUMBER(B6),$B$2>0),B6/$B$2,"") | D6: إجمالي مبيعات الشهر | G6: حالة الشهر | H6: =IF(H5=0,"لا بيانات",IF(H3=1,IF(H13=0,"✅ جاهز — ربح حقيقي","⚠ ربح حقيقي مع تنبيهات"),IF(H13>0,"⚠ تنبيهات — راجع الصفحة",IF(COUNT(B6:B8)=3,"ℹ ربح تقديري فقط","⚠ بيانات ناقصة")))) -> لا بيانات
A7: المشتريات | C7: =IF(AND(ISNUMBER(B7),$B$2>0),B7/$B$2,"") | D7: مشتريات الشهر (مواد وبضاعة) | G7: تنبيه: سعر الصرف ناقص | H7: =IF(AND(H5=1,$B$2<=0),1,0) -> 0
A8: المصاريف | C8: =IF(AND(ISNUMBER(B8),$B$2>0),B8/$B$2,"") | D8: مصاريف التشغيل والرواتب... | G8: تنبيه: مدخلات ناقصة | H8: =IF(AND(H5=1,COUNT(B6:B8)<3),1,0) -> 0
A9: الربح التقديري (مبيعات − مشتريات − مصاريف) | B9: =IF(COUNT(B6:B8)=3,B6-B7-B8,"") | C9: =IF(AND(ISNUMBER(B9),$B$2>0),B9/$B$2,"") | D9: للمرجع فقط — لا يأخذ المخزون بالحسبان | G9: تنبيه: بيانات المستودع ناقصة | H9: =IF(AND(H5=1,H15>=H14,NOT(AND(ISNUMBER(C21),ISNUMBER(D21)))),1,0) -> 0
G10: تنبيه: صف شهر آخر | H10: =IF(AND(ISNUMBER(A21),A21<>H15),1,0) -> 0
A11: الصندوق والديون بالعملتين | G11: تنبيه: سعر صرف مختلف | H11: =IF(AND(ISNUMBER(B21),$B$2>0,ABS(B21-$B$2)>0.5),1,0) -> 0
A12: البيان | B12: ليرة سورية | C12: دولار أمريكي | D12: الإجمالي ($) | G12: تنبيه: أخطاء بالمستودع | H12: =IF(N(E21)>0,1,0) -> 0
A13: الصندوق (كاش فعلي) | D13: =IF(AND(ISNUMBER(B13),ISNUMBER(C13),$B$2>0),B13/$B$2+C13,"") | G13: مجموع التنبيهات | H13: =SUM(H7:H12) -> 0
A14: ديون لنا (مستحقة لنا) | D14: =IF(AND(ISNUMBER(B14),ISNUMBER(C14),$B$2>0),B14/$B$2+C14,"") | G14: أول شهر لبيانات المستودع | H14: ='لوحة التحكم'!$C$6 -> 6
A15: ديون علينا | D15: =IF(AND(ISNUMBER(B15),ISNUMBER(C15),$B$2>0),B15/$B$2+C15,"") | G15: رقم هذا الشهر | H15: 10
A16: صافي الدين (لنا − علينا) | B16: =IF(AND(ISNUMBER(B14),ISNUMBER(B15)),B14-B15,"") | C16: =IF(AND(ISNUMBER(C14),ISNUMBER(C15)),C14-C15,"") | D16: =IF(AND(ISNUMBER(D14),ISNUMBER(D15)),D14-D15,"")
A17: صافي المركز المالي (صندوق + ديون لنا − ديون علينا) | D17: =IF(AND(ISNUMBER(D13),ISNUMBER(D16)),D13+D16,"")
A19: بيانات المستودع — الصق صفًّا واحدًا كـ «قيم» من ورقة «تصدير للتقارير» في ملف المستودع
A20: رقم الشهر | B20: سعر صرف المستودع | C20: مخزون مسعّر بالدولار ($) | D20: مخزون مسعّر بالليرة (ل.س) | E20: أصناف بها أخطاء
A22: قيمة المخزون الكلية بالدولار (بسعر الشراء وسعر صرف الشهر) | C22: =IF(AND(ISNUMBER(C21),ISNUMBER(D21),$B$2>0),C21+D21/$B$2,"") | D22: المسعّر بالدولار + (المسعّر بالليرة ÷ سعر الصرف)
A24: التقرير الشهري بالدولار الأمريكي
A25: البيان | B25: هذا الشهر ($) | C25: الشهر السابق ($) | D25: التغير ($) | E25: التغير %
A26: المبيعات | B26: =IF(ISNUMBER(C6),C6,"") | C26: =IF('09-سبتمبر'!$B$26="","",'09-سبتمبر'!$B$26) -> 12412.101 | D26: =IF(AND(ISNUMBER(B26),ISNUMBER(C26)),B26-C26,"") | E26: =IF(AND(ISNUMBER(B26),ISNUMBER(C26)),IF(C26<>0,(B26-C26)/ABS(C26),""),"")
A27: مخزون أول الشهر (= مخزون آخر الشهر السابق) | B27: =IF($H$3=1,'09-سبتمبر'!$C$22,"") | C27: =IF('09-سبتمبر'!$B$27="","",'09-سبتمبر'!$B$27) -> 47944.021 | D27: =IF(AND(ISNUMBER(B27),ISNUMBER(C27)),B27-C27,"") | E27: =IF(AND(ISNUMBER(B27),ISNUMBER(C27)),IF(C27<>0,(B27-C27)/ABS(C27),""),"")
A28: (+) المشتريات | B28: =IF(ISNUMBER(C7),C7,"") | C28: =IF('09-سبتمبر'!$B$28="","",'09-سبتمبر'!$B$28) -> 5093.6232 | D28: =IF(AND(ISNUMBER(B28),ISNUMBER(C28)),B28-C28,"") | E28: =IF(AND(ISNUMBER(B28),ISNUMBER(C28)),IF(C28<>0,(B28-C28)/ABS(C28),""),"")
A29: (−) مخزون آخر الشهر (بعد عزل أثر الصرف) | B29: =IF($H$3=1,C22-$H$4,"") | C29: =IF('09-سبتمبر'!$B$29="","",'09-سبتمبر'!$B$29) -> 45510.71 | D29: =IF(AND(ISNUMBER(B29),ISNUMBER(C29)),B29-C29,"") | E29: =IF(AND(ISNUMBER(B29),ISNUMBER(C29)),IF(C29<>0,(B29-C29)/ABS(C29),""),"")
A30: (=) تكلفة المبيعات | B30: =IF($H$3=1,B27+B28-B29,"") | C30: =IF('09-سبتمبر'!$B$30="","",'09-سبتمبر'!$B$30) -> 7526.9346 | D30: =IF(AND(ISNUMBER(B30),ISNUMBER(C30)),B30-C30,"") | E30: =IF(AND(ISNUMBER(B30),ISNUMBER(C30)),IF(C30<>0,(B30-C30)/ABS(C30),""),"")
A31: مجمل الربح (المبيعات − التكلفة) | B31: =IF($H$3=1,B26-B30,"") | C31: =IF('09-سبتمبر'!$B$31="","",'09-سبتمبر'!$B$31) -> 4885.1669 | D31: =IF(AND(ISNUMBER(B31),ISNUMBER(C31)),B31-C31,"") | E31: =IF(AND(ISNUMBER(B31),ISNUMBER(C31)),IF(C31<>0,(B31-C31)/ABS(C31),""),"")
A32: (−) المصاريف | B32: =IF(ISNUMBER(C8),C8,"") | C32: =IF('09-سبتمبر'!$B$32="","",'09-سبتمبر'!$B$32) -> 3175.942 | D32: =IF(AND(ISNUMBER(B32),ISNUMBER(C32)),B32-C32,"") | E32: =IF(AND(ISNUMBER(B32),ISNUMBER(C32)),IF(C32<>0,(B32-C32)/ABS(C32),""),"")
A33: (=) الربح الحقيقي التشغيلي | B33: =IF($H$3=1,B31-B32,"") | C33: =IF('09-سبتمبر'!$B$33="","",'09-سبتمبر'!$B$33) -> 1709.2248 | D33: =IF(AND(ISNUMBER(B33),ISNUMBER(C33)),B33-C33,"") | E33: =IF(AND(ISNUMBER(B33),ISNUMBER(C33)),IF(C33<>0,(B33-C33)/ABS(C33),""),"")
A34: هامش الربح الحقيقي % | B34: =IF(AND($H$3=1,N(B26)>0),B33/B26,"") | C34: =IF('09-سبتمبر'!$B$34="","",'09-سبتمبر'!$B$34) -> 0.13770632 | D34: =IF(AND(ISNUMBER(B34),ISNUMBER(C34)),B34-C34,"")
A35: أثر تغير الصرف على مخزون الليرة | B35: =IF($H$3=1,$H$4,"") | C35: =IF('09-سبتمبر'!$B$35="","",'09-سبتمبر'!$B$35) -> -609.94439 | D35: =IF(AND(ISNUMBER(B35),ISNUMBER(C35)),B35-C35,"") | E35: =IF(AND(ISNUMBER(B35),ISNUMBER(C35)),IF(C35<>0,(B35-C35)/ABS(C35),""),"")
A36: صافي الربح بعد أثر الصرف | B36: =IF($H$3=1,B33+B35,"") | C36: =IF('09-سبتمبر'!$B$36="","",'09-سبتمبر'!$B$36) -> 1099.2804 | D36: =IF(AND(ISNUMBER(B36),ISNUMBER(C36)),B36-C36,"") | E36: =IF(AND(ISNUMBER(B36),ISNUMBER(C36)),IF(C36<>0,(B36-C36)/ABS(C36),""),"")
A37: للمرجع: الربح التقديري (مبيعات − مشتريات − مصاريف) | B37: =IF(ISNUMBER(C9),C9,"") | C37: =IF('09-سبتمبر'!$B$37="","",'09-سبتمبر'!$B$37) -> 4142.5362 | D37: =IF(AND(ISNUMBER(B37),ISNUMBER(C37)),B37-C37,"") | E37: =IF(AND(ISNUMBER(B37),ISNUMBER(C37)),IF(C37<>0,(B37-C37)/ABS(C37),""),"")
A39: مؤشرات إضافية
A40: المؤشر | B40: هذا الشهر | C40: الشهر السابق | D40: التغير | E40: التغير %
A41: نسبة المصاريف من المبيعات % | B41: =IF(AND(ISNUMBER(B32),N(B26)>0),B32/B26,"") | C41: =IF('09-سبتمبر'!$B$41="","",'09-سبتمبر'!$B$41) -> 0.25587464 | D41: =IF(AND(ISNUMBER(B41),ISNUMBER(C41)),B41-C41,"")
A42: نسبة تكلفة المبيعات من المبيعات % | B42: =IF(AND(ISNUMBER(B30),N(B26)>0),B30/B26,"") | C42: =IF('09-سبتمبر'!$B$42="","",'09-سبتمبر'!$B$42) -> 0.60641904 | D42: =IF(AND(ISNUMBER(B42),ISNUMBER(C42)),B42-C42,"")
A43: قيمة المخزون الكلية ($) | B43: =IF(ISNUMBER(C22),C22,"") | C43: =IF('09-سبتمبر'!$B$43="","",'09-سبتمبر'!$B$43) -> 44900.765 | D43: =IF(AND(ISNUMBER(B43),ISNUMBER(C43)),B43-C43,"") | E43: =IF(AND(ISNUMBER(B43),ISNUMBER(C43)),IF(C43<>0,(B43-C43)/ABS(C43),""),"")
A44: نسبة المخزون المسعّر بالليرة % | B44: =IF(AND(ISNUMBER(C22),$B$2>0),IF(C22>0,(D21/$B$2)/C22,""),"") | C44: =IF('09-سبتمبر'!$B$44="","",'09-سبتمبر'!$B$44) -> 0.22621564 | D44: =IF(AND(ISNUMBER(B44),ISNUMBER(C44)),B44-C44,"")
A45: صافي المركز المالي ($) | B45: =IF(ISNUMBER(D17),D17,"") | C45: =IF('09-سبتمبر'!$B$45="","",'09-سبتمبر'!$B$45) -> -42454.29 | D45: =IF(AND(ISNUMBER(B45),ISNUMBER(C45)),B45-C45,"") | E45: =IF(AND(ISNUMBER(B45),ISNUMBER(C45)),IF(C45<>0,(B45-C45)/ABS(C45),""),"")
A47: طريقة الحساب: تكلفة المبيعات = مخزون أول الشهر + المشتريات − مخزون آخر الشهر. مخزون آخر الشهر مُعدَّل بعزل أثر تغير سعر الصرف على الأصناف المسعّرة بالليرة، فيبقى الربح التشغيلي نظيفًا من أثر الصرف، ويظهر الأثر في سطر مستقل.

Sheet 11-نوفمبر
A1: تقرير شهر نوفمبر 2026 — الأرباح الحقيقية بالدولار الأمريكي | G1: خلايا مساعدة (خارج الطباعة)
A2: سعر الصرف المعتمد (ل.س مقابل 1$) — من لوحة التحكم | B2: =IF(ISNUMBER('لوحة التحكم'!$C$20),'لوحة التحكم'!$C$20,0) -> 0 | C2: حالة الشهر | D2: =$H$6 -> لا بيانات | G2: سعر صرف الشهر السابق | H2: ='10-أكتوبر'!$B$2 -> 14200
A3: =IF($H$5=0,"لا توجد بيانات لهذا الشهر بعد — أدخل المدخلات أدناه",IF($H$13>0,(IF($H$7=1,"⚠ سعر الصرف غير مُدخل في لوحة التحكم. ","")&IF($H$8=1,"⚠ أكمل المبيعات والمشتريات والمصاريف. ","")&IF($H$9=1,"⚠ الصق بيانات المستودع في فقرة «بيانات المستودع». ","")&IF($H$10=1,"⚠ الصف الملصوق يخص شهرًا آخر. ","")&IF($H$11=1,"⚠ سعر صرف المستودع ("&$B$21&") يختلف عن سعر لوحة التحكم ("&$B$2&"). ","")&IF($H$12=1,"⚠ ملف المستودع فيه أصناف بها أخطاء (العدد: "&$E$21&") — صحّحها ثم أعد التصدير.","")),IF($H$3=1,"✅ البيانات مكتملة — الربح الحقيقي محسوب","ℹ الربح الحقيقي غير متاح (يلزم مخزون هذا الشهر والشهر السابق وسعر صرف الشهرين) — المعروض ربح تقديري فقط"))) -> لا توجد بيانات لهذا الشهر بعد — أدخل المدخلات أدناه | G3: الربح الحقيقي جاهز؟ (1/0) | H3: =IF(AND($B$2>0,H2>0,COUNT(B6:B8)=3,ISNUMBER(C22),ISNUMBER('10-أكتوبر'!$C$22),ISNUMBER('10-أكتوبر'!$D$21)),1,0) -> 0
A4: مدخلات الشهر (أدخل بالليرة السورية من برنامج المحاسبة) — الخلايا الصفراء | G4: أثر الصرف على مخزون الليرة ($) | H4: =IF(H3=1,'10-أكتوبر'!$D$21*(1/$B$2-1/H2),0) -> 0
A5: البيان | B5: المبلغ (ل.س) | C5: المعادل ($) | D5: ملاحظة | G5: فيه بيانات؟ (1/0) | H5: =IF(COUNTA(B6:B8,B13:C15,A21:E21)>0,1,0) -> 0
A6: المبيعات | C6: =IF(AND(ISNUMBER(B6),$B$2>0),B6/$B$2,"") | D6: إجمالي مبيعات الشهر | G6: حالة الشهر | H6: =IF(H5=0,"لا بيانات",IF(H3=1,IF(H13=0,"✅ جاهز — ربح حقيقي","⚠ ربح حقيقي مع تنبيهات"),IF(H13>0,"⚠ تنبيهات — راجع الصفحة",IF(COUNT(B6:B8)=3,"ℹ ربح تقديري فقط","⚠ بيانات ناقصة")))) -> لا بيانات
A7: المشتريات | C7: =IF(AND(ISNUMBER(B7),$B$2>0),B7/$B$2,"") | D7: مشتريات الشهر (مواد وبضاعة) | G7: تنبيه: سعر الصرف ناقص | H7: =IF(AND(H5=1,$B$2<=0),1,0) -> 0
A8: المصاريف | C8: =IF(AND(ISNUMBER(B8),$B$2>0),B8/$B$2,"") | D8: مصاريف التشغيل والرواتب... | G8: تنبيه: مدخلات ناقصة | H8: =IF(AND(H5=1,COUNT(B6:B8)<3),1,0) -> 0
A9: الربح التقديري (مبيعات − مشتريات − مصاريف) | B9: =IF(COUNT(B6:B8)=3,B6-B7-B8,"") | C9: =IF(AND(ISNUMBER(B9),$B$2>0),B9/$B$2,"") | D9: للمرجع فقط — لا يأخذ المخزون بالحسبان | G9: تنبيه: بيانات المستودع ناقصة | H9: =IF(AND(H5=1,H15>=H14,NOT(AND(ISNUMBER(C21),ISNUMBER(D21)))),1,0) -> 0
G10: تنبيه: صف شهر آخر | H10: =IF(AND(ISNUMBER(A21),A21<>H15),1,0) -> 0
A11: الصندوق والديون بالعملتين | G11: تنبيه: سعر صرف مختلف | H11: =IF(AND(ISNUMBER(B21),$B$2>0,ABS(B21-$B$2)>0.5),1,0) -> 0
A12: البيان | B12: ليرة سورية | C12: دولار أمريكي | D12: الإجمالي ($) | G12: تنبيه: أخطاء بالمستودع | H12: =IF(N(E21)>0,1,0) -> 0
A13: الصندوق (كاش فعلي) | D13: =IF(AND(ISNUMBER(B13),ISNUMBER(C13),$B$2>0),B13/$B$2+C13,"") | G13: مجموع التنبيهات | H13: =SUM(H7:H12) -> 0
A14: ديون لنا (مستحقة لنا) | D14: =IF(AND(ISNUMBER(B14),ISNUMBER(C14),$B$2>0),B14/$B$2+C14,"") | G14: أول شهر لبيانات المستودع | H14: ='لوحة التحكم'!$C$6 -> 6
A15: ديون علينا | D15: =IF(AND(ISNUMBER(B15),ISNUMBER(C15),$B$2>0),B15/$B$2+C15,"") | G15: رقم هذا الشهر | H15: 11
A16: صافي الدين (لنا − علينا) | B16: =IF(AND(ISNUMBER(B14),ISNUMBER(B15)),B14-B15,"") | C16: =IF(AND(ISNUMBER(C14),ISNUMBER(C15)),C14-C15,"") | D16: =IF(AND(ISNUMBER(D14),ISNUMBER(D15)),D14-D15,"")
A17: صافي المركز المالي (صندوق + ديون لنا − ديون علينا) | D17: =IF(AND(ISNUMBER(D13),ISNUMBER(D16)),D13+D16,"")
A19: بيانات المستودع — الصق صفًّا واحدًا كـ «قيم» من ورقة «تصدير للتقارير» في ملف المستودع
A20: رقم الشهر | B20: سعر صرف المستودع | C20: مخزون مسعّر بالدولار ($) | D20: مخزون مسعّر بالليرة (ل.س) | E20: أصناف بها أخطاء
A22: قيمة المخزون الكلية بالدولار (بسعر الشراء وسعر صرف الشهر) | C22: =IF(AND(ISNUMBER(C21),ISNUMBER(D21),$B$2>0),C21+D21/$B$2,"") | D22: المسعّر بالدولار + (المسعّر بالليرة ÷ سعر الصرف)
A24: التقرير الشهري بالدولار الأمريكي
A25: البيان | B25: هذا الشهر ($) | C25: الشهر السابق ($) | D25: التغير ($) | E25: التغير %
A26: المبيعات | B26: =IF(ISNUMBER(C6),C6,"") | C26: =IF('10-أكتوبر'!$B$26="","",'10-أكتوبر'!$B$26) | D26: =IF(AND(ISNUMBER(B26),ISNUMBER(C26)),B26-C26,"") | E26: =IF(AND(ISNUMBER(B26),ISNUMBER(C26)),IF(C26<>0,(B26-C26)/ABS(C26),""),"")
A27: مخزون أول الشهر (= مخزون آخر الشهر السابق) | B27: =IF($H$3=1,'10-أكتوبر'!$C$22,"") | C27: =IF('10-أكتوبر'!$B$27="","",'10-أكتوبر'!$B$27) | D27: =IF(AND(ISNUMBER(B27),ISNUMBER(C27)),B27-C27,"") | E27: =IF(AND(ISNUMBER(B27),ISNUMBER(C27)),IF(C27<>0,(B27-C27)/ABS(C27),""),"")
A28: (+) المشتريات | B28: =IF(ISNUMBER(C7),C7,"") | C28: =IF('10-أكتوبر'!$B$28="","",'10-أكتوبر'!$B$28) | D28: =IF(AND(ISNUMBER(B28),ISNUMBER(C28)),B28-C28,"") | E28: =IF(AND(ISNUMBER(B28),ISNUMBER(C28)),IF(C28<>0,(B28-C28)/ABS(C28),""),"")
A29: (−) مخزون آخر الشهر (بعد عزل أثر الصرف) | B29: =IF($H$3=1,C22-$H$4,"") | C29: =IF('10-أكتوبر'!$B$29="","",'10-أكتوبر'!$B$29) | D29: =IF(AND(ISNUMBER(B29),ISNUMBER(C29)),B29-C29,"") | E29: =IF(AND(ISNUMBER(B29),ISNUMBER(C29)),IF(C29<>0,(B29-C29)/ABS(C29),""),"")
A30: (=) تكلفة المبيعات | B30: =IF($H$3=1,B27+B28-B29,"") | C30: =IF('10-أكتوبر'!$B$30="","",'10-أكتوبر'!$B$30) | D30: =IF(AND(ISNUMBER(B30),ISNUMBER(C30)),B30-C30,"") | E30: =IF(AND(ISNUMBER(B30),ISNUMBER(C30)),IF(C30<>0,(B30-C30)/ABS(C30),""),"")
A31: مجمل الربح (المبيعات − التكلفة) | B31: =IF($H$3=1,B26-B30,"") | C31: =IF('10-أكتوبر'!$B$31="","",'10-أكتوبر'!$B$31) | D31: =IF(AND(ISNUMBER(B31),ISNUMBER(C31)),B31-C31,"") | E31: =IF(AND(ISNUMBER(B31),ISNUMBER(C31)),IF(C31<>0,(B31-C31)/ABS(C31),""),"")
A32: (−) المصاريف | B32: =IF(ISNUMBER(C8),C8,"") | C32: =IF('10-أكتوبر'!$B$32="","",'10-أكتوبر'!$B$32) | D32: =IF(AND(ISNUMBER(B32),ISNUMBER(C32)),B32-C32,"") | E32: =IF(AND(ISNUMBER(B32),ISNUMBER(C32)),IF(C32<>0,(B32-C32)/ABS(C32),""),"")
A33: (=) الربح الحقيقي التشغيلي | B33: =IF($H$3=1,B31-B32,"") | C33: =IF('10-أكتوبر'!$B$33="","",'10-أكتوبر'!$B$33) | D33: =IF(AND(ISNUMBER(B33),ISNUMBER(C33)),B33-C33,"") | E33: =IF(AND(ISNUMBER(B33),ISNUMBER(C33)),IF(C33<>0,(B33-C33)/ABS(C33),""),"")
A34: هامش الربح الحقيقي % | B34: =IF(AND($H$3=1,N(B26)>0),B33/B26,"") | C34: =IF('10-أكتوبر'!$B$34="","",'10-أكتوبر'!$B$34) | D34: =IF(AND(ISNUMBER(B34),ISNUMBER(C34)),B34-C34,"")
A35: أثر تغير الصرف على مخزون الليرة | B35: =IF($H$3=1,$H$4,"") | C35: =IF('10-أكتوبر'!$B$35="","",'10-أكتوبر'!$B$35) | D35: =IF(AND(ISNUMBER(B35),ISNUMBER(C35)),B35-C35,"") | E35: =IF(AND(ISNUMBER(B35),ISNUMBER(C35)),IF(C35<>0,(B35-C35)/ABS(C35),""),"")
A36: صافي الربح بعد أثر الصرف | B36: =IF($H$3=1,B33+B35,"") | C36: =IF('10-أكتوبر'!$B$36="","",'10-أكتوبر'!$B$36) | D36: =IF(AND(ISNUMBER(B36),ISNUMBER(C36)),B36-C36,"") | E36: =IF(AND(ISNUMBER(B36),ISNUMBER(C36)),IF(C36<>0,(B36-C36)/ABS(C36),""),"")
A37: للمرجع: الربح التقديري (مبيعات − مشتريات − مصاريف) | B37: =IF(ISNUMBER(C9),C9,"") | C37: =IF('10-أكتوبر'!$B$37="","",'10-أكتوبر'!$B$37) | D37: =IF(AND(ISNUMBER(B37),ISNUMBER(C37)),B37-C37,"") | E37: =IF(AND(ISNUMBER(B37),ISNUMBER(C37)),IF(C37<>0,(B37-C37)/ABS(C37),""),"")
A39: مؤشرات إضافية
A40: المؤشر | B40: هذا الشهر | C40: الشهر السابق | D40: التغير | E40: التغير %
A41: نسبة المصاريف من المبيعات % | B41: =IF(AND(ISNUMBER(B32),N(B26)>0),B32/B26,"") | C41: =IF('10-أكتوبر'!$B$41="","",'10-أكتوبر'!$B$41) | D41: =IF(AND(ISNUMBER(B41),ISNUMBER(C41)),B41-C41,"")
A42: نسبة تكلفة المبيعات من المبيعات % | B42: =IF(AND(ISNUMBER(B30),N(B26)>0),B30/B26,"") | C42: =IF('10-أكتوبر'!$B$42="","",'10-أكتوبر'!$B$42) | D42: =IF(AND(ISNUMBER(B42),ISNUMBER(C42)),B42-C42,"")
A43: قيمة المخزون الكلية ($) | B43: =IF(ISNUMBER(C22),C22,"") | C43: =IF('10-أكتوبر'!$B$43="","",'10-أكتوبر'!$B$43) | D43: =IF(AND(ISNUMBER(B43),ISNUMBER(C43)),B43-C43,"") | E43: =IF(AND(ISNUMBER(B43),ISNUMBER(C43)),IF(C43<>0,(B43-C43)/ABS(C43),""),"")
A44: نسبة المخزون المسعّر بالليرة % | B44: =IF(AND(ISNUMBER(C22),$B$2>0),IF(C22>0,(D21/$B$2)/C22,""),"") | C44: =IF('10-أكتوبر'!$B$44="","",'10-أكتوبر'!$B$44) | D44: =IF(AND(ISNUMBER(B44),ISNUMBER(C44)),B44-C44,"")
A45: صافي المركز المالي ($) | B45: =IF(ISNUMBER(D17),D17,"") | C45: =IF('10-أكتوبر'!$B$45="","",'10-أكتوبر'!$B$45) | D45: =IF(AND(ISNUMBER(B45),ISNUMBER(C45)),B45-C45,"") | E45: =IF(AND(ISNUMBER(B45),ISNUMBER(C45)),IF(C45<>0,(B45-C45)/ABS(C45),""),"")
A47: طريقة الحساب: تكلفة المبيعات = مخزون أول الشهر + المشتريات − مخزون آخر الشهر. مخزون آخر الشهر مُعدَّل بعزل أثر تغير سعر الصرف على الأصناف المسعّرة بالليرة، فيبقى الربح التشغيلي نظيفًا من أثر الصرف، ويظهر الأثر في سطر مستقل.

Sheet 12-ديسمبر
A1: تقرير شهر ديسمبر 2026 — الأرباح الحقيقية بالدولار الأمريكي | G1: خلايا مساعدة (خارج الطباعة)
A2: سعر الصرف المعتمد (ل.س مقابل 1$) — من لوحة التحكم | B2: =IF(ISNUMBER('لوحة التحكم'!$C$21),'لوحة التحكم'!$C$21,0) -> 0 | C2: حالة الشهر | D2: =$H$6 -> لا بيانات | G2: سعر صرف الشهر السابق | H2: ='11-نوفمبر'!$B$2 -> 0
A3: =IF($H$5=0,"لا توجد بيانات لهذا الشهر بعد — أدخل المدخلات أدناه",IF($H$13>0,(IF($H$7=1,"⚠ سعر الصرف غير مُدخل في لوحة التحكم. ","")&IF($H$8=1,"⚠ أكمل المبيعات والمشتريات والمصاريف. ","")&IF($H$9=1,"⚠ الصق بيانات المستودع في فقرة «بيانات المستودع». ","")&IF($H$10=1,"⚠ الصف الملصوق يخص شهرًا آخر. ","")&IF($H$11=1,"⚠ سعر صرف المستودع ("&$B$21&") يختلف عن سعر لوحة التحكم ("&$B$2&"). ","")&IF($H$12=1,"⚠ ملف المستودع فيه أصناف بها أخطاء (العدد: "&$E$21&") — صحّحها ثم أعد التصدير.","")),IF($H$3=1,"✅ البيانات مكتملة — الربح الحقيقي محسوب","ℹ الربح الحقيقي غير متاح (يلزم مخزون هذا الشهر والشهر السابق وسعر صرف الشهرين) — المعروض ربح تقديري فقط"))) -> لا توجد بيانات لهذا الشهر بعد — أدخل المدخلات أدناه | G3: الربح الحقيقي جاهز؟ (1/0) | H3: =IF(AND($B$2>0,H2>0,COUNT(B6:B8)=3,ISNUMBER(C22),ISNUMBER('11-نوفمبر'!$C$22),ISNUMBER('11-نوفمبر'!$D$21)),1,0) -> 0
A4: مدخلات الشهر (أدخل بالليرة السورية من برنامج المحاسبة) — الخلايا الصفراء | G4: أثر الصرف على مخزون الليرة ($) | H4: =IF(H3=1,'11-نوفمبر'!$D$21*(1/$B$2-1/H2),0) -> 0
A5: البيان | B5: المبلغ (ل.س) | C5: المعادل ($) | D5: ملاحظة | G5: فيه بيانات؟ (1/0) | H5: =IF(COUNTA(B6:B8,B13:C15,A21:E21)>0,1,0) -> 0
A6: المبيعات | C6: =IF(AND(ISNUMBER(B6),$B$2>0),B6/$B$2,"") | D6: إجمالي مبيعات الشهر | G6: حالة الشهر | H6: =IF(H5=0,"لا بيانات",IF(H3=1,IF(H13=0,"✅ جاهز — ربح حقيقي","⚠ ربح حقيقي مع تنبيهات"),IF(H13>0,"⚠ تنبيهات — راجع الصفحة",IF(COUNT(B6:B8)=3,"ℹ ربح تقديري فقط","⚠ بيانات ناقصة")))) -> لا بيانات
A7: المشتريات | C7: =IF(AND(ISNUMBER(B7),$B$2>0),B7/$B$2,"") | D7: مشتريات الشهر (مواد وبضاعة) | G7: تنبيه: سعر الصرف ناقص | H7: =IF(AND(H5=1,$B$2<=0),1,0) -> 0
A8: المصاريف | C8: =IF(AND(ISNUMBER(B8),$B$2>0),B8/$B$2,"") | D8: مصاريف التشغيل والرواتب... | G8: تنبيه: مدخلات ناقصة | H8: =IF(AND(H5=1,COUNT(B6:B8)<3),1,0) -> 0
A9: الربح التقديري (مبيعات − مشتريات − مصاريف) | B9: =IF(COUNT(B6:B8)=3,B6-B7-B8,"") | C9: =IF(AND(ISNUMBER(B9),$B$2>0),B9/$B$2,"") | D9: للمرجع فقط — لا يأخذ المخزون بالحسبان | G9: تنبيه: بيانات المستودع ناقصة | H9: =IF(AND(H5=1,H15>=H14,NOT(AND(ISNUMBER(C21),ISNUMBER(D21)))),1,0) -> 0
G10: تنبيه: صف شهر آخر | H10: =IF(AND(ISNUMBER(A21),A21<>H15),1,0) -> 0
A11: الصندوق والديون بالعملتين | G11: تنبيه: سعر صرف مختلف | H11: =IF(AND(ISNUMBER(B21),$B$2>0,ABS(B21-$B$2)>0.5),1,0) -> 0
A12: البيان | B12: ليرة سورية | C12: دولار أمريكي | D12: الإجمالي ($) | G12: تنبيه: أخطاء بالمستودع | H12: =IF(N(E21)>0,1,0) -> 0
A13: الصندوق (كاش فعلي) | D13: =IF(AND(ISNUMBER(B13),ISNUMBER(C13),$B$2>0),B13/$B$2+C13,"") | G13: مجموع التنبيهات | H13: =SUM(H7:H12) -> 0
A14: ديون لنا (مستحقة لنا) | D14: =IF(AND(ISNUMBER(B14),ISNUMBER(C14),$B$2>0),B14/$B$2+C14,"") | G14: أول شهر لبيانات المستودع | H14: ='لوحة التحكم'!$C$6 -> 6
A15: ديون علينا | D15: =IF(AND(ISNUMBER(B15),ISNUMBER(C15),$B$2>0),B15/$B$2+C15,"") | G15: رقم هذا الشهر | H15: 12
A16: صافي الدين (لنا − علينا) | B16: =IF(AND(ISNUMBER(B14),ISNUMBER(B15)),B14-B15,"") | C16: =IF(AND(ISNUMBER(C14),ISNUMBER(C15)),C14-C15,"") | D16: =IF(AND(ISNUMBER(D14),ISNUMBER(D15)),D14-D15,"")
A17: صافي المركز المالي (صندوق + ديون لنا − ديون علينا) | D17: =IF(AND(ISNUMBER(D13),ISNUMBER(D16)),D13+D16,"")
A19: بيانات المستودع — الصق صفًّا واحدًا كـ «قيم» من ورقة «تصدير للتقارير» في ملف المستودع
A20: رقم الشهر | B20: سعر صرف المستودع | C20: مخزون مسعّر بالدولار ($) | D20: مخزون مسعّر بالليرة (ل.س) | E20: أصناف بها أخطاء
A22: قيمة المخزون الكلية بالدولار (بسعر الشراء وسعر صرف الشهر) | C22: =IF(AND(ISNUMBER(C21),ISNUMBER(D21),$B$2>0),C21+D21/$B$2,"") | D22: المسعّر بالدولار + (المسعّر بالليرة ÷ سعر الصرف)
A24: التقرير الشهري بالدولار الأمريكي
A25: البيان | B25: هذا الشهر ($) | C25: الشهر السابق ($) | D25: التغير ($) | E25: التغير %
A26: المبيعات | B26: =IF(ISNUMBER(C6),C6,"") | C26: =IF('11-نوفمبر'!$B$26="","",'11-نوفمبر'!$B$26) | D26: =IF(AND(ISNUMBER(B26),ISNUMBER(C26)),B26-C26,"") | E26: =IF(AND(ISNUMBER(B26),ISNUMBER(C26)),IF(C26<>0,(B26-C26)/ABS(C26),""),"")
A27: مخزون أول الشهر (= مخزون آخر الشهر السابق) | B27: =IF($H$3=1,'11-نوفمبر'!$C$22,"") | C27: =IF('11-نوفمبر'!$B$27="","",'11-نوفمبر'!$B$27) | D27: =IF(AND(ISNUMBER(B27),ISNUMBER(C27)),B27-C27,"") | E27: =IF(AND(ISNUMBER(B27),ISNUMBER(C27)),IF(C27<>0,(B27-C27)/ABS(C27),""),"")
A28: (+) المشتريات | B28: =IF(ISNUMBER(C7),C7,"") | C28: =IF('11-نوفمبر'!$B$28="","",'11-نوفمبر'!$B$28) | D28: =IF(AND(ISNUMBER(B28),ISNUMBER(C28)),B28-C28,"") | E28: =IF(AND(ISNUMBER(B28),ISNUMBER(C28)),IF(C28<>0,(B28-C28)/ABS(C28),""),"")
A29: (−) مخزون آخر الشهر (بعد عزل أثر الصرف) | B29: =IF($H$3=1,C22-$H$4,"") | C29: =IF('11-نوفمبر'!$B$29="","",'11-نوفمبر'!$B$29) | D29: =IF(AND(ISNUMBER(B29),ISNUMBER(C29)),B29-C29,"") | E29: =IF(AND(ISNUMBER(B29),ISNUMBER(C29)),IF(C29<>0,(B29-C29)/ABS(C29),""),"")
A30: (=) تكلفة المبيعات | B30: =IF($H$3=1,B27+B28-B29,"") | C30: =IF('11-نوفمبر'!$B$30="","",'11-نوفمبر'!$B$30) | D30: =IF(AND(ISNUMBER(B30),ISNUMBER(C30)),B30-C30,"") | E30: =IF(AND(ISNUMBER(B30),ISNUMBER(C30)),IF(C30<>0,(B30-C30)/ABS(C30),""),"")
A31: مجمل الربح (المبيعات − التكلفة) | B31: =IF($H$3=1,B26-B30,"") | C31: =IF('11-نوفمبر'!$B$31="","",'11-نوفمبر'!$B$31) | D31: =IF(AND(ISNUMBER(B31),ISNUMBER(C31)),B31-C31,"") | E31: =IF(AND(ISNUMBER(B31),ISNUMBER(C31)),IF(C31<>0,(B31-C31)/ABS(C31),""),"")
A32: (−) المصاريف | B32: =IF(ISNUMBER(C8),C8,"") | C32: =IF('11-نوفمبر'!$B$32="","",'11-نوفمبر'!$B$32) | D32: =IF(AND(ISNUMBER(B32),ISNUMBER(C32)),B32-C32,"") | E32: =IF(AND(ISNUMBER(B32),ISNUMBER(C32)),IF(C32<>0,(B32-C32)/ABS(C32),""),"")
A33: (=) الربح الحقيقي التشغيلي | B33: =IF($H$3=1,B31-B32,"") | C33: =IF('11-نوفمبر'!$B$33="","",'11-نوفمبر'!$B$33) | D33: =IF(AND(ISNUMBER(B33),ISNUMBER(C33)),B33-C33,"") | E33: =IF(AND(ISNUMBER(B33),ISNUMBER(C33)),IF(C33<>0,(B33-C33)/ABS(C33),""),"")
A34: هامش الربح الحقيقي % | B34: =IF(AND($H$3=1,N(B26)>0),B33/B26,"") | C34: =IF('11-نوفمبر'!$B$34="","",'11-نوفمبر'!$B$34) | D34: =IF(AND(ISNUMBER(B34),ISNUMBER(C34)),B34-C34,"")
A35: أثر تغير الصرف على مخزون الليرة | B35: =IF($H$3=1,$H$4,"") | C35: =IF('11-نوفمبر'!$B$35="","",'11-نوفمبر'!$B$35) | D35: =IF(AND(ISNUMBER(B35),ISNUMBER(C35)),B35-C35,"") | E35: =IF(AND(ISNUMBER(B35),ISNUMBER(C35)),IF(C35<>0,(B35-C35)/ABS(C35),""),"")
A36: صافي الربح بعد أثر الصرف | B36: =IF($H$3=1,B33+B35,"") | C36: =IF('11-نوفمبر'!$B$36="","",'11-نوفمبر'!$B$36) | D36: =IF(AND(ISNUMBER(B36),ISNUMBER(C36)),B36-C36,"") | E36: =IF(AND(ISNUMBER(B36),ISNUMBER(C36)),IF(C36<>0,(B36-C36)/ABS(C36),""),"")
A37: للمرجع: الربح التقديري (مبيعات − مشتريات − مصاريف) | B37: =IF(ISNUMBER(C9),C9,"") | C37: =IF('11-نوفمبر'!$B$37="","",'11-نوفمبر'!$B$37) | D37: =IF(AND(ISNUMBER(B37),ISNUMBER(C37)),B37-C37,"") | E37: =IF(AND(ISNUMBER(B37),ISNUMBER(C37)),IF(C37<>0,(B37-C37)/ABS(C37),""),"")
A39: مؤشرات إضافية
A40: المؤشر | B40: هذا الشهر | C40: الشهر السابق | D40: التغير | E40: التغير %
A41: نسبة المصاريف من المبيعات % | B41: =IF(AND(ISNUMBER(B32),N(B26)>0),B32/B26,"") | C41: =IF('11-نوفمبر'!$B$41="","",'11-نوفمبر'!$B$41) | D41: =IF(AND(ISNUMBER(B41),ISNUMBER(C41)),B41-C41,"")
A42: نسبة تكلفة المبيعات من المبيعات % | B42: =IF(AND(ISNUMBER(B30),N(B26)>0),B30/B26,"") | C42: =IF('11-نوفمبر'!$B$42="","",'11-نوفمبر'!$B$42) | D42: =IF(AND(ISNUMBER(B42),ISNUMBER(C42)),B42-C42,"")
A43: قيمة المخزون الكلية ($) | B43: =IF(ISNUMBER(C22),C22,"") | C43: =IF('11-نوفمبر'!$B$43="","",'11-نوفمبر'!$B$43) | D43: =IF(AND(ISNUMBER(B43),ISNUMBER(C43)),B43-C43,"") | E43: =IF(AND(ISNUMBER(B43),ISNUMBER(C43)),IF(C43<>0,(B43-C43)/ABS(C43),""),"")
A44: نسبة المخزون المسعّر بالليرة % | B44: =IF(AND(ISNUMBER(C22),$B$2>0),IF(C22>0,(D21/$B$2)/C22,""),"") | C44: =IF('11-نوفمبر'!$B$44="","",'11-نوفمبر'!$B$44) | D44: =IF(AND(ISNUMBER(B44),ISNUMBER(C44)),B44-C44,"")
A45: صافي المركز المالي ($) | B45: =IF(ISNUMBER(D17),D17,"") | C45: =IF('11-نوفمبر'!$B$45="","",'11-نوفمبر'!$B$45) | D45: =IF(AND(ISNUMBER(B45),ISNUMBER(C45)),B45-C45,"") | E45: =IF(AND(ISNUMBER(B45),ISNUMBER(C45)),IF(C45<>0,(B45-C45)/ABS(C45),""),"")
A47: طريقة الحساب: تكلفة المبيعات = مخزون أول الشهر + المشتريات − مخزون آخر الشهر. مخزون آخر الشهر مُعدَّل بعزل أثر تغير سعر الصرف على الأصناف المسعّرة بالليرة، فيبقى الربح التشغيلي نظيفًا من أثر الصرف، ويظهر الأثر في سطر مستقل.

Sheet المقارنة
A1: المقارنة الشاملة بين الأشهر — كل المبالغ بالدولار الأمريكي (ما لم يُذكر غير ذلك)
A3: الأشهر التي لا تظهر أرقامها تنقصها بيانات أو سعر صرف — راجع لوحة التحكم.
B4: 1 | C4: 2 | D4: 3 | E4: 4 | F4: 5 | G4: 6 | H4: 7 | I4: 8 | J4: 9 | K4: 10 | L4: 11 | M4: 12
A5: المؤشر | B5: يناير | C5: فبراير | D5: مارس | E5: أبريل | F5: مايو | G5: يونيو | H5: يوليو | I5: أغسطس | J5: سبتمبر | K5: أكتوبر | L5: نوفمبر | M5: ديسمبر | N5: الإجمالي
A6: سعر الصرف (ل.س لكل 1$) | B6: =IF('01-يناير'!B2>0,'01-يناير'!B2,"") -> 11500 | C6: =IF('02-فبراير'!B2>0,'02-فبراير'!B2,"") -> 12000 | D6: =IF('03-مارس'!B2>0,'03-مارس'!B2,"") -> 12000 | E6: =IF('04-أبريل'!B2>0,'04-أبريل'!B2,"") -> 12500 | F6: =IF('05-مايو'!B2>0,'05-مايو'!B2,"") -> 12500 | G6: =IF('06-يونيو'!B2>0,'06-يونيو'!B2,"") -> 13200 | H6: =IF('07-يوليو'!B2>0,'07-يوليو'!B2,"") -> 13300 | I6: =IF('08-أغسطس'!B2>0,'08-أغسطس'!B2,"") -> 13200 | J6: =IF('09-سبتمبر'!B2>0,'09-سبتمبر'!B2,"") -> 13800 | K6: =IF('10-أكتوبر'!B2>0,'10-أكتوبر'!B2,"") -> 14200 | L6: =IF('11-نوفمبر'!B2>0,'11-نوفمبر'!B2,"") | M6: =IF('12-ديسمبر'!B2>0,'12-ديسمبر'!B2,"")
A7: المبيعات (مليون ل.س) | B7: =IF('01-يناير'!B6="","",'01-يناير'!B6) -> 118926000 | C7: =IF('02-فبراير'!B6="","",'02-فبراير'!B6) -> 87859000 | D7: =IF('03-مارس'!B6="","",'03-مارس'!B6) -> 105443000 | E7: =IF('04-أبريل'!B6="","",'04-أبريل'!B6) -> 166691000 | F7: =IF('05-مايو'!B6="","",'05-مايو'!B6) -> 163334000 | G7: =IF('06-يونيو'!B6="","",'06-يونيو'!B6) -> 197424000 | H7: =IF('07-يوليو'!B6="","",'07-يوليو'!B6) -> 191042000 | I7: =IF('08-أغسطس'!B6="","",'08-أغسطس'!B6) -> 227528000 | J7: =IF('09-سبتمبر'!B6="","",'09-سبتمبر'!B6) -> 171287000 | K7: =IF('10-أكتوبر'!B6="","",'10-أكتوبر'!B6) | L7: =IF('11-نوفمبر'!B6="","",'11-نوفمبر'!B6) | M7: =IF('12-ديسمبر'!B6="","",'12-ديسمبر'!B6) | N7: =SUM(B7:M7) -> 1429534000
A8: المشتريات (مليون ل.س) | B8: =IF('01-يناير'!B7="","",'01-يناير'!B7) -> 74709000 | C8: =IF('02-فبراير'!B7="","",'02-فبراير'!B7) -> 41296000 | D8: =IF('03-مارس'!B7="","",'03-مارس'!B7) -> 45155000 | E8: =IF('04-أبريل'!B7="","",'04-أبريل'!B7) -> 91555000 | F8: =IF('05-مايو'!B7="","",'05-مايو'!B7) -> 91196000 | G8: =IF('06-يونيو'!B7="","",'06-يونيو'!B7) -> 61619000 | H8: =IF('07-يوليو'!B7="","",'07-يوليو'!B7) -> 140673000 | I8: =IF('08-أغسطس'!B7="","",'08-أغسطس'!B7) -> 77982000 | J8: =IF('09-سبتمبر'!B7="","",'09-سبتمبر'!B7) -> 70292000 | K8: =IF('10-أكتوبر'!B7="","",'10-أكتوبر'!B7) | L8: =IF('11-نوفمبر'!B7="","",'11-نوفمبر'!B7) | M8: =IF('12-ديسمبر'!B7="","",'12-ديسمبر'!B7) | N8: =SUM(B8:M8) -> 694477000
A9: المصاريف (مليون ل.س) | B9: =IF('01-يناير'!B8="","",'01-يناير'!B8) -> 38000000 | C9: =IF('02-فبراير'!B8="","",'02-فبراير'!B8) -> 36215000 | D9: =IF('03-مارس'!B8="","",'03-مارس'!B8) -> 37203000 | E9: =IF('04-أبريل'!B8="","",'04-أبريل'!B8) -> 38371000 | F9: =IF('05-مايو'!B8="","",'05-مايو'!B8) -> 26000000 | G9: =IF('06-يونيو'!B8="","",'06-يونيو'!B8) -> 32391000 | H9: =IF('07-يوليو'!B8="","",'07-يوليو'!B8) -> 29190000 | I9: =IF('08-أغسطس'!B8="","",'08-أغسطس'!B8) -> 32207000 | J9: =IF('09-سبتمبر'!B8="","",'09-سبتمبر'!B8) -> 43828000 | K9: =IF('10-أكتوبر'!B8="","",'10-أكتوبر'!B8) | L9: =IF('11-نوفمبر'!B8="","",'11-نوفمبر'!B8) | M9: =IF('12-ديسمبر'!B8="","",'12-ديسمبر'!B8) | N9: =SUM(B9:M9) -> 313405000
A10: بالدولار الأمريكي — الأرباح
A11: المبيعات $ | B11: =IF('01-يناير'!B26="","",'01-يناير'!B26) -> 10341.391 | C11: =IF('02-فبراير'!B26="","",'02-فبراير'!B26) -> 7321.5833 | D11: =IF('03-مارس'!B26="","",'03-مارس'!B26) -> 8786.9167 | E11: =IF('04-أبريل'!B26="","",'04-أبريل'!B26) -> 13335.28 | F11: =IF('05-مايو'!B26="","",'05-مايو'!B26) -> 13066.72 | G11: =IF('06-يونيو'!B26="","",'06-يونيو'!B26) -> 14956.364 | H11: =IF('07-يوليو'!B26="","",'07-يوليو'!B26) -> 14364.06 | I11: =IF('08-أغسطس'!B26="","",'08-أغسطس'!B26) -> 17236.97 | J11: =IF('09-سبتمبر'!B26="","",'09-سبتمبر'!B26) -> 12412.101 | K11: =IF('10-أكتوبر'!B26="","",'10-أكتوبر'!B26) | L11: =IF('11-نوفمبر'!B26="","",'11-نوفمبر'!B26) | M11: =IF('12-ديسمبر'!B26="","",'12-ديسمبر'!B26) | N11: =SUM(B11:M11) -> 111821.39
A12: المشتريات $ | B12: =IF('01-يناير'!B28="","",'01-يناير'!B28) -> 6496.4348 | C12: =IF('02-فبراير'!B28="","",'02-فبراير'!B28) -> 3441.3333 | D12: =IF('03-مارس'!B28="","",'03-مارس'!B28) -> 3762.9167 | E12: =IF('04-أبريل'!B28="","",'04-أبريل'!B28) -> 7324.4 | F12: =IF('05-مايو'!B28="","",'05-مايو'!B28) -> 7295.68 | G12: =IF('06-يونيو'!B28="","",'06-يونيو'!B28) -> 4668.1061 | H12: =IF('07-يوليو'!B28="","",'07-يوليو'!B28) -> 10576.917 | I12: =IF('08-أغسطس'!B28="","",'08-أغسطس'!B28) -> 5907.7273 | J12: =IF('09-سبتمبر'!B28="","",'09-سبتمبر'!B28) -> 5093.6232 | K12: =IF('10-أكتوبر'!B28="","",'10-أكتوبر'!B28) | L12: =IF('11-نوفمبر'!B28="","",'11-نوفمبر'!B28) | M12: =IF('12-ديسمبر'!B28="","",'12-ديسمبر'!B28) | N12: =SUM(B12:M12) -> 54567.139
A13: المصاريف $ | B13: =IF('01-يناير'!B32="","",'01-يناير'!B32) -> 3304.3478 | C13: =IF('02-فبراير'!B32="","",'02-فبراير'!B32) -> 3017.9167 | D13: =IF('03-مارس'!B32="","",'03-مارس'!B32) -> 3100.25 | E13: =IF('04-أبريل'!B32="","",'04-أبريل'!B32) -> 3069.68 | F13: =IF('05-مايو'!B32="","",'05-مايو'!B32) -> 2080 | G13: =IF('06-يونيو'!B32="","",'06-يونيو'!B32) -> 2453.8636 | H13: =IF('07-يوليو'!B32="","",'07-يوليو'!B32) -> 2194.7368 | I13: =IF('08-أغسطس'!B32="","",'08-أغسطس'!B32) -> 2439.9242 | J13: =IF('09-سبتمبر'!B32="","",'09-سبتمبر'!B32) -> 3175.942 | K13: =IF('10-أكتوبر'!B32="","",'10-أكتوبر'!B32) | L13: =IF('11-نوفمبر'!B32="","",'11-نوفمبر'!B32) | M13: =IF('12-ديسمبر'!B32="","",'12-ديسمبر'!B32) | N13: =SUM(B13:M13) -> 24836.661
A14: الربح التقديري $ (مبيعات−مشتريات−مصاريف) | B14: =IF('01-يناير'!B37="","",'01-يناير'!B37) -> 540.6087 | C14: =IF('02-فبراير'!B37="","",'02-فبراير'!B37) -> 862.33333 | D14: =IF('03-مارس'!B37="","",'03-مارس'!B37) -> 1923.75 | E14: =IF('04-أبريل'!B37="","",'04-أبريل'!B37) -> 2941.2 | F14: =IF('05-مايو'!B37="","",'05-مايو'!B37) -> 3691.04 | G14: =IF('06-يونيو'!B37="","",'06-يونيو'!B37) -> 7834.3939 | H14: =IF('07-يوليو'!B37="","",'07-يوليو'!B37) -> 1592.406 | I14: =IF('08-أغسطس'!B37="","",'08-أغسطس'!B37) -> 8889.3182 | J14: =IF('09-سبتمبر'!B37="","",'09-سبتمبر'!B37) -> 4142.5362 | K14: =IF('10-أكتوبر'!B37="","",'10-أكتوبر'!B37) | L14: =IF('11-نوفمبر'!B37="","",'11-نوفمبر'!B37) | M14: =IF('12-ديسمبر'!B37="","",'12-ديسمبر'!B37) | N14: =SUM(B14:M14) -> 32417.586
A15: مخزون أول الشهر $ | B15: =IF('01-يناير'!B27="","",'01-يناير'!B27) | C15: =IF('02-فبراير'!B27="","",'02-فبراير'!B27) | D15: =IF('03-مارس'!B27="","",'03-مارس'!B27) | E15: =IF('04-أبريل'!B27="","",'04-أبريل'!B27) | F15: =IF('05-مايو'!B27="","",'05-مايو'!B27) | G15: =IF('06-يونيو'!B27="","",'06-يونيو'!B27) | H15: =IF('07-يوليو'!B27="","",'07-يوليو'!B27) -> 44737.392 | I15: =IF('08-أغسطس'!B27="","",'08-أغسطس'!B27) -> 48491.027 | J15: =IF('09-سبتمبر'!B27="","",'09-سبتمبر'!B27) -> 47944.021 | K15: =IF('10-أكتوبر'!B27="","",'10-أكتوبر'!B27) | L15: =IF('11-نوفمبر'!B27="","",'11-نوفمبر'!B27) | M15: =IF('12-ديسمبر'!B27="","",'12-ديسمبر'!B27)
A16: مخزون آخر الشهر (معدّل) $ | B16: =IF('01-يناير'!B29="","",'01-يناير'!B29) | C16: =IF('02-فبراير'!B29="","",'02-فبراير'!B29) | D16: =IF('03-مارس'!B29="","",'03-مارس'!B29) | E16: =IF('04-أبريل'!B29="","",'04-أبريل'!B29) | F16: =IF('05-مايو'!B29="","",'05-مايو'!B29) | G16: =IF('06-يونيو'!B29="","",'06-يونيو'!B29) | H16: =IF('07-يوليو'!B29="","",'07-يوليو'!B29) -> 48607.4 | I16: =IF('08-أغسطس'!B29="","",'08-أغسطس'!B29) -> 47841.664 | J16: =IF('09-سبتمبر'!B29="","",'09-سبتمبر'!B29) -> 45510.71 | K16: =IF('10-أكتوبر'!B29="","",'10-أكتوبر'!B29) | L16: =IF('11-نوفمبر'!B29="","",'11-نوفمبر'!B29) | M16: =IF('12-ديسمبر'!B29="","",'12-ديسمبر'!B29)
A17: تكلفة المبيعات $ | B17: =IF('01-يناير'!B30="","",'01-يناير'!B30) | C17: =IF('02-فبراير'!B30="","",'02-فبراير'!B30) | D17: =IF('03-مارس'!B30="","",'03-مارس'!B30) | E17: =IF('04-أبريل'!B30="","",'04-أبريل'!B30) | F17: =IF('05-مايو'!B30="","",'05-مايو'!B30) | G17: =IF('06-يونيو'!B30="","",'06-يونيو'!B30) | H17: =IF('07-يوليو'!B30="","",'07-يوليو'!B30) -> 6706.909 | I17: =IF('08-أغسطس'!B30="","",'08-أغسطس'!B30) -> 6557.0904 | J17: =IF('09-سبتمبر'!B30="","",'09-سبتمبر'!B30) -> 7526.9346 | K17: =IF('10-أكتوبر'!B30="","",'10-أكتوبر'!B30) | L17: =IF('11-نوفمبر'!B30="","",'11-نوفمبر'!B30) | M17: =IF('12-ديسمبر'!B30="","",'12-ديسمبر'!B30) | N17: =SUM(B17:M17) -> 20790.934
A18: مجمل الربح $ | B18: =IF('01-يناير'!B31="","",'01-يناير'!B31) | C18: =IF('02-فبراير'!B31="","",'02-فبراير'!B31) | D18: =IF('03-مارس'!B31="","",'03-مارس'!B31) | E18: =IF('04-أبريل'!B31="","",'04-أبريل'!B31) | F18: =IF('05-مايو'!B31="","",'05-مايو'!B31) | G18: =IF('06-يونيو'!B31="","",'06-يونيو'!B31) | H18: =IF('07-يوليو'!B31="","",'07-يوليو'!B31) -> 7657.1511 | I18: =IF('08-أغسطس'!B31="","",'08-أغسطس'!B31) -> 10679.879 | J18: =IF('09-سبتمبر'!B31="","",'09-سبتمبر'!B31) -> 4885.1669 | K18: =IF('10-أكتوبر'!B31="","",'10-أكتوبر'!B31) | L18: =IF('11-نوفمبر'!B31="","",'11-نوفمبر'!B31) | M18: =IF('12-ديسمبر'!B31="","",'12-ديسمبر'!B31) | N18: =SUM(B18:M18) -> 23222.197
A19: الربح الحقيقي التشغيلي $ | B19: =IF('01-يناير'!B33="","",'01-يناير'!B33) | C19: =IF('02-فبراير'!B33="","",'02-فبراير'!B33) | D19: =IF('03-مارس'!B33="","",'03-مارس'!B33) | E19: =IF('04-أبريل'!B33="","",'04-أبريل'!B33) | F19: =IF('05-مايو'!B33="","",'05-مايو'!B33) | G19: =IF('06-يونيو'!B33="","",'06-يونيو'!B33) | H19: =IF('07-يوليو'!B33="","",'07-يوليو'!B33) -> 5462.4143 | I19: =IF('08-أغسطس'!B33="","",'08-أغسطس'!B33) -> 8239.9551 | J19: =IF('09-سبتمبر'!B33="","",'09-سبتمبر'!B33) -> 1709.2248 | K19: =IF('10-أكتوبر'!B33="","",'10-أكتوبر'!B33) | L19: =IF('11-نوفمبر'!B33="","",'11-نوفمبر'!B33) | M19: =IF('12-ديسمبر'!B33="","",'12-ديسمبر'!B33) | N19: =SUM(B19:M19) -> 15411.594
A20: هامش الربح الحقيقي % | B20: =IF('01-يناير'!B34="","",'01-يناير'!B34) | C20: =IF('02-فبراير'!B34="","",'02-فبراير'!B34) | D20: =IF('03-مارس'!B34="","",'03-مارس'!B34) | E20: =IF('04-أبريل'!B34="","",'04-أبريل'!B34) | F20: =IF('05-مايو'!B34="","",'05-مايو'!B34) | G20: =IF('06-يونيو'!B34="","",'06-يونيو'!B34) | H20: =IF('07-يوليو'!B34="","",'07-يوليو'!B34) -> 0.38028345 | I20: =IF('08-أغسطس'!B34="","",'08-أغسطس'!B34) -> 0.47803966 | J20: =IF('09-سبتمبر'!B34="","",'09-سبتمبر'!B34) -> 0.13770632 | K20: =IF('10-أكتوبر'!B34="","",'10-أكتوبر'!B34) | L20: =IF('11-نوفمبر'!B34="","",'11-نوفمبر'!B34) | M20: =IF('12-ديسمبر'!B34="","",'12-ديسمبر'!B34) | N20: =IF(SUM(B39:M39)>0,N19/SUM(B39:M39),"") -> 0.350159
A21: أثر تغير الصرف على المخزون $ | B21: =IF('01-يناير'!B35="","",'01-يناير'!B35) | C21: =IF('02-فبراير'!B35="","",'02-فبراير'!B35) | D21: =IF('03-مارس'!B35="","",'03-مارس'!B35) | E21: =IF('04-أبريل'!B35="","",'04-أبريل'!B35) | F21: =IF('05-مايو'!B35="","",'05-مايو'!B35) | G21: =IF('06-يونيو'!B35="","",'06-يونيو'!B35) | H21: =IF('07-يوليو'!B35="","",'07-يوليو'!B35) -> -116.37287 | I21: =IF('08-أغسطس'!B35="","",'08-أغسطس'!B35) -> 102.35687 | J21: =IF('09-سبتمبر'!B35="","",'09-سبتمبر'!B35) -> -609.94439 | K21: =IF('10-أكتوبر'!B35="","",'10-أكتوبر'!B35) | L21: =IF('11-نوفمبر'!B35="","",'11-نوفمبر'!B35) | M21: =IF('12-ديسمبر'!B35="","",'12-ديسمبر'!B35) | N21: =SUM(B21:M21) -> -623.96039
A22: صافي الربح بعد أثر الصرف $ | B22: =IF('01-يناير'!B36="","",'01-يناير'!B36) | C22: =IF('02-فبراير'!B36="","",'02-فبراير'!B36) | D22: =IF('03-مارس'!B36="","",'03-مارس'!B36) | E22: =IF('04-أبريل'!B36="","",'04-أبريل'!B36) | F22: =IF('05-مايو'!B36="","",'05-مايو'!B36) | G22: =IF('06-يونيو'!B36="","",'06-يونيو'!B36) | H22: =IF('07-يوليو'!B36="","",'07-يوليو'!B36) -> 5346.0414 | I22: =IF('08-أغسطس'!B36="","",'08-أغسطس'!B36) -> 8342.312 | J22: =IF('09-سبتمبر'!B36="","",'09-سبتمبر'!B36) -> 1099.2804 | K22: =IF('10-أكتوبر'!B36="","",'10-أكتوبر'!B36) | L22: =IF('11-نوفمبر'!B36="","",'11-نوفمبر'!B36) | M22: =IF('12-ديسمبر'!B36="","",'12-ديسمبر'!B36) | N22: =SUM(B22:M22) -> 14787.634
A23: المخزون والمركز المالي
A24: قيمة المخزون الكلية $ | B24: =IF('01-يناير'!C22="","",'01-يناير'!C22) | C24: =IF('02-فبراير'!C22="","",'02-فبراير'!C22) | D24: =IF('03-مارس'!C22="","",'03-مارس'!C22) | E24: =IF('04-أبريل'!C22="","",'04-أبريل'!C22) | F24: =IF('05-مايو'!C22="","",'05-مايو'!C22) | G24: =IF('06-يونيو'!C22="","",'06-يونيو'!C22) -> 44737.392 | H24: =IF('07-يوليو'!C22="","",'07-يوليو'!C22) -> 48491.027 | I24: =IF('08-أغسطس'!C22="","",'08-أغسطس'!C22) -> 47944.021 | J24: =IF('09-سبتمبر'!C22="","",'09-سبتمبر'!C22) -> 44900.765 | K24: =IF('10-أكتوبر'!C22="","",'10-أكتوبر'!C22) | L24: =IF('11-نوفمبر'!C22="","",'11-نوفمبر'!C22) | M24: =IF('12-ديسمبر'!C22="","",'12-ديسمبر'!C22)
A25: نسبة المخزون المسعّر بالليرة % | B25: =IF('01-يناير'!B44="","",'01-يناير'!B44) | C25: =IF('02-فبراير'!B44="","",'02-فبراير'!B44) | D25: =IF('03-مارس'!B44="","",'03-مارس'!B44) | E25: =IF('04-أبريل'!B44="","",'04-أبريل'!B44) | F25: =IF('05-مايو'!B44="","",'05-مايو'!B44) | G25: =IF('06-يونيو'!B44="","",'06-يونيو'!B44) -> 0.34596545 | H25: =IF('07-يوليو'!B44="","",'07-يوليو'!B44) -> 0.27863108 | I25: =IF('08-أغسطس'!B44="","",'08-أغسطس'!B44) -> 0.29260627 | J25: =IF('09-سبتمبر'!B44="","",'09-سبتمبر'!B44) -> 0.22621564 | K25: =IF('10-أكتوبر'!B44="","",'10-أكتوبر'!B44) | L25: =IF('11-نوفمبر'!B44="","",'11-نوفمبر'!B44) | M25: =IF('12-ديسمبر'!B44="","",'12-ديسمبر'!B44)
A26: الصندوق (إجمالي بالدولار) $ | B26: =IF('01-يناير'!D13="","",'01-يناير'!D13) -> 86.956522 | C26: =IF('02-فبراير'!D13="","",'02-فبراير'!D13) -> 532.41667 | D26: =IF('03-مارس'!D13="","",'03-مارس'!D13) -> 410.33333 | E26: =IF('04-أبريل'!D13="","",'04-أبريل'!D13) -> 409.88 | F26: =IF('05-مايو'!D13="","",'05-مايو'!D13) -> 170 | G26: =IF('06-يونيو'!D13="","",'06-يونيو'!D13) -> 730.24242 | H26: =IF('07-يوليو'!D13="","",'07-يوليو'!D13) -> 652.33083 | I26: =IF('08-أغسطس'!D13="","",'08-أغسطس'!D13) -> 2387.2727 | J26: =IF('09-سبتمبر'!D13="","",'09-سبتمبر'!D13) -> 41.956522 | K26: =IF('10-أكتوبر'!D13="","",'10-أكتوبر'!D13) | L26: =IF('11-نوفمبر'!D13="","",'11-نوفمبر'!D13) | M26: =IF('12-ديسمبر'!D13="","",'12-ديسمبر'!D13)
A27: صافي الديون (لنا − علينا) $ | B27: =IF('01-يناير'!D16="","",'01-يناير'!D16) -> -2658.8696 | C27: =IF('02-فبراير'!D16="","",'02-فبراير'!D16) -> -3351.5 | D27: =IF('03-مارس'!D16="","",'03-مارس'!D16) -> -2520.75 | E27: =IF('04-أبريل'!D16="","",'04-أبريل'!D16) -> 1073 | F27: =IF('05-مايو'!D16="","",'05-مايو'!D16) -> 2765.64 | G27: =IF('06-يونيو'!D16="","",'06-يونيو'!D16) -> 8379.3485 | H27: =IF('07-يوليو'!D16="","",'07-يوليو'!D16) -> 5819.5714 | I27: =IF('08-أغسطس'!D16="","",'08-أغسطس'!D16) -> 19571.848 | J27: =IF('09-سبتمبر'!D16="","",'09-سبتمبر'!D16) -> -42496.246 | K27: =IF('10-أكتوبر'!D16="","",'10-أكتوبر'!D16) | L27: =IF('11-نوفمبر'!D16="","",'11-نوفمبر'!D16) | M27: =IF('12-ديسمبر'!D16="","",'12-ديسمبر'!D16)
A28: صافي المركز المالي $ | B28: =IF('01-يناير'!D17="","",'01-يناير'!D17) -> -2571.913 | C28: =IF('02-فبراير'!D17="","",'02-فبراير'!D17) -> -2819.0833 | D28: =IF('03-مارس'!D17="","",'03-مارس'!D17) -> -2110.4167 | E28: =IF('04-أبريل'!D17="","",'04-أبريل'!D17) -> 1482.88 | F28: =IF('05-مايو'!D17="","",'05-مايو'!D17) -> 2935.64 | G28: =IF('06-يونيو'!D17="","",'06-يونيو'!D17) -> 9109.5909 | H28: =IF('07-يوليو'!D17="","",'07-يوليو'!D17) -> 6471.9023 | I28: =IF('08-أغسطس'!D17="","",'08-أغسطس'!D17) -> 21959.121 | J28: =IF('09-سبتمبر'!D17="","",'09-سبتمبر'!D17) -> -42454.29 | K28: =IF('10-أكتوبر'!D17="","",'10-أكتوبر'!D17) | L28: =IF('11-نوفمبر'!D17="","",'11-نوفمبر'!D17) | M28: =IF('12-ديسمبر'!D17="","",'12-ديسمبر'!D17)
A29: النمو والنسب
A30: نمو المبيعات % عن الشهر السابق | B30: =IF('01-يناير'!E26="","",'01-يناير'!E26) | C30: =IF('02-فبراير'!E26="","",'02-فبراير'!E26) -> -0.29201177 | D30: =IF('03-مارس'!E26="","",'03-مارس'!E26) -> 0.20013886 | E30: =IF('04-أبريل'!E26="","",'04-أبريل'!E26) -> 0.51762905 | F30: =IF('05-مايو'!E26="","",'05-مايو'!E26) -> -0.02013906 | G30: =IF('06-يونيو'!E26="","",'06-يونيو'!E26) -> 0.14461499 | H30: =IF('07-يوليو'!E26="","",'07-يوليو'!E26) -> -0.039602105 | I30: =IF('08-أغسطس'!E26="","",'08-أغسطس'!E26) -> 0.20000679 | J30: =IF('09-سبتمبر'!E26="","",'09-سبتمبر'!E26) -> -0.27991395 | K30: =IF('10-أكتوبر'!E26="","",'10-أكتوبر'!E26) | L30: =IF('11-نوفمبر'!E26="","",'11-نوفمبر'!E26) | M30: =IF('12-ديسمبر'!E26="","",'12-ديسمبر'!E26)
A31: تغير الربح الحقيقي % عن الشهر السابق | B31: =IF('01-يناير'!E33="","",'01-يناير'!E33) | C31: =IF('02-فبراير'!E33="","",'02-فبراير'!E33) | D31: =IF('03-مارس'!E33="","",'03-مارس'!E33) | E31: =IF('04-أبريل'!E33="","",'04-أبريل'!E33) | F31: =IF('05-مايو'!E33="","",'05-مايو'!E33) | G31: =IF('06-يونيو'!E33="","",'06-يونيو'!E33) | H31: =IF('07-يوليو'!E33="","",'07-يوليو'!E33) | I31: =IF('08-أغسطس'!E33="","",'08-أغسطس'!E33) -> 0.50848227 | J31: =IF('09-سبتمبر'!E33="","",'09-سبتمبر'!E33) -> -0.79256867 | K31: =IF('10-أكتوبر'!E33="","",'10-أكتوبر'!E33) | L31: =IF('11-نوفمبر'!E33="","",'11-نوفمبر'!E33) | M31: =IF('12-ديسمبر'!E33="","",'12-ديسمبر'!E33)
A32: تغير المصاريف % عن الشهر السابق | B32: =IF('01-يناير'!E32="","",'01-يناير'!E32) | C32: =IF('02-فبراير'!E32="","",'02-فبراير'!E32) -> -0.086683114 | D32: =IF('03-مارس'!E32="","",'03-مارس'!E32) -> 0.027281513 | E32: =IF('04-أبريل'!E32="","",'04-أبريل'!E32) -> -0.0098604951 | F32: =IF('05-مايو'!E32="","",'05-مايو'!E32) -> -0.32240494 | G32: =IF('06-يونيو'!E32="","",'06-يونيو'!E32) -> 0.17974213 | H32: =IF('07-يوليو'!E32="","",'07-يوليو'!E32) -> -0.10559951 | I32: =IF('08-أغسطس'!E32="","",'08-أغسطس'!E32) -> 0.11171608 | J32: =IF('09-سبتمبر'!E32="","",'09-سبتمبر'!E32) -> 0.301656 | K32: =IF('10-أكتوبر'!E32="","",'10-أكتوبر'!E32) | L32: =IF('11-نوفمبر'!E32="","",'11-نوفمبر'!E32) | M32: =IF('12-ديسمبر'!E32="","",'12-ديسمبر'!E32)
A33: تغير قيمة المخزون % عن الشهر السابق | C33: =IF(AND(ISNUMBER(C24),ISNUMBER(B24)),IF(B24<>0,C24/B24-1,""),"") | D33: =IF(AND(ISNUMBER(D24),ISNUMBER(C24)),IF(C24<>0,D24/C24-1,""),"") | E33: =IF(AND(ISNUMBER(E24),ISNUMBER(D24)),IF(D24<>0,E24/D24-1,""),"") | F33: =IF(AND(ISNUMBER(F24),ISNUMBER(E24)),IF(E24<>0,F24/E24-1,""),"") | G33: =IF(AND(ISNUMBER(G24),ISNUMBER(F24)),IF(F24<>0,G24/F24-1,""),"") | H33: =IF(AND(ISNUMBER(H24),ISNUMBER(G24)),IF(G24<>0,H24/G24-1,""),"") -> 0.08390376 | I33: =IF(AND(ISNUMBER(I24),ISNUMBER(H24)),IF(H24<>0,I24/H24-1,""),"") -> -0.011280565 | J33: =IF(AND(ISNUMBER(J24),ISNUMBER(I24)),IF(I24<>0,J24/I24-1,""),"") -> -0.063475189 | ... M33: =IF(AND(ISNUMBER(M24),ISNUMBER(L24)),IF(L24<>0,M24/L24-1,""),"")
A34: نسبة المصاريف من المبيعات % | B34: =IF('01-يناير'!B41="","",'01-يناير'!B41) -> 0.31952643 | C34: =IF('02-فبراير'!B41="","",'02-فبراير'!B41) -> 0.41219454 | D34: =IF('03-مارس'!B41="","",'03-مارس'!B41) -> 0.3528257 | E34: =IF('04-أبريل'!B41="","",'04-أبريل'!B41) -> 0.23019239 | F34: =IF('05-مايو'!B41="","",'05-مايو'!B41) -> 0.15918302 | G34: =IF('06-يونيو'!B41="","",'06-يونيو'!B41) -> 0.1640682 | H34: =IF('07-يوليو'!B41="","",'07-يوليو'!B41) -> 0.15279363 | I34: =IF('08-أغسطس'!B41="","",'08-أغسطس'!B41) -> 0.14155181 | J34: =IF('09-سبتمبر'!B41="","",'09-سبتمبر'!B41) -> 0.25587464 | K34: =IF('10-أكتوبر'!B41="","",'10-أكتوبر'!B41) | L34: =IF('11-نوفمبر'!B41="","",'11-نوفمبر'!B41) | M34: =IF('12-ديسمبر'!B41="","",'12-ديسمبر'!B41) | N34: =IF(N11>0,N13/N11,"") -> 0.22211012
A35: نسبة تكلفة المبيعات من المبيعات % | B35: =IF('01-يناير'!B42="","",'01-يناير'!B42) | C35: =IF('02-فبراير'!B42="","",'02-فبراير'!B42) | D35: =IF('03-مارس'!B42="","",'03-مارس'!B42) | E35: =IF('04-أبريل'!B42="","",'04-أبريل'!B42) | F35: =IF('05-مايو'!B42="","",'05-مايو'!B42) | G35: =IF('06-يونيو'!B42="","",'06-يونيو'!B42) | H35: =IF('07-يوليو'!B42="","",'07-يوليو'!B42) -> 0.46692293 | I35: =IF('08-أغسطس'!B42="","",'08-أغسطس'!B42) -> 0.38040853 | J35: =IF('09-سبتمبر'!B42="","",'09-سبتمبر'!B42) -> 0.60641904 | K35: =IF('10-أكتوبر'!B42="","",'10-أكتوبر'!B42) | L35: =IF('11-نوفمبر'!B42="","",'11-نوفمبر'!B42) | M35: =IF('12-ديسمبر'!B42="","",'12-ديسمبر'!B42)
A36: حالة البيانات
A37: حالة الشهر | B37: =IF('01-يناير'!H6="","",'01-يناير'!H6) -> ℹ ربح تقديري فقط | C37: =IF('02-فبراير'!H6="","",'02-فبراير'!H6) -> ℹ ربح تقديري فقط | D37: =IF('03-مارس'!H6="","",'03-مارس'!H6) -> ℹ ربح تقديري فقط | E37: =IF('04-أبريل'!H6="","",'04-أبريل'!H6) -> ℹ ربح تقديري فقط | F37: =IF('05-مايو'!H6="","",'05-مايو'!H6) -> ℹ ربح تقديري فقط | G37: =IF('06-يونيو'!H6="","",'06-يونيو'!H6) -> ℹ ربح تقديري فقط | H37: =IF('07-يوليو'!H6="","",'07-يوليو'!H6) -> ✅ جاهز — ربح حقيقي | I37: =IF('08-أغسطس'!H6="","",'08-أغسطس'!H6) -> ✅ جاهز — ربح حقيقي | J37: =IF('09-سبتمبر'!H6="","",'09-سبتمبر'!H6) -> ✅ جاهز — ربح حقيقي | K37: =IF('10-أكتوبر'!H6="","",'10-أكتوبر'!H6) -> لا بيانات | L37: =IF('11-نوفمبر'!H6="","",'11-نوفمبر'!H6) -> لا بيانات | M37: =IF('12-ديسمبر'!H6="","",'12-ديسمبر'!H6) -> لا بيانات
A38: عدد التنبيهات | B38: ='01-يناير'!H13 -> 0 | C38: ='02-فبراير'!H13 -> 0 | D38: ='03-مارس'!H13 -> 0 | E38: ='04-أبريل'!H13 -> 0 | F38: ='05-مايو'!H13 -> 0 | G38: ='06-يونيو'!H13 -> 0 | H38: ='07-يوليو'!H13 -> 0 | I38: ='08-أغسطس'!H13 -> 0 | J38: ='09-سبتمبر'!H13 -> 0 | K38: ='10-أكتوبر'!H13 -> 0 | L38: ='11-نوفمبر'!H13 -> 0 | M38: ='12-ديسمبر'!H13 -> 0
A39: مساعد: مبيعات الأشهر التي لها ربح حقيقي | B39: =IF(ISNUMBER(B19),B11,"") | C39: =IF(ISNUMBER(C19),C11,"") | D39: =IF(ISNUMBER(D19),D11,"") | E39: =IF(ISNUMBER(E19),E11,"") | F39: =IF(ISNUMBER(F19),F11,"") | G39: =IF(ISNUMBER(G19),G11,"") | H39: =IF(ISNUMBER(H19),H11,"") -> 14364.06 | I39: =IF(ISNUMBER(I19),I11,"") -> 17236.97 | ... M39: =IF(ISNUMBER(M19),M11,"")
A40: مساعد: رقم الشهر إن وُجدت مبيعاته | B40: =IF(ISNUMBER(B7),B$4,0) -> 1 | C40: =IF(ISNUMBER(C7),C$4,0) -> 2 | D40: =IF(ISNUMBER(D7),D$4,0) -> 3 | E40: =IF(ISNUMBER(E7),E$4,0) -> 4 | F40: =IF(ISNUMBER(F7),F$4,0) -> 5 | G40: =IF(ISNUMBER(G7),G$4,0) -> 6 | H40: =IF(ISNUMBER(H7),H$4,0) -> 7 | I40: =IF(ISNUMBER(I7),I$4,0) -> 8 | ... M40: =IF(ISNUMBER(M7),M$4,0) -> 0
A42: مقارنة شهرين من اختيارك (اختر من القائمة)
A43: الشهر الأول | B43: =IF(MAX(B40:M40)>1,INDEX($B$5:$M$5,MAX(B40:M40)-1),INDEX($B$5:$M$5,1)) -> أغسطس | D43: الشهر الثاني | F43: =INDEX($B$5:$M$5,MAX(1,MAX(B40:M40))) -> سبتمبر | I43: رقم1 | J43: =IFERROR(MATCH($B$43,$B$5:$M$5,0),1) -> 8 | K43: رقم2 | L43: =IFERROR(MATCH($F$43,$B$5:$M$5,0),1) -> 9
A44: المؤشر | B44: الشهر الأول | D44: الشهر الثاني | F44: الفرق | H44: الفرق %
A45: المبيعات $ | B45: =INDEX($B$11:$M$11,$J$43) -> 17236.97 | D45: =INDEX($B$11:$M$11,$L$43) -> 12412.101 | F45: =IF(AND(ISNUMBER(B45),ISNUMBER(D45)),D45-B45,"") -> -4824.8682 | H45: =IF(AND(ISNUMBER(B45),ISNUMBER(D45)),IF(B45<>0,(D45-B45)/ABS(B45),""),"") -> -0.27991395
A46: المشتريات $ | B46: =INDEX($B$12:$M$12,$J$43) -> 5907.7273 | D46: =INDEX($B$12:$M$12,$L$43) -> 5093.6232 | F46: =IF(AND(ISNUMBER(B46),ISNUMBER(D46)),D46-B46,"") -> -814.10408 | H46: =IF(AND(ISNUMBER(B46),ISNUMBER(D46)),IF(B46<>0,(D46-B46)/ABS(B46),""),"") -> -0.13780326
A47: المصاريف $ | B47: =INDEX($B$13:$M$13,$J$43) -> 2439.9242 | D47: =INDEX($B$13:$M$13,$L$43) -> 3175.942 | F47: =IF(AND(ISNUMBER(B47),ISNUMBER(D47)),D47-B47,"") -> 736.01779 | H47: =IF(AND(ISNUMBER(B47),ISNUMBER(D47)),IF(B47<>0,(D47-B47)/ABS(B47),""),"") -> 0.301656
A48: تكلفة المبيعات $ | B48: =INDEX($B$17:$M$17,$J$43) -> 6557.0904 | D48: =INDEX($B$17:$M$17,$L$43) -> 7526.9346 | F48: =IF(AND(ISNUMBER(B48),ISNUMBER(D48)),D48-B48,"") -> 969.84424 | H48: =IF(AND(ISNUMBER(B48),ISNUMBER(D48)),IF(B48<>0,(D48-B48)/ABS(B48),""),"") -> 0.14790771
A49: الربح الحقيقي التشغيلي $ | B49: =INDEX($B$19:$M$19,$J$43) -> 8239.9551 | D49: =INDEX($B$19:$M$19,$L$43) -> 1709.2248 | F49: =IF(AND(ISNUMBER(B49),ISNUMBER(D49)),D49-B49,"") -> -6530.7303 | H49: =IF(AND(ISNUMBER(B49),ISNUMBER(D49)),IF(B49<>0,(D49-B49)/ABS(B49),""),"") -> -0.79256867
A50: هامش الربح الحقيقي % | B50: =INDEX($B$20:$M$20,$J$43) -> 0.47803966 | D50: =INDEX($B$20:$M$20,$L$43) -> 0.13770632 | F50: =IF(AND(ISNUMBER(B50),ISNUMBER(D50)),D50-B50,"") -> -0.34033334
A51: أثر تغير الصرف على المخزون $ | B51: =INDEX($B$21:$M$21,$J$43) -> 102.35687 | D51: =INDEX($B$21:$M$21,$L$43) -> -609.94439 | F51: =IF(AND(ISNUMBER(B51),ISNUMBER(D51)),D51-B51,"") -> -712.30127 | H51: =IF(AND(ISNUMBER(B51),ISNUMBER(D51)),IF(B51<>0,(D51-B51)/ABS(B51),""),"") -> -6.9589979
A52: صافي الربح بعد أثر الصرف $ | B52: =INDEX($B$22:$M$22,$J$43) -> 8342.312 | D52: =INDEX($B$22:$M$22,$L$43) -> 1099.2804 | F52: =IF(AND(ISNUMBER(B52),ISNUMBER(D52)),D52-B52,"") -> -7243.0315 | H52: =IF(AND(ISNUMBER(B52),ISNUMBER(D52)),IF(B52<>0,(D52-B52)/ABS(B52),""),"") -> -0.86822832
A53: قيمة المخزون الكلية $ | B53: =INDEX($B$24:$M$24,$J$43) -> 47944.021 | D53: =INDEX($B$24:$M$24,$L$43) -> 44900.765 | F53: =IF(AND(ISNUMBER(B53),ISNUMBER(D53)),D53-B53,"") -> -3043.2558 | H53: =IF(AND(ISNUMBER(B53),ISNUMBER(D53)),IF(B53<>0,(D53-B53)/ABS(B53),""),"") -> -0.063475189
A54: الصندوق (إجمالي بالدولار) $ | B54: =INDEX($B$26:$M$26,$J$43) -> 2387.2727 | D54: =INDEX($B$26:$M$26,$L$43) -> 41.956522 | F54: =IF(AND(ISNUMBER(B54),ISNUMBER(D54)),D54-B54,"") -> -2345.3162 | H54: =IF(AND(ISNUMBER(B54),ISNUMBER(D54)),IF(B54<>0,(D54-B54)/ABS(B54),""),"") -> -0.98242491
A55: صافي الديون (لنا − علينا) $ | B55: =INDEX($B$27:$M$27,$J$43) -> 19571.848 | D55: =INDEX($B$27:$M$27,$L$43) -> -42496.246 | F55: =IF(AND(ISNUMBER(B55),ISNUMBER(D55)),D55-B55,"") -> -62068.095 | H55: =IF(AND(ISNUMBER(B55),ISNUMBER(D55)),IF(B55<>0,(D55-B55)/ABS(B55),""),"") -> -3.1712945
A56: صافي المركز المالي $ | B56: =INDEX($B$28:$M$28,$J$43) -> 21959.121 | D56: =INDEX($B$28:$M$28,$L$43) -> -42454.29 | F56: =IF(AND(ISNUMBER(B56),ISNUMBER(D56)),D56-B56,"") -> -64413.411 | H56: =IF(AND(ISNUMBER(B56),ISNUMBER(D56)),IF(B56<>0,(D56-B56)/ABS(B56),""),"") -> -2.9333328
A58: الرسوم البيانية

Sheet دليل الاستخدام
A1: دليل الاستخدام
B3: الإجراء الشهري
B4: 1) في ملف المستودع: الصق تصدير الأصناف في ورقة الشهر، وأدخل سعر الصرف، وصحّح الأخطاء حتى يظهر ✓ في الخلية K1.
B5: 2) في ملف المستودع افتح ورقة «تصدير للتقارير» وانسخ صف الشهر (الخلايا الخمس A:E).
B6: 3) في هذا الملف افتح صفحة الشهر، حدد الخلايا A21:E21 والصق «كقيم» (Ctrl+Alt+V ثم V) كي لا تُنشأ روابط بين الملفين.
B7: 4) في صفحة الشهر أدخل المبيعات والمشتريات والمصاريف والصندوق والديون بالليرة والدولار (الخلايا الصفراء).
B8: 5) في «لوحة التحكم» أدخل سعر صرف الشهر. راجع الشريط الملوّن في أعلى صفحة الشهر: أخضر ✓ = مكتمل، أحمر ⚠ = تنبيه يحتاج معالجة.
B9: 6) اطبع صفحة الشهر مباشرة (A4 عمودي، ورقة واحدة) واطبع «المقارنة» عند الحاجة (A4 أفقي).
B10: كيف يُحسب الربح الحقيقي
B11: • تكلفة المبيعات = مخزون أول الشهر + مشتريات الشهر − مخزون آخر الشهر. المخزون بسعر الشراء بالدولار من ملف المستودع.
B12: • الربح الحقيقي التشغيلي = المبيعات − تكلفة المبيعات − المصاريف. كل المبالغ بالليرة تُقسم على سعر صرف الشهر.
B13: • الأصناف المسعّرة بالليرة تتغير قيمتها بالدولار عند تغير الصرف دون أي بيع أو شراء. هذا الأثر يُعزل في سطر «أثر تغير الصرف» ولا يدخل في الربح التشغيلي، ويظهر «صافي الربح بعد أثر الصرف» لمن يريد الصورة الكاملة.
B14: • الربح الحقيقي يحتاج مخزون الشهر والشهر السابق وسعر صرف الشهرين؛ لذلك يبدأ من تموز (أول بيانات مستودع في حزيران). الأشهر قبل ذلك تعرض ربحًا تقديريًا فقط (مبيعات − مشتريات − مصاريف).
... B19: • جرد المستودع والأرشيف وتقرير السيولة وكل ما يعتمد عليها حُذفت من هذا الملف، وبقيت بيانات الصندوق والديون في صفحة كل شهر.
