Workbook

Sheet لوحة التحكم
B1: لوحة تحكم المستودع — 2026
B2: كل المبالغ بالدولار الأمريكي (USD) · الخلايا الصفراء بخط أزرق = خلايا الإدخال · غيرها معادلات
B3: =IF($K$10="جاهز","✓ بيانات شهر "&INDEX($B$16:$B$27,$D$6)&" جاهزة · كل المبالغ بالدولار",IF($K$10="لا بيانات","⚠ لا توجد بيانات في ورقة "&INDEX($B$16:$B$27,$D$6)&" — الصق الجدول في الخلية A1 من ورقة الشهر",IF($K$10="أدخل سعر الصرف","⚠ أدخل سعر صرف شهر "&INDEX($B$16:$B$27,$D$6)&" في الخلية الصفراء بجدول أسعار الصرف أدناه","⚠ الملف تجاوز 500 صنفًا — راجع التعليمات في ورقة اقرأني"))) -> ✓ بيانات شهر أيلول جاهزة · كل المبالغ بالدولار
B4: =IF(IF(N('الملخص الشهري'!B45)>0," • كانون الثاني ("&'الملخص الشهري'!B45&" صنف)","")&IF(N('الملخص الشهري'!C45)>0," • شباط ("&'الملخص الشهري'!C45&" صنف)","")&IF(N('الملخص الشهري'!D45)>0," • آذار ("&'الملخص الشهري'!D45&" صنف)","")&IF(N('الملخص الشهري'!E45)>0," • نيسان ("&'الملخص الشهري'!E45&" صنف)","")&IF(N('الملخص الشهري'!F45)>0," • أيار ("&'الملخص الشهري'!F45&" صنف)","")&IF(N('الملخص الشهري'!G45)>0," • حزيران ("&'الملخص الشهري'!G45&" صنف)","")&IF(N('الملخص الشهري'!H45)>0," • تموز ("&'الملخص الشهري'!H45&" صنف)","")&IF(N('الملخص الشهري'!I45)>0," • آب ("&'الملخص الشهري'!I45&" صنف)","")&IF(N('الملخص الشهري'!J45)>0," • أيلول ("&'الملخص الشهري'!J45&" صنف)","")&IF(N('الملخص الشهري'!K45)>0," • تشرين الأول ("&'الملخص الشهري'!K45&" صنف)","")&IF(N('الملخص الشهري'!L45)>0," • تشرين الثاني ("&'الملخص الشهري'!L45&" صنف)","")&IF(N('الملخص الشهري'!M45)>0," • كانون الأول ("&'الملخص الشهري'!M45&" صنف)","")="","✓ لا أخطاء في بيانات أي شهر","⚠ أخطاء في بيانات:"&IF(N('الملخص الشهري'!B45)>0," • كانون الثاني ("&'الملخص الشهري'!B45&" صنف)","")&IF(N('الملخص الشهري'!C45)>0," • شباط ("&'الملخص الشهري'!C45&" صنف)","")&IF(N('الملخص الشهري'!D45)>0," • آذار ("&'الملخص الشهري'!D45&" صنف)","")&IF(N('الملخص الشهري'!E45)>0," • نيسان ("&'الملخص الشهري'!E45&" صنف)","")&IF(N('الملخص الشهري'!F45)>0," • أيار ("&'الملخص الشهري'!F45&" صنف)","")&IF(N('الملخص الشهري'!G45)>0," • حزيران ("&'الملخص الشهري'!G45&" صنف)","")&IF(N('الملخص الشهري'!H45)>0," • تموز ("&'الملخص الشهري'!H45&" صنف)","")&IF(N('الملخص الشهري'!I45)>0," • آب ("&'الملخص الشهري'!I45&" صنف)","")&IF(N('الملخص الشهري'!J45)>0," • أيلول ("&'الملخص الشهري'!J45&" صنف)","")&IF(N('الملخص الشهري'!K45)>0," • تشرين الأول ("&'الملخص الشهري'!K45&" صنف)","")&IF(N('الملخص الشهري'!L45)>0," • تشرين الثاني ("&'الملخص الشهري'!L45&" صنف)","")&IF(N('الملخص الشهري'!M45)>0," • كانون الأول ("&'الملخص الشهري'!M45&" صنف)","")&" — التفاصيل في ورقة فحص الأخطاء وفي عمود الملاحظات بورقة الشهر") -> ✓ لا أخطاء في بيانات أي شهر
B5: ⚙ الإعدادات | K5: ورقة الشهر المعروض
B6: الشهر المعروض | C6: آخر شهر متوفر | D6: =IFERROR(IF($C$6="آخر شهر متوفر",MAX(1,SUMPRODUCT(MAX(($D$16:$D$27>0)*$G$16:$G$27))),MATCH($C$6,$B$16:$B$27,0)),1) -> 9 | E6: يتحكم بالمقارنة وفحص الأخطاء وبقية اللوحة (اتركه «آخر شهر متوفر» ليتبع آخر شهر فيه بيانات) | K6: =INDEX($F$16:$F$27,$D$6) -> 09-أيلول
B7: سعر البيع المعتمد لحساب الربح | C7: سعر الجملة | D7: =IF($C$7="القطاعي",2,IF($C$7="جملة الجملة",3,1)) -> 1 | E7: الاختيارات: سعر الجملة / القطاعي / جملة الجملة | K7: جاهز؟
B8: الفئة الفرعية المتوقع لها سعر بيع | C8: مواد جاهزة للبيع | E8: الأصناف في هذه الفئة بكمية وسعر بيع صفر تُسجَّل كخطأ؛ المواد الخام والطبخات لا يُتوقع لها سعر بيع | K8: =INDEX('الملخص الشهري'!$B$8:$M$8,$D$6) -> 1
B9: حد الشك بأسعار الليرة (أقل من) | C9: 50 | E9: صنف عملته ليرة وسعره أقل من هذا الرقم غالبًا أُدخل بالدولار خطأ | K9: الحالة
B10: حد الشك بأسعار الدولار (أكبر من) | C10: 5000 | E10: صنف عملته دولار وسعره أكبر من هذا الرقم غالبًا أُدخل بالليرة خطأ | K10: =INDEX('الملخص الشهري'!$B$7:$M$7,$D$6) -> جاهز
B11: أعلى نسبة مقبولة بين أسعار البيع | C11: 1.5 | E11: إذا كان أعلى سعر بيع أكبر من الأدنى بأكثر من هذه النسبة يُسجَّل «تباين» | K11: فيه بيانات؟
B12: نسبة تغير سعر الشراء المهمة | C12: 0.1 | E12: تُستخدم لعدّ الأصناف التي ارتفع/انخفض سعر شرائها مقارنة بالشهر السابق | K12: =IF(AND(INDEX('الملخص الشهري'!$B$5:$M$5,$D$6)>0,INDEX('الملخص الشهري'!$B$5:$M$5,$D$6)<=500),1,0) -> 1
K13: فهرس أعلى قيمة | L13: فهرس أعلى ربح
B14: 💱 أسعار الصرف الشهرية (ليرة سورية مقابل 1 دولار) — أدخل سعر كل شهر
B15: الشهر | C15: سعر الصرف | D15: عدد الأصناف الملصوقة | E15: الحالة | F15: اسم الورقة | G15: رقم الشهر | H15: أصناف بها أخطاء
B16: كانون الثاني | D16: ='الملخص الشهري'!B5 -> 0 | E16: ='الملخص الشهري'!B7 -> لا بيانات | F16: 01-كانون الثاني | G16: 1 | H16: =IF(N('الملخص الشهري'!B45)>0,'الملخص الشهري'!B45,"")
B17: شباط | D17: ='الملخص الشهري'!C5 -> 0 | E17: ='الملخص الشهري'!C7 -> لا بيانات | F17: 02-شباط | G17: 2 | H17: =IF(N('الملخص الشهري'!C45)>0,'الملخص الشهري'!C45,"")
B18: آذار | D18: ='الملخص الشهري'!D5 -> 0 | E18: ='الملخص الشهري'!D7 -> لا بيانات | F18: 03-آذار | G18: 3 | H18: =IF(N('الملخص الشهري'!D45)>0,'الملخص الشهري'!D45,"")
B19: نيسان | D19: ='الملخص الشهري'!E5 -> 0 | E19: ='الملخص الشهري'!E7 -> لا بيانات | F19: 04-نيسان | G19: 4 | H19: =IF(N('الملخص الشهري'!E45)>0,'الملخص الشهري'!E45,"")
B20: أيار | D20: ='الملخص الشهري'!F5 -> 0 | E20: ='الملخص الشهري'!F7 -> لا بيانات | F20: 05-أيار | G20: 5 | H20: =IF(N('الملخص الشهري'!F45)>0,'الملخص الشهري'!F45,"")
B21: حزيران | C21: 13200 | D21: ='الملخص الشهري'!G5 -> 236 | E21: ='الملخص الشهري'!G7 -> جاهز | F21: 06-حزيران | G21: 6 | H21: =IF(N('الملخص الشهري'!G45)>0,'الملخص الشهري'!G45,"")
B22: تموز | C22: 13300 | D22: ='الملخص الشهري'!H5 -> 239 | E22: ='الملخص الشهري'!H7 -> جاهز | F22: 07-تموز | G22: 7 | H22: =IF(N('الملخص الشهري'!H45)>0,'الملخص الشهري'!H45,"")
B23: آب | C23: 13200 | D23: ='الملخص الشهري'!I5 -> 261 | E23: ='الملخص الشهري'!I7 -> جاهز | F23: 08-آب | G23: 8 | H23: =IF(N('الملخص الشهري'!I45)>0,'الملخص الشهري'!I45,"")
B24: أيلول | C24: 13800 | D24: ='الملخص الشهري'!J5 -> 268 | E24: ='الملخص الشهري'!J7 -> جاهز | F24: 09-أيلول | G24: 9 | H24: =IF(N('الملخص الشهري'!J45)>0,'الملخص الشهري'!J45,"")
B25: تشرين الأول | D25: ='الملخص الشهري'!K5 -> 0 | E25: ='الملخص الشهري'!K7 -> لا بيانات | F25: 10-تشرين الأول | G25: 10 | H25: =IF(N('الملخص الشهري'!K45)>0,'الملخص الشهري'!K45,"")
B26: تشرين الثاني | D26: ='الملخص الشهري'!L5 -> 0 | E26: ='الملخص الشهري'!L7 -> لا بيانات | F26: 11-تشرين الثاني | G26: 11 | H26: =IF(N('الملخص الشهري'!L45)>0,'الملخص الشهري'!L45,"")
B27: كانون الأول | D27: ='الملخص الشهري'!M5 -> 0 | E27: ='الملخص الشهري'!M7 -> لا بيانات | F27: 12-كانون الأول | G27: 12 | H27: =IF(N('الملخص الشهري'!M45)>0,'الملخص الشهري'!M45,"")
B29: 📊 ملخص الشهر المعروض
B30: ="الشهر: "&INDEX($B$16:$B$27,$D$6)&" 2026" -> الشهر: أيلول 2026
B31: قيمة المستودع (بسعر الشراء) | D31: القيمة البيعية المتوقعة | F31: الربح المتوقع | H31: هامش الربح من المبيع
B32: =IFERROR(INDEX('الملخص الشهري'!$B$11:$M$11,$D$6),"") -> 44900.767 | D32: =IFERROR(INDEX('الملخص الشهري'!$B$12:$M$12,$D$6),"") -> 18699.77 | F32: =IFERROR(INDEX('الملخص الشهري'!$B$14:$M$14,$D$6),"") -> 7284.6252 | H32: =IFERROR(INDEX('الملخص الشهري'!$B$15:$M$15,$D$6),"") -> 0.38955693
B33: =IF(ISNUMBER(IFERROR(INDEX('الملخص الشهري'!$B$28:$M$28,$D$6),"")),IF(IFERROR(INDEX('الملخص الشهري'!$B$28:$M$28,$D$6),"")>=0,"▲ ","▼ ")&TEXT(ABS(IFERROR(INDEX('الملخص الشهري'!$B$28:$M$28,$D$6),"")),"0.0%")&" عن الشهر السابق","—") -> ▼ 6.3% عن الشهر السابق | D33: =IF(ISNUMBER(IFERROR(INDEX('الملخص الشهري'!$B$18:$M$18,$D$6),"")),"+ "&TEXT(IFERROR(INDEX('الملخص الشهري'!$B$18:$M$18,$D$6),""),"#,##0")&"$ أصناف بلا سعر شراء","—") -> + 0$ أصناف بلا سعر شراء | F33: =IF(ISNUMBER(IFERROR(INDEX('الملخص الشهري'!$B$29:$M$29,$D$6),"")),IF(IFERROR(INDEX('الملخص الشهري'!$B$29:$M$29,$D$6),"")>=0,"▲ ","▼ ")&TEXT(ABS(IFERROR(INDEX('الملخص الشهري'!$B$29:$M$29,$D$6),"")),"#,##0")&"$ عن الشهر السابق","—") -> ▼ 1,859$ عن الشهر السابق | H33: =IF(ISNUMBER(IFERROR(INDEX('الملخص الشهري'!$B$16:$M$16,$D$6),"")),"نسبة الربح على التكلفة: "&TEXT(IFERROR(INDEX('الملخص الشهري'!$B$16:$M$16,$D$6),""),"0.0%"),"—") -> نسبة الربح على التكلفة: 63.8%
B35: التوزيع حسب الفئة الفرعية والعملة
B36: الفئة الفرعية | C36: قيمة المخزون $ | D36: % من الإجمالي | E36: الربح المتوقع $ | F36: العملة | G36: قيمة المخزون $ | H36: % من المخزون
B37: ='الملخص الشهري'!A47 -> مواد جاهزة للبيع | C37: =IFERROR(INDEX('الملخص الشهري'!$B$47:$M$47,$D$6),"") -> 9961.3769 | D37: =IF(AND(ISNUMBER(C37),N($B$32)>0),C37/$B$32,"") -> 0.22185316 | E37: =IFERROR(INDEX('الملخص الشهري'!$B$53:$M$53,$D$6),"") -> 6503.0826 | F37: مسعّر بالليرة | G37: =IFERROR(INDEX('الملخص الشهري'!$B$23:$M$23,$D$6),"") -> 10157.255 | H37: =IFERROR(INDEX('الملخص الشهري'!$B$25:$M$25,$D$6),"") -> 0.22621563
B38: ='الملخص الشهري'!A48 -> مواد خام | C38: =IFERROR(INDEX('الملخص الشهري'!$B$48:$M$48,$D$6),"") -> 34922.59 | D38: =IF(AND(ISNUMBER(C38),N($B$32)>0),C38/$B$32,"") -> 0.77777268 | E38: =IFERROR(INDEX('الملخص الشهري'!$B$54:$M$54,$D$6),"") -> 781.54255 | F38: مسعّر بالدولار | G38: =IFERROR(INDEX('الملخص الشهري'!$B$24:$M$24,$D$6),"") -> 34743.512 | H38: =IF(ISNUMBER(H37),1-H37,"") -> 0.77378437
B39: ='الملخص الشهري'!A49 -> الطبخات | C39: =IFERROR(INDEX('الملخص الشهري'!$B$49:$M$49,$D$6),"") -> 16.8 | D39: =IF(AND(ISNUMBER(C39),N($B$32)>0),C39/$B$32,"") -> 0.00037415842 | E39: =IFERROR(INDEX('الملخص الشهري'!$B$55:$M$55,$D$6),"") -> 0
B40: ='الملخص الشهري'!A50 -> All | C40: =IFERROR(INDEX('الملخص الشهري'!$B$50:$M$50,$D$6),"") -> 0 | D40: =IF(AND(ISNUMBER(C40),N($B$32)>0),C40/$B$32,"") -> 0 | E40: =IFERROR(INDEX('الملخص الشهري'!$B$56:$M$56,$D$6),"") -> 0 | F40: نسبة الليرة العالية تعني أن جزءًا كبيرًا من قيمة المخزون بالدولار يتأثر بتغير سعر الصرف.
B41: ='الملخص الشهري'!A51 -> أخرى / غير مدرجة | C41: =IFERROR(INDEX('الملخص الشهري'!$B$51:$M$51,$D$6),"") -> -7.2759576e-12 | D41: =IF(AND(ISNUMBER(C41),N($B$32)>0),C41/$B$32,"") -> -1.6204529e-16 | E41: =IFERROR(INDEX('الملخص الشهري'!$B$57:$M$57,$D$6),"") -> -5.4569682e-12
B43: المقارنة بالشهر السابق | جودة البيانات (تفاصيلها في ورقة فحص الأخطاء)
B44: المقارنة بالشهر السابق | C44: القيمة | F44: جودة البيانات | G44: عدد الأصناف
B45: تغير قيمة المستودع $ | C45: =IFERROR(INDEX('الملخص الشهري'!$B$27:$M$27,$D$6),"") -> -3043.2541 | F45: كمية سالبة | G45: =IFERROR(INDEX('الملخص الشهري'!$B$37:$M$37,$D$6),"") -> 0
B46: تغير قيمة المستودع % | C46: =IFERROR(INDEX('الملخص الشهري'!$B$28:$M$28,$D$6),"") -> -0.063475153 | F46: كمية موجبة وسعر شراء صفر | G46: =IFERROR(INDEX('الملخص الشهري'!$B$38:$M$38,$D$6),"") -> 0
B47: تغير الربح المتوقع $ | C47: =IFERROR(INDEX('الملخص الشهري'!$B$29:$M$29,$D$6),"") -> -1858.9919 | F47: صنف للبيع بلا سعر بيع | G47: =IFERROR(INDEX('الملخص الشهري'!$B$39:$M$39,$D$6),"") -> 0
B48: أصناف جديدة | C48: =IFERROR(INDEX('الملخص الشهري'!$B$30:$M$30,$D$6),"") -> 8 | F48: سعر البيع أقل من الشراء | G48: =IFERROR(INDEX('الملخص الشهري'!$B$40:$M$40,$D$6),"") -> 0
B49: أصناف محذوفة | C49: =IFERROR(INDEX('الملخص الشهري'!$B$31:$M$31,$D$6),"") -> 1 | F49: عملة/سعر مشكوك | G49: =IFERROR(INDEX('الملخص الشهري'!$B$41:$M$41,$D$6),"") -> 0
B50: أصناف زادت كميتها | C50: =IFERROR(INDEX('الملخص الشهري'!$B$32:$M$32,$D$6),"") -> 19 | F50: تباين أسعار البيع | G50: =IFERROR(INDEX('الملخص الشهري'!$B$42:$M$42,$D$6),"") -> 0
B51: أصناف نقصت كميتها | C51: =IFERROR(INDEX('الملخص الشهري'!$B$33:$M$33,$D$6),"") -> 68 | F51: بلا تصنيف | G51: =IFERROR(INDEX('الملخص الشهري'!$B$43:$M$43,$D$6),"") -> 0
B52: ارتفع سعر شرائها (أكثر من النسبة) | C52: =IFERROR(INDEX('الملخص الشهري'!$B$34:$M$34,$D$6),"") -> 0 | F52: بيانات غير صالحة | G52: =IFERROR(INDEX('الملخص الشهري'!$B$44:$M$44,$D$6),"") -> 0
B53: انخفض سعر شرائها (أكثر من النسبة) | C53: =IFERROR(INDEX('الملخص الشهري'!$B$35:$M$35,$D$6),"") -> 1 | F53: إجمالي الأصناف بها ملاحظات | G53: =IFERROR(INDEX('الملخص الشهري'!$B$45:$M$45,$D$6),"") -> 0
B55: أكبر 10 أصناف بقيمة المخزون | أعلى 10 أصناف ربحًا متوقعًا
B56: الصنف | C56: الكمية | D56: قيمة المخزون $ | E56: % من الإجمالي | F56: الصنف | G56: الكمية | H56: الربح المتوقع $ | I56: هامش الربح %
B57: =IF(K57="","",INDEX(INDIRECT("'"&$K$6&"'!$A$2:$A$501"),K57)) -> عطر-ازهار-الربيع spring - 318643 | C57: =IF(K57="","",INDEX(INDIRECT("'"&$K$6&"'!$P$2:$P$501"),K57)) -> 21.23 | D57: =IF(K57="","",INDEX(INDIRECT("'"&$K$6&"'!$Q$2:$Q$501"),K57)) -> 6634.375 | E57: =IF(K57="","",IF(N($B$32)>0,D57/$B$32,0)) -> 0.14775638 | F57: =IF(L57="","",INDEX(INDIRECT("'"&$K$6&"'!$A$2:$A$501"),L57)) -> معطر super / فرط | G57: =IF(L57="","",INDEX(INDIRECT("'"&$K$6&"'!$P$2:$P$501"),L57)) -> 2224.5 | H57: =IF(L57="","",INDEX(INDIRECT("'"&$K$6&"'!$T$2:$T$501"),L57)) -> 773.73913 | I57: =IF(L57="","",IF(INDEX(INDIRECT("'"&$K$6&"'!$R$2:$R$501"),L57)>0,H57/INDEX(INDIRECT("'"&$K$6&"'!$R$2:$R$501"),L57),0)) -> 0.6 | K57: =IF($K$8=1,IFERROR(IF(LARGE(INDIRECT("'"&$K$6&"'!$AK$2:$AK$501"),1)>0.00001,MATCH(LARGE(INDIRECT("'"&$K$6&"'!$AK$2:$AK$501"),1),INDIRECT("'"&$K$6&"'!$AK$2:$AK$501"),0),""),""),"") -> 110 | L57: =IF($K$8=1,IFERROR(IF(LARGE(INDIRECT("'"&$K$6&"'!$AL$2:$AL$501"),1)>0.00001,MATCH(LARGE(INDIRECT("'"&$K$6&"'!$AL$2:$AL$501"),1),INDIRECT("'"&$K$6&"'!$AL$2:$AL$501"),0),""),""),"") -> 39
B58: =IF(K58="","",INDEX(INDIRECT("'"&$K$6&"'!$A$2:$A$501"),K58)) -> عطر-سلطان | C58: =IF(K58="","",INDEX(INDIRECT("'"&$K$6&"'!$P$2:$P$501"),K58)) -> 3.54 | D58: =IF(K58="","",INDEX(INDIRECT("'"&$K$6&"'!$Q$2:$Q$501"),K58)) -> 3186 | E58: =IF(K58="","",IF(N($B$32)>0,D58/$B$32,0)) -> 0.070956471 | F58: =IF(L58="","",INDEX(INDIRECT("'"&$K$6&"'!$A$2:$A$501"),L58)) -> سائل جلي super / فرط 2604 | G58: =IF(L58="","",INDEX(INDIRECT("'"&$K$6&"'!$P$2:$P$501"),L58)) -> 3349.33 | H58: =IF(L58="","",INDEX(INDIRECT("'"&$K$6&"'!$T$2:$T$501"),L58)) -> 732.96932 | I58: =IF(L58="","",IF(INDEX(INDIRECT("'"&$K$6&"'!$R$2:$R$501"),L58)>0,H58/INDEX(INDIRECT("'"&$K$6&"'!$R$2:$R$501"),L58),0)) -> 0.50333333 | K58: =IF($K$8=1,IFERROR(IF(LARGE(INDIRECT("'"&$K$6&"'!$AK$2:$AK$501"),2)>0.00001,MATCH(LARGE(INDIRECT("'"&$K$6&"'!$AK$2:$AK$501"),2),INDIRECT("'"&$K$6&"'!$AK$2:$AK$501"),0),""),""),"") -> 103 | L58: =IF($K$8=1,IFERROR(IF(LARGE(INDIRECT("'"&$K$6&"'!$AL$2:$AL$501"),2)>0.00001,MATCH(LARGE(INDIRECT("'"&$K$6&"'!$AL$2:$AL$501"),2),INDIRECT("'"&$K$6&"'!$AL$2:$AL$501"),0),""),""),"") -> 206
B59: =IF(K59="","",INDEX(INDIRECT("'"&$K$6&"'!$A$2:$A$501"),K59)) -> تكسبون | C59: =IF(K59="","",INDEX(INDIRECT("'"&$K$6&"'!$P$2:$P$501"),K59)) -> 1259 | D59: =IF(K59="","",INDEX(INDIRECT("'"&$K$6&"'!$Q$2:$Q$501"),K59)) -> 3147.5 | E59: =IF(K59="","",IF(N($B$32)>0,D59/$B$32,0)) -> 0.070099025 | F59: =IF(L59="","",INDEX(INDIRECT("'"&$K$6&"'!$A$2:$A$501"),L59)) -> سائل جلي super / فرط 2603 | G59: =IF(L59="","",INDEX(INDIRECT("'"&$K$6&"'!$P$2:$P$501"),L59)) -> 2109.61 | H59: =IF(L59="","",INDEX(INDIRECT("'"&$K$6&"'!$T$2:$T$501"),L59)) -> 458.61087 | I59: =IF(L59="","",IF(INDEX(INDIRECT("'"&$K$6&"'!$R$2:$R$501"),L59)>0,H59/INDEX(INDIRECT("'"&$K$6&"'!$R$2:$R$501"),L59),0)) -> 0.42857143 | K59: =IF($K$8=1,IFERROR(IF(LARGE(INDIRECT("'"&$K$6&"'!$AK$2:$AK$501"),3)>0.00001,MATCH(LARGE(INDIRECT("'"&$K$6&"'!$AK$2:$AK$501"),3),INDIRECT("'"&$K$6&"'!$AK$2:$AK$501"),0),""),""),"") -> 238 | L59: =IF($K$8=1,IFERROR(IF(LARGE(INDIRECT("'"&$K$6&"'!$AL$2:$AL$501"),3)>0.00001,MATCH(LARGE(INDIRECT("'"&$K$6&"'!$AL$2:$AL$501"),3),INDIRECT("'"&$K$6&"'!$AL$2:$AL$501"),0),""),""),"") -> 207
B60: =IF(K60="","",INDEX(INDIRECT("'"&$K$6&"'!$A$2:$A$501"),K60)) -> عطر-ببوري ultimate-mixture - 485797 | C60: =IF(K60="","",INDEX(INDIRECT("'"&$K$6&"'!$P$2:$P$501"),K60)) -> 19.82 | D60: =IF(K60="","",INDEX(INDIRECT("'"&$K$6&"'!$Q$2:$Q$501"),K60)) -> 2973 | E60: =IF(K60="","",IF(N($B$32)>0,D60/$B$32,0)) -> 0.066212677 | F60: =IF(L60="","",INDEX(INDIRECT("'"&$K$6&"'!$A$2:$A$501"),L60)) -> سائل جلي ريفا 15% super / فرط | G60: =IF(L60="","",INDEX(INDIRECT("'"&$K$6&"'!$P$2:$P$501"),L60)) -> 1121 | H60: =IF(L60="","",INDEX(INDIRECT("'"&$K$6&"'!$T$2:$T$501"),L60)) -> 426.46739 | I60: =IF(L60="","",IF(INDEX(INDIRECT("'"&$K$6&"'!$R$2:$R$501"),L60)>0,H60/INDEX(INDIRECT("'"&$K$6&"'!$R$2:$R$501"),L60),0)) -> 0.40384615 | K60: =IF($K$8=1,IFERROR(IF(LARGE(INDIRECT("'"&$K$6&"'!$AK$2:$AK$501"),4)>0.00001,MATCH(LARGE(INDIRECT("'"&$K$6&"'!$AK$2:$AK$501"),4),INDIRECT("'"&$K$6&"'!$AK$2:$AK$501"),0),""),""),"") -> 109 | L60: =IF($K$8=1,IFERROR(IF(LARGE(INDIRECT("'"&$K$6&"'!$AL$2:$AL$501"),4)>0.00001,MATCH(LARGE(INDIRECT("'"&$K$6&"'!$AL$2:$AL$501"),4),INDIRECT("'"&$K$6&"'!$AL$2:$AL$501"),0),""),""),"") -> 200
B61: =IF(K61="","",INDEX(INDIRECT("'"&$K$6&"'!$A$2:$A$501"),K61)) -> عطر Blue APC - 0001198620 | C61: =IF(K61="","",INDEX(INDIRECT("'"&$K$6&"'!$P$2:$P$501"),K61)) -> 105 | D61: =IF(K61="","",INDEX(INDIRECT("'"&$K$6&"'!$Q$2:$Q$501"),K61)) -> 2520 | E61: =IF(K61="","",IF(N($B$32)>0,D61/$B$32,0)) -> 0.056123763 | F61: =IF(L61="","",INDEX(INDIRECT("'"&$K$6&"'!$A$2:$A$501"),L61)) -> اسيد - روح الملح - حمض كلور الماء | G61: =IF(L61="","",INDEX(INDIRECT("'"&$K$6&"'!$P$2:$P$501"),L61)) -> 1448.6 | H61: =IF(L61="","",INDEX(INDIRECT("'"&$K$6&"'!$T$2:$T$501"),L61)) -> 420.094 | I61: =IF(L61="","",IF(INDEX(INDIRECT("'"&$K$6&"'!$R$2:$R$501"),L61)>0,H61/INDEX(INDIRECT("'"&$K$6&"'!$R$2:$R$501"),L61),0)) -> 0.58 | K61: =IF($K$8=1,IFERROR(IF(LARGE(INDIRECT("'"&$K$6&"'!$AK$2:$AK$501"),5)>0.00001,MATCH(LARGE(INDIRECT("'"&$K$6&"'!$AK$2:$AK$501"),5),INDIRECT("'"&$K$6&"'!$AK$2:$AK$501"),0),""),""),"") -> 131 | L61: =IF($K$8=1,IFERROR(IF(LARGE(INDIRECT("'"&$K$6&"'!$AL$2:$AL$501"),5)>0.00001,MATCH(LARGE(INDIRECT("'"&$K$6&"'!$AL$2:$AL$501"),5),INDIRECT("'"&$K$6&"'!$AL$2:$AL$501"),0),""),""),"") -> 265
B62: =IF(K62="","",INDEX(INDIRECT("'"&$K$6&"'!$A$2:$A$501"),K62)) -> عطر billionair-000250 | C62: =IF(K62="","",INDEX(INDIRECT("'"&$K$6&"'!$P$2:$P$501"),K62)) -> 4 | D62: =IF(K62="","",INDEX(INDIRECT("'"&$K$6&"'!$Q$2:$Q$501"),K62)) -> 1800 | E62: =IF(K62="","",IF(N($B$32)>0,D62/$B$32,0)) -> 0.040088402 | F62: =IF(L62="","",INDEX(INDIRECT("'"&$K$6&"'!$A$2:$A$501"),L62)) -> عملاق ريفا 450 مم | G62: =IF(L62="","",INDEX(INDIRECT("'"&$K$6&"'!$P$2:$P$501"),L62)) -> 99 | H62: =IF(L62="","",INDEX(INDIRECT("'"&$K$6&"'!$T$2:$T$501"),L62)) -> 403.92 | I62: =IF(L62="","",IF(INDEX(INDIRECT("'"&$K$6&"'!$R$2:$R$501"),L62)>0,H62/INDEX(INDIRECT("'"&$K$6&"'!$R$2:$R$501"),L62),0)) -> 0.4047619 | K62: =IF($K$8=1,IFERROR(IF(LARGE(INDIRECT("'"&$K$6&"'!$AK$2:$AK$501"),6)>0.00001,MATCH(LARGE(INDIRECT("'"&$K$6&"'!$AK$2:$AK$501"),6),INDIRECT("'"&$K$6&"'!$AK$2:$AK$501"),0),""),""),"") -> 132 | L62: =IF($K$8=1,IFERROR(IF(LARGE(INDIRECT("'"&$K$6&"'!$AL$2:$AL$501"),6)>0.00001,MATCH(LARGE(INDIRECT("'"&$K$6&"'!$AL$2:$AL$501"),6),INDIRECT("'"&$K$6&"'!$AL$2:$AL$501"),0),""),""),"") -> 94
B63: =IF(K63="","",INDEX(INDIRECT("'"&$K$6&"'!$A$2:$A$501"),K63)) -> عطر kavien-clein-eforia-000020 | C63: =IF(K63="","",INDEX(INDIRECT("'"&$K$6&"'!$P$2:$P$501"),K63)) -> 4 | D63: =IF(K63="","",INDEX(INDIRECT("'"&$K$6&"'!$Q$2:$Q$501"),K63)) -> 1700 | E63: =IF(K63="","",IF(N($B$32)>0,D63/$B$32,0)) -> 0.037861269 | F63: =IF(L63="","",INDEX(INDIRECT("'"&$K$6&"'!$A$2:$A$501"),L63)) -> مماسح مكتب َ | G63: =IF(L63="","",INDEX(INDIRECT("'"&$K$6&"'!$P$2:$P$501"),L63)) -> 41.91 | H63: =IF(L63="","",INDEX(INDIRECT("'"&$K$6&"'!$T$2:$T$501"),L63)) -> 340.13913 | I63: =IF(L63="","",IF(INDEX(INDIRECT("'"&$K$6&"'!$R$2:$R$501"),L63)>0,H63/INDEX(INDIRECT("'"&$K$6&"'!$R$2:$R$501"),L63),0)) -> 0.50909091 | K63: =IF($K$8=1,IFERROR(IF(LARGE(INDIRECT("'"&$K$6&"'!$AK$2:$AK$501"),7)>0.00001,MATCH(LARGE(INDIRECT("'"&$K$6&"'!$AK$2:$AK$501"),7),INDIRECT("'"&$K$6&"'!$AK$2:$AK$501"),0),""),""),"") -> 129 | L63: =IF($K$8=1,IFERROR(IF(LARGE(INDIRECT("'"&$K$6&"'!$AL$2:$AL$501"),7)>0.00001,MATCH(LARGE(INDIRECT("'"&$K$6&"'!$AL$2:$AL$501"),7),INDIRECT("'"&$K$6&"'!$AL$2:$AL$501"),0),""),""),"") -> 6
B64: =IF(K64="","",INDEX(INDIRECT("'"&$K$6&"'!$A$2:$A$501"),K64)) -> زفتة | C64: =IF(K64="","",INDEX(INDIRECT("'"&$K$6&"'!$P$2:$P$501"),K64)) -> 486.7 | D64: =IF(K64="","",INDEX(INDIRECT("'"&$K$6&"'!$Q$2:$Q$501"),K64)) -> 1460.1 | E64: =IF(K64="","",IF(N($B$32)>0,D64/$B$32,0)) -> 0.032518375 | F64: =IF(L64="","",INDEX(INDIRECT("'"&$K$6&"'!$A$2:$A$501"),L64)) -> صابون super / فرط | G64: =IF(L64="","",INDEX(INDIRECT("'"&$K$6&"'!$P$2:$P$501"),L64)) -> 1338 | H64: =IF(L64="","",INDEX(INDIRECT("'"&$K$6&"'!$T$2:$T$501"),L64)) -> 339.34783 | I64: =IF(L64="","",IF(INDEX(INDIRECT("'"&$K$6&"'!$R$2:$R$501"),L64)>0,H64/INDEX(INDIRECT("'"&$K$6&"'!$R$2:$R$501"),L64),0)) -> 0.35 | K64: =IF($K$8=1,IFERROR(IF(LARGE(INDIRECT("'"&$K$6&"'!$AK$2:$AK$501"),8)>0.00001,MATCH(LARGE(INDIRECT("'"&$K$6&"'!$AK$2:$AK$501"),8),INDIRECT("'"&$K$6&"'!$AK$2:$AK$501"),0),""),""),"") -> 218 | L64: =IF($K$8=1,IFERROR(IF(LARGE(INDIRECT("'"&$K$6&"'!$AL$2:$AL$501"),8)>0.00001,MATCH(LARGE(INDIRECT("'"&$K$6&"'!$AL$2:$AL$501"),8),INDIRECT("'"&$K$6&"'!$AL$2:$AL$501"),0),""),""),"") -> 156
B65: =IF(K65="","",INDEX(INDIRECT("'"&$K$6&"'!$A$2:$A$501"),K65)) -> عطر magic sprel - 6168581 | C65: =IF(K65="","",INDEX(INDIRECT("'"&$K$6&"'!$P$2:$P$501"),K65)) -> 50 | D65: =IF(K65="","",INDEX(INDIRECT("'"&$K$6&"'!$Q$2:$Q$501"),K65)) -> 1100 | E65: =IF(K65="","",IF(N($B$32)>0,D65/$B$32,0)) -> 0.024498468 | F65: =IF(L65="","",INDEX(INDIRECT("'"&$K$6&"'!$A$2:$A$501"),L65)) -> سائل جلي super / عبوة 3 لتر 2602 | G65: =IF(L65="","",INDEX(INDIRECT("'"&$K$6&"'!$P$2:$P$501"),L65)) -> 521 | H65: =IF(L65="","",INDEX(INDIRECT("'"&$K$6&"'!$T$2:$T$501"),L65)) -> 317.13043 | I65: =IF(L65="","",IF(INDEX(INDIRECT("'"&$K$6&"'!$R$2:$R$501"),L65)>0,H65/INDEX(INDIRECT("'"&$K$6&"'!$R$2:$R$501"),L65),0)) -> 0.31111111 | K65: =IF($K$8=1,IFERROR(IF(LARGE(INDIRECT("'"&$K$6&"'!$AK$2:$AK$501"),9)>0.00001,MATCH(LARGE(INDIRECT("'"&$K$6&"'!$AK$2:$AK$501"),9),INDIRECT("'"&$K$6&"'!$AK$2:$AK$501"),0),""),""),"") -> 128 | L65: =IF($K$8=1,IFERROR(IF(LARGE(INDIRECT("'"&$K$6&"'!$AL$2:$AL$501"),9)>0.00001,MATCH(LARGE(INDIRECT("'"&$K$6&"'!$AL$2:$AL$501"),9),INDIRECT("'"&$K$6&"'!$AL$2:$AL$501"),0),""),""),"") -> 212
B66: =IF(K66="","",INDEX(INDIRECT("'"&$K$6&"'!$A$2:$A$501"),K66)) -> زفتة قديمة | C66: =IF(K66="","",INDEX(INDIRECT("'"&$K$6&"'!$P$2:$P$501"),K66)) -> 305 | D66: =IF(K66="","",INDEX(INDIRECT("'"&$K$6&"'!$Q$2:$Q$501"),K66)) -> 915 | E66: =IF(K66="","",IF(N($B$32)>0,D66/$B$32,0)) -> 0.020378271 | F66: =IF(L66="","",INDEX(INDIRECT("'"&$K$6&"'!$A$2:$A$501"),L66)) -> قاشط المينيوم - ساندي / فرط | G66: =IF(L66="","",INDEX(INDIRECT("'"&$K$6&"'!$P$2:$P$501"),L66)) -> 749.3 | H66: =IF(L66="","",INDEX(INDIRECT("'"&$K$6&"'!$T$2:$T$501"),L66)) -> 314.92319 | I66: =IF(L66="","",IF(INDEX(INDIRECT("'"&$K$6&"'!$R$2:$R$501"),L66)>0,H66/INDEX(INDIRECT("'"&$K$6&"'!$R$2:$R$501"),L66),0)) -> 0.44615385 | K66: =IF($K$8=1,IFERROR(IF(LARGE(INDIRECT("'"&$K$6&"'!$AK$2:$AK$501"),10)>0.00001,MATCH(LARGE(INDIRECT("'"&$K$6&"'!$AK$2:$AK$501"),10),INDIRECT("'"&$K$6&"'!$AK$2:$AK$501"),0),""),""),"") -> 217 | L66: =IF($K$8=1,IFERROR(IF(LARGE(INDIRECT("'"&$K$6&"'!$AL$2:$AL$501"),10)>0.00001,MATCH(LARGE(INDIRECT("'"&$K$6&"'!$AL$2:$AL$501"),10),INDIRECT("'"&$K$6&"'!$AL$2:$AL$501"),0),""),""),"") -> 81
B69: الاتجاه الشهري

Sheet اقرأني
B1: دليل الاستخدام
B3: الإجراء الشهري (5 خطوات)
B4: 1) من برنامج المحاسبة صدّر ملف الأصناف كما هو (نفس الأعمدة التسعة وبنفس الترتيب).
B5: 2) افتح ورقة الشهر (مثل «08-آب»)، حدد A2:I501 ثم اضغط Delete لمسح اللصق القديم إن وُجد.
B6: 3) انسخ الجدول كاملًا مع صف العناوين والصقه في الخلية A1. لا تلمس الأعمدة من K فما بعد: هي معادلات جاهزة.
B7: 4) انظر إلى الخلية الأولى في عمود «تنبيه» (K1): أخضر ✓ = لا ملاحظات، أحمر ⚠ = يوجد أصناف بها أخطاء (تظهر بخلفية حمراء مع وصف الخطأ في عمود «ملاحظات / أخطاء»).
B8: 5) في «لوحة التحكم» أدخل سعر صرف ذلك الشهر في الخلية الصفراء، ثم راجع اللوحة و«المقارنة» و«فحص الأخطاء».
B9: كيف يُنبَّه إلى الأخطاء؟
B10: • أعلى «لوحة التحكم»: شريط يذكر الأشهر التي فيها أخطاء وعدد الأصناف في كل منها، وشريط آخر يخبرك إن كان ينقصك سعر الصرف أو البيانات.
B11: • جدول أسعار الصرف في اللوحة: عمود «أصناف بها أخطاء» لكل شهر.
B12: • كل ورقة شهر: خلية تنبيه ملونة في K1 + علامة ⚠ وخلفية حمراء على كل صنف به خطأ (يمكنك التصفية بعمود الملاحظات).
B13: • «فحص الأخطاء»: قائمة الأصناف المعيبة للشهر المعروض مع شرح كل نوع وطريقة المعالجة.
... B40: • الصف يحمل: سعر صرف هذا الملف، المخزون المسعّر بالدولار، المخزون المسعّر بالليرة (بالليرة نفسها)، وعدد الأصناف التي بها أخطاء.

Sheet الملخص الشهري
A1: الملخص الشهري — كل المبالغ بالدولار الأمريكي
A2: كل الخلايا هنا معادلات تُحسب تلقائيًا من أوراق الأشهر. لا تُدخل شيئًا في هذه الورقة (عدا أسماء الفئات الفرعية باللون الأزرق).
A4: المؤشر | B4: كانون الثاني | C4: شباط | D4: آذار | E4: نيسان | F4: أيار | G4: حزيران | H4: تموز | I4: آب | J4: أيلول | K4: تشرين الأول | L4: تشرين الثاني | M4: كانون الأول
A5: عدد الأصناف الملصوقة | B5: =COUNTA('01-كانون الثاني'!$A$2:$A$5000) -> 0 | C5: =COUNTA('02-شباط'!$A$2:$A$5000) -> 0 | D5: =COUNTA('03-آذار'!$A$2:$A$5000) -> 0 | E5: =COUNTA('04-نيسان'!$A$2:$A$5000) -> 0 | F5: =COUNTA('05-أيار'!$A$2:$A$5000) -> 0 | G5: =COUNTA('06-حزيران'!$A$2:$A$4998) -> 236 | H5: =COUNTA('07-تموز'!$A$2:$A$4999) -> 239 | I5: =COUNTA('08-آب'!$A$2:$A$5000) -> 261 | J5: =COUNTA('09-أيلول'!$A$2:$A$4999) -> 268 | K5: =COUNTA('10-تشرين الأول'!$A$2:$A$5000) -> 0 | L5: =COUNTA('11-تشرين الثاني'!$A$2:$A$5000) -> 0 | M5: =COUNTA('12-كانون الأول'!$A$2:$A$5000) -> 0
A6: سعر الصرف (ل.س لكل 1$) | B6: =IF('لوحة التحكم'!$C$16="","",'لوحة التحكم'!$C$16) | C6: =IF('لوحة التحكم'!$C$17="","",'لوحة التحكم'!$C$17) | D6: =IF('لوحة التحكم'!$C$18="","",'لوحة التحكم'!$C$18) | E6: =IF('لوحة التحكم'!$C$19="","",'لوحة التحكم'!$C$19) | F6: =IF('لوحة التحكم'!$C$20="","",'لوحة التحكم'!$C$20) | G6: =IF('لوحة التحكم'!$C$21="","",'لوحة التحكم'!$C$21) -> 13200 | H6: =IF('لوحة التحكم'!$C$22="","",'لوحة التحكم'!$C$22) -> 13300 | I6: =IF('لوحة التحكم'!$C$23="","",'لوحة التحكم'!$C$23) -> 13200 | J6: =IF('لوحة التحكم'!$C$24="","",'لوحة التحكم'!$C$24) -> 13800 | K6: =IF('لوحة التحكم'!$C$25="","",'لوحة التحكم'!$C$25) | L6: =IF('لوحة التحكم'!$C$26="","",'لوحة التحكم'!$C$26) | M6: =IF('لوحة التحكم'!$C$27="","",'لوحة التحكم'!$C$27)
A7: حالة الشهر | B7: =IF(B5=0,"لا بيانات",IF(B5>500,"تجاوز السعة",IF(AND(COUNTIF('01-كانون الثاني'!$F$2:$F$501,"*ليرة*")>0,N(B6)<=0),"أدخل سعر الصرف","جاهز"))) -> لا بيانات | C7: =IF(C5=0,"لا بيانات",IF(C5>500,"تجاوز السعة",IF(AND(COUNTIF('02-شباط'!$F$2:$F$501,"*ليرة*")>0,N(C6)<=0),"أدخل سعر الصرف","جاهز"))) -> لا بيانات | D7: =IF(D5=0,"لا بيانات",IF(D5>500,"تجاوز السعة",IF(AND(COUNTIF('03-آذار'!$F$2:$F$501,"*ليرة*")>0,N(D6)<=0),"أدخل سعر الصرف","جاهز"))) -> لا بيانات | E7: =IF(E5=0,"لا بيانات",IF(E5>500,"تجاوز السعة",IF(AND(COUNTIF('04-نيسان'!$F$2:$F$501,"*ليرة*")>0,N(E6)<=0),"أدخل سعر الصرف","جاهز"))) -> لا بيانات | F7: =IF(F5=0,"لا بيانات",IF(F5>500,"تجاوز السعة",IF(AND(COUNTIF('05-أيار'!$F$2:$F$501,"*ليرة*")>0,N(F6)<=0),"أدخل سعر الصرف","جاهز"))) -> لا بيانات | G7: =IF(G5=0,"لا بيانات",IF(G5>500,"تجاوز السعة",IF(AND(COUNTIF('06-حزيران'!$F$2:$F$499,"*ليرة*")>0,N(G6)<=0),"أدخل سعر الصرف","جاهز"))) -> جاهز | H7: =IF(H5=0,"لا بيانات",IF(H5>500,"تجاوز السعة",IF(AND(COUNTIF('07-تموز'!$F$2:$F$500,"*ليرة*")>0,N(H6)<=0),"أدخل سعر الصرف","جاهز"))) -> جاهز | I7: =IF(I5=0,"لا بيانات",IF(I5>500,"تجاوز السعة",IF(AND(COUNTIF('08-آب'!$F$2:$F$501,"*ليرة*")>0,N(I6)<=0),"أدخل سعر الصرف","جاهز"))) -> جاهز | J7: =IF(J5=0,"لا بيانات",IF(J5>500,"تجاوز السعة",IF(AND(COUNTIF('09-أيلول'!$F$2:$F$500,"*ليرة*")>0,N(J6)<=0),"أدخل سعر الصرف","جاهز"))) -> جاهز | K7: =IF(K5=0,"لا بيانات",IF(K5>500,"تجاوز السعة",IF(AND(COUNTIF('10-تشرين الأول'!$F$2:$F$501,"*ليرة*")>0,N(K6)<=0),"أدخل سعر الصرف","جاهز"))) -> لا بيانات | L7: =IF(L5=0,"لا بيانات",IF(L5>500,"تجاوز السعة",IF(AND(COUNTIF('11-تشرين الثاني'!$F$2:$F$501,"*ليرة*")>0,N(L6)<=0),"أدخل سعر الصرف","جاهز"))) -> لا بيانات | M7: =IF(M5=0,"لا بيانات",IF(M5>500,"تجاوز السعة",IF(AND(COUNTIF('12-كانون الأول'!$F$2:$F$501,"*ليرة*")>0,N(M6)<=0),"أدخل سعر الصرف","جاهز"))) -> لا بيانات
A8: جاهز للحساب (1/0) | B8: =IF(B7="جاهز",1,0) -> 0 | C8: =IF(C7="جاهز",1,0) -> 0 | D8: =IF(D7="جاهز",1,0) -> 0 | E8: =IF(E7="جاهز",1,0) -> 0 | F8: =IF(F7="جاهز",1,0) -> 0 | G8: =IF(G7="جاهز",1,0) -> 1 | H8: =IF(H7="جاهز",1,0) -> 1 | I8: =IF(I7="جاهز",1,0) -> 1 | ... M8: =IF(M7="جاهز",1,0) -> 0
A9: المخزون والربحية
A10: أصناف كميتها موجبة | B10: =IF(B$8=1,COUNTIF('01-كانون الثاني'!$P$2:$P$501,">0"),"") | C10: =IF(C$8=1,COUNTIF('02-شباط'!$P$2:$P$501,">0"),"") | D10: =IF(D$8=1,COUNTIF('03-آذار'!$P$2:$P$501,">0"),"") | E10: =IF(E$8=1,COUNTIF('04-نيسان'!$P$2:$P$501,">0"),"") | F10: =IF(F$8=1,COUNTIF('05-أيار'!$P$2:$P$501,">0"),"") | G10: =IF(G$8=1,COUNTIF('06-حزيران'!$P$2:$P$499,">0"),"") -> 107 | H10: =IF(H$8=1,COUNTIF('07-تموز'!$P$2:$P$500,">0"),"") -> 113 | I10: =IF(I$8=1,COUNTIF('08-آب'!$P$2:$P$501,">0"),"") -> 136 | J10: =IF(J$8=1,COUNTIF('09-أيلول'!$P$2:$P$500,">0"),"") -> 134 | K10: =IF(K$8=1,COUNTIF('10-تشرين الأول'!$P$2:$P$501,">0"),"") | L10: =IF(L$8=1,COUNTIF('11-تشرين الثاني'!$P$2:$P$501,">0"),"") | M10: =IF(M$8=1,COUNTIF('12-كانون الأول'!$P$2:$P$501,">0"),"")
A11: قيمة المستودع بسعر الشراء | B11: =IF(B$8=1,SUM('01-كانون الثاني'!$Q$2:$Q$501),"") | C11: =IF(C$8=1,SUM('02-شباط'!$Q$2:$Q$501),"") | D11: =IF(D$8=1,SUM('03-آذار'!$Q$2:$Q$501),"") | E11: =IF(E$8=1,SUM('04-نيسان'!$Q$2:$Q$501),"") | F11: =IF(F$8=1,SUM('05-أيار'!$Q$2:$Q$501),"") | G11: =IF(G$8=1,SUM('06-حزيران'!$Q$2:$Q$499),"") -> 44737.39 | H11: =IF(H$8=1,SUM('07-تموز'!$Q$2:$Q$500),"") -> 48491.032 | I11: =IF(I$8=1,SUM('08-آب'!$Q$2:$Q$501),"") -> 47944.021 | J11: =IF(J$8=1,SUM('09-أيلول'!$Q$2:$Q$500),"") -> 44900.767 | K11: =IF(K$8=1,SUM('10-تشرين الأول'!$Q$2:$Q$501),"") | L11: =IF(L$8=1,SUM('11-تشرين الثاني'!$Q$2:$Q$501),"") | M11: =IF(M$8=1,SUM('12-كانون الأول'!$Q$2:$Q$501),"")
A12: القيمة البيعية المتوقعة (للأصناف مكتملة التسعير) | B12: =IF(B$8=1,SUMIFS('01-كانون الثاني'!$R$2:$R$501,'01-كانون الثاني'!$S$2:$S$501,1),"") | C12: =IF(C$8=1,SUMIFS('02-شباط'!$R$2:$R$501,'02-شباط'!$S$2:$S$501,1),"") | D12: =IF(D$8=1,SUMIFS('03-آذار'!$R$2:$R$501,'03-آذار'!$S$2:$S$501,1),"") | E12: =IF(E$8=1,SUMIFS('04-نيسان'!$R$2:$R$501,'04-نيسان'!$S$2:$S$501,1),"") | F12: =IF(F$8=1,SUMIFS('05-أيار'!$R$2:$R$501,'05-أيار'!$S$2:$S$501,1),"") | G12: =IF(G$8=1,SUMIFS('06-حزيران'!$R$2:$R$499,'06-حزيران'!$S$2:$S$499,1),"") -> 25034.172 | H12: =IF(H$8=1,SUMIFS('07-تموز'!$R$2:$R$500,'07-تموز'!$S$2:$S$500,1),"") -> 22961.061 | I12: =IF(I$8=1,SUMIFS('08-آب'!$R$2:$R$501,'08-آب'!$S$2:$S$501,1),"") -> 23866.931 | J12: =IF(J$8=1,SUMIFS('09-أيلول'!$R$2:$R$500,'09-أيلول'!$S$2:$S$500,1),"") -> 18699.77 | K12: =IF(K$8=1,SUMIFS('10-تشرين الأول'!$R$2:$R$501,'10-تشرين الأول'!$S$2:$S$501,1),"") | L12: =IF(L$8=1,SUMIFS('11-تشرين الثاني'!$R$2:$R$501,'11-تشرين الثاني'!$S$2:$S$501,1),"") | M12: =IF(M$8=1,SUMIFS('12-كانون الأول'!$R$2:$R$501,'12-كانون الأول'!$S$2:$S$501,1),"")
A13: تكلفة الأصناف مكتملة التسعير | B13: =IF(B$8=1,SUMIFS('01-كانون الثاني'!$Q$2:$Q$501,'01-كانون الثاني'!$S$2:$S$501,1),"") | C13: =IF(C$8=1,SUMIFS('02-شباط'!$Q$2:$Q$501,'02-شباط'!$S$2:$S$501,1),"") | D13: =IF(D$8=1,SUMIFS('03-آذار'!$Q$2:$Q$501,'03-آذار'!$S$2:$S$501,1),"") | E13: =IF(E$8=1,SUMIFS('04-نيسان'!$Q$2:$Q$501,'04-نيسان'!$S$2:$S$501,1),"") | F13: =IF(F$8=1,SUMIFS('05-أيار'!$Q$2:$Q$501,'05-أيار'!$S$2:$S$501,1),"") | G13: =IF(G$8=1,SUMIFS('06-حزيران'!$Q$2:$Q$499,'06-حزيران'!$S$2:$S$499,1),"") -> 15682.554 | H13: =IF(H$8=1,SUMIFS('07-تموز'!$Q$2:$Q$500,'07-تموز'!$S$2:$S$500,1),"") -> 14150.609 | I13: =IF(I$8=1,SUMIFS('08-آب'!$Q$2:$Q$501,'08-آب'!$S$2:$S$501,1),"") -> 14723.314 | J13: =IF(J$8=1,SUMIFS('09-أيلول'!$Q$2:$Q$500,'09-أيلول'!$S$2:$S$500,1),"") -> 11415.145 | K13: =IF(K$8=1,SUMIFS('10-تشرين الأول'!$Q$2:$Q$501,'10-تشرين الأول'!$S$2:$S$501,1),"") | L13: =IF(L$8=1,SUMIFS('11-تشرين الثاني'!$Q$2:$Q$501,'11-تشرين الثاني'!$S$2:$S$501,1),"") | M13: =IF(M$8=1,SUMIFS('12-كانون الأول'!$Q$2:$Q$501,'12-كانون الأول'!$S$2:$S$501,1),"")
A14: الربح المتوقع | B14: =IF(B$8=1,B12-B13,"") | C14: =IF(C$8=1,C12-C13,"") | D14: =IF(D$8=1,D12-D13,"") | E14: =IF(E$8=1,E12-E13,"") | F14: =IF(F$8=1,F12-F13,"") | G14: =IF(G$8=1,G12-G13,"") -> 9351.6176 | H14: =IF(H$8=1,H12-H13,"") -> 8810.4512 | I14: =IF(I$8=1,I12-I13,"") -> 9143.6171 | ... M14: =IF(M$8=1,M12-M13,"")
A15: هامش الربح من المبيع % | B15: =IF(B$8=1,IF(B12>0,B14/B12,0),"") | C15: =IF(C$8=1,IF(C12>0,C14/C12,0),"") | D15: =IF(D$8=1,IF(D12>0,D14/D12,0),"") | E15: =IF(E$8=1,IF(E12>0,E14/E12,0),"") | F15: =IF(F$8=1,IF(F12>0,F14/F12,0),"") | G15: =IF(G$8=1,IF(G12>0,G14/G12,0),"") -> 0.3735541 | H15: =IF(H$8=1,IF(H12>0,H14/H12,0),"") -> 0.38371273 | I15: =IF(I$8=1,IF(I12>0,I14/I12,0),"") -> 0.3831082 | ... M15: =IF(M$8=1,IF(M12>0,M14/M12,0),"")
A16: نسبة الربح على التكلفة % | B16: =IF(B$8=1,IF(B13>0,B14/B13,0),"") | C16: =IF(C$8=1,IF(C13>0,C14/C13,0),"") | D16: =IF(D$8=1,IF(D13>0,D14/D13,0),"") | E16: =IF(E$8=1,IF(E13>0,E14/E13,0),"") | F16: =IF(F$8=1,IF(F13>0,F14/F13,0),"") | G16: =IF(G$8=1,IF(G13>0,G14/G13,0),"") -> 0.59630704 | H16: =IF(H$8=1,IF(H13>0,H14/H13,0),"") -> 0.62261992 | I16: =IF(I$8=1,IF(I13>0,I14/I13,0),"") -> 0.62102981 | ... M16: =IF(M$8=1,IF(M13>0,M14/M13,0),"")
A17: قيمة مخزون غير مُسعَّر للبيع (مواد خام/طبخات/ناقص تسعير) | B17: =IF(B$8=1,B11-B13,"") | C17: =IF(C$8=1,C11-C13,"") | D17: =IF(D$8=1,D11-D13,"") | E17: =IF(E$8=1,E11-E13,"") | F17: =IF(F$8=1,F11-F13,"") | G17: =IF(G$8=1,G11-G13,"") -> 29054.836 | H17: =IF(H$8=1,H11-H13,"") -> 34340.423 | I17: =IF(I$8=1,I11-I13,"") -> 33220.707 | ... M17: =IF(M$8=1,M11-M13,"")
A18: قيمة بيع أصناف بلا سعر شراء مسجل (تكلفتها مجهولة) | B18: =IF(B$8=1,SUMIFS('01-كانون الثاني'!$R$2:$R$501,'01-كانون الثاني'!$P$2:$P$501,">0",'01-كانون الثاني'!$N$2:$N$501,0,'01-كانون الثاني'!$O$2:$O$501,">0"),"") | C18: =IF(C$8=1,SUMIFS('02-شباط'!$R$2:$R$501,'02-شباط'!$P$2:$P$501,">0",'02-شباط'!$N$2:$N$501,0,'02-شباط'!$O$2:$O$501,">0"),"") | D18: =IF(D$8=1,SUMIFS('03-آذار'!$R$2:$R$501,'03-آذار'!$P$2:$P$501,">0",'03-آذار'!$N$2:$N$501,0,'03-آذار'!$O$2:$O$501,">0"),"") | E18: =IF(E$8=1,SUMIFS('04-نيسان'!$R$2:$R$501,'04-نيسان'!$P$2:$P$501,">0",'04-نيسان'!$N$2:$N$501,0,'04-نيسان'!$O$2:$O$501,">0"),"") | F18: =IF(F$8=1,SUMIFS('05-أيار'!$R$2:$R$501,'05-أيار'!$P$2:$P$501,">0",'05-أيار'!$N$2:$N$501,0,'05-أيار'!$O$2:$O$501,">0"),"") | G18: =IF(G$8=1,SUMIFS('06-حزيران'!$R$2:$R$499,'06-حزيران'!$P$2:$P$499,">0",'06-حزيران'!$N$2:$N$499,0,'06-حزيران'!$O$2:$O$499,">0"),"") -> 0 | H18: =IF(H$8=1,SUMIFS('07-تموز'!$R$2:$R$500,'07-تموز'!$P$2:$P$500,">0",'07-تموز'!$N$2:$N$500,0,'07-تموز'!$O$2:$O$500,">0"),"") -> 0 | I18: =IF(I$8=1,SUMIFS('08-آب'!$R$2:$R$501,'08-آب'!$P$2:$P$501,">0",'08-آب'!$N$2:$N$501,0,'08-آب'!$O$2:$O$501,">0"),"") -> 0 | J18: =IF(J$8=1,SUMIFS('09-أيلول'!$R$2:$R$500,'09-أيلول'!$P$2:$P$500,">0",'09-أيلول'!$N$2:$N$500,0,'09-أيلول'!$O$2:$O$500,">0"),"") -> 0 | K18: =IF(K$8=1,SUMIFS('10-تشرين الأول'!$R$2:$R$501,'10-تشرين الأول'!$P$2:$P$501,">0",'10-تشرين الأول'!$N$2:$N$501,0,'10-تشرين الأول'!$O$2:$O$501,">0"),"") | L18: =IF(L$8=1,SUMIFS('11-تشرين الثاني'!$R$2:$R$501,'11-تشرين الثاني'!$P$2:$P$501,">0",'11-تشرين الثاني'!$N$2:$N$501,0,'11-تشرين الثاني'!$O$2:$O$501,">0"),"") | M18: =IF(M$8=1,SUMIFS('12-كانون الأول'!$R$2:$R$501,'12-كانون الأول'!$P$2:$P$501,">0",'12-كانون الأول'!$N$2:$N$501,0,'12-كانون الأول'!$O$2:$O$501,">0"),"")
A19: الربح المتوقع لو البيع بسعر الجملة | B19: =IF(B$8=1,SUM('01-كانون الثاني'!$AH$2:$AH$501),"") | C19: =IF(C$8=1,SUM('02-شباط'!$AH$2:$AH$501),"") | D19: =IF(D$8=1,SUM('03-آذار'!$AH$2:$AH$501),"") | E19: =IF(E$8=1,SUM('04-نيسان'!$AH$2:$AH$501),"") | F19: =IF(F$8=1,SUM('05-أيار'!$AH$2:$AH$501),"") | G19: =IF(G$8=1,SUM('06-حزيران'!$AH$2:$AH$499),"") -> 9351.6176 | H19: =IF(H$8=1,SUM('07-تموز'!$AH$2:$AH$500),"") -> 8810.4512 | I19: =IF(I$8=1,SUM('08-آب'!$AH$2:$AH$501),"") -> 9143.6171 | J19: =IF(J$8=1,SUM('09-أيلول'!$AH$2:$AH$500),"") -> 7284.6252 | K19: =IF(K$8=1,SUM('10-تشرين الأول'!$AH$2:$AH$501),"") | L19: =IF(L$8=1,SUM('11-تشرين الثاني'!$AH$2:$AH$501),"") | M19: =IF(M$8=1,SUM('12-كانون الأول'!$AH$2:$AH$501),"")
A20: الربح المتوقع لو البيع بسعر القطاعي | B20: =IF(B$8=1,SUM('01-كانون الثاني'!$AI$2:$AI$501),"") | C20: =IF(C$8=1,SUM('02-شباط'!$AI$2:$AI$501),"") | D20: =IF(D$8=1,SUM('03-آذار'!$AI$2:$AI$501),"") | E20: =IF(E$8=1,SUM('04-نيسان'!$AI$2:$AI$501),"") | F20: =IF(F$8=1,SUM('05-أيار'!$AI$2:$AI$501),"") | G20: =IF(G$8=1,SUM('06-حزيران'!$AI$2:$AI$499),"") -> 9351.6176 | H20: =IF(H$8=1,SUM('07-تموز'!$AI$2:$AI$500),"") -> 8810.4512 | I20: =IF(I$8=1,SUM('08-آب'!$AI$2:$AI$501),"") -> 9143.6171 | J20: =IF(J$8=1,SUM('09-أيلول'!$AI$2:$AI$500),"") -> 7284.6252 | K20: =IF(K$8=1,SUM('10-تشرين الأول'!$AI$2:$AI$501),"") | L20: =IF(L$8=1,SUM('11-تشرين الثاني'!$AI$2:$AI$501),"") | M20: =IF(M$8=1,SUM('12-كانون الأول'!$AI$2:$AI$501),"")
A21: الربح المتوقع لو البيع بسعر جملة الجملة | B21: =IF(B$8=1,SUM('01-كانون الثاني'!$AJ$2:$AJ$501),"") | C21: =IF(C$8=1,SUM('02-شباط'!$AJ$2:$AJ$501),"") | D21: =IF(D$8=1,SUM('03-آذار'!$AJ$2:$AJ$501),"") | E21: =IF(E$8=1,SUM('04-نيسان'!$AJ$2:$AJ$501),"") | F21: =IF(F$8=1,SUM('05-أيار'!$AJ$2:$AJ$501),"") | G21: =IF(G$8=1,SUM('06-حزيران'!$AJ$2:$AJ$499),"") -> 9351.6176 | H21: =IF(H$8=1,SUM('07-تموز'!$AJ$2:$AJ$500),"") -> 8810.4512 | I21: =IF(I$8=1,SUM('08-آب'!$AJ$2:$AJ$501),"") -> 9143.6171 | J21: =IF(J$8=1,SUM('09-أيلول'!$AJ$2:$AJ$500),"") -> 7284.6252 | K21: =IF(K$8=1,SUM('10-تشرين الأول'!$AJ$2:$AJ$501),"") | L21: =IF(L$8=1,SUM('11-تشرين الثاني'!$AJ$2:$AJ$501),"") | M21: =IF(M$8=1,SUM('12-كانون الأول'!$AJ$2:$AJ$501),"")
A22: التعرض لتقلب سعر الصرف
A23: قيمة المخزون المسعّر بالليرة (بالدولار) | B23: =IF(B$8=1,SUMIFS('01-كانون الثاني'!$Q$2:$Q$501,'01-كانون الثاني'!$F$2:$F$501,"*ليرة*"),"") | C23: =IF(C$8=1,SUMIFS('02-شباط'!$Q$2:$Q$501,'02-شباط'!$F$2:$F$501,"*ليرة*"),"") | D23: =IF(D$8=1,SUMIFS('03-آذار'!$Q$2:$Q$501,'03-آذار'!$F$2:$F$501,"*ليرة*"),"") | E23: =IF(E$8=1,SUMIFS('04-نيسان'!$Q$2:$Q$501,'04-نيسان'!$F$2:$F$501,"*ليرة*"),"") | F23: =IF(F$8=1,SUMIFS('05-أيار'!$Q$2:$Q$501,'05-أيار'!$F$2:$F$501,"*ليرة*"),"") | G23: =IF(G$8=1,SUMIFS('06-حزيران'!$Q$2:$Q$499,'06-حزيران'!$F$2:$F$499,"*ليرة*"),"") -> 15477.592 | H23: =IF(H$8=1,SUMIFS('07-تموز'!$Q$2:$Q$500,'07-تموز'!$F$2:$F$500,"*ليرة*"),"") -> 13511.107 | I23: =IF(I$8=1,SUMIFS('08-آب'!$Q$2:$Q$501,'08-آب'!$F$2:$F$501,"*ليرة*"),"") -> 14028.721 | J23: =IF(J$8=1,SUMIFS('09-أيلول'!$Q$2:$Q$500,'09-أيلول'!$F$2:$F$500,"*ليرة*"),"") -> 10157.255 | K23: =IF(K$8=1,SUMIFS('10-تشرين الأول'!$Q$2:$Q$501,'10-تشرين الأول'!$F$2:$F$501,"*ليرة*"),"") | L23: =IF(L$8=1,SUMIFS('11-تشرين الثاني'!$Q$2:$Q$501,'11-تشرين الثاني'!$F$2:$F$501,"*ليرة*"),"") | M23: =IF(M$8=1,SUMIFS('12-كانون الأول'!$Q$2:$Q$501,'12-كانون الأول'!$F$2:$F$501,"*ليرة*"),"")
A24: قيمة المخزون المسعّر بالدولار | B24: =IF(B$8=1,SUMIFS('01-كانون الثاني'!$Q$2:$Q$501,'01-كانون الثاني'!$F$2:$F$501,"*دولار*"),"") | C24: =IF(C$8=1,SUMIFS('02-شباط'!$Q$2:$Q$501,'02-شباط'!$F$2:$F$501,"*دولار*"),"") | D24: =IF(D$8=1,SUMIFS('03-آذار'!$Q$2:$Q$501,'03-آذار'!$F$2:$F$501,"*دولار*"),"") | E24: =IF(E$8=1,SUMIFS('04-نيسان'!$Q$2:$Q$501,'04-نيسان'!$F$2:$F$501,"*دولار*"),"") | F24: =IF(F$8=1,SUMIFS('05-أيار'!$Q$2:$Q$501,'05-أيار'!$F$2:$F$501,"*دولار*"),"") | G24: =IF(G$8=1,SUMIFS('06-حزيران'!$Q$2:$Q$499,'06-حزيران'!$F$2:$F$499,"*دولار*"),"") -> 29259.799 | H24: =IF(H$8=1,SUMIFS('07-تموز'!$Q$2:$Q$500,'07-تموز'!$F$2:$F$500,"*دولار*"),"") -> 34979.925 | I24: =IF(I$8=1,SUMIFS('08-آب'!$Q$2:$Q$501,'08-آب'!$F$2:$F$501,"*دولار*"),"") -> 33915.3 | J24: =IF(J$8=1,SUMIFS('09-أيلول'!$Q$2:$Q$500,'09-أيلول'!$F$2:$F$500,"*دولار*"),"") -> 34743.512 | K24: =IF(K$8=1,SUMIFS('10-تشرين الأول'!$Q$2:$Q$501,'10-تشرين الأول'!$F$2:$F$501,"*دولار*"),"") | L24: =IF(L$8=1,SUMIFS('11-تشرين الثاني'!$Q$2:$Q$501,'11-تشرين الثاني'!$F$2:$F$501,"*دولار*"),"") | M24: =IF(M$8=1,SUMIFS('12-كانون الأول'!$Q$2:$Q$501,'12-كانون الأول'!$F$2:$F$501,"*دولار*"),"")
A25: نسبة المخزون المسعّر بالليرة % (تعرّض لتقلب الصرف) | B25: =IF(B$8=1,IF(B11>0,B23/B11,0),"") | C25: =IF(C$8=1,IF(C11>0,C23/C11,0),"") | D25: =IF(D$8=1,IF(D11>0,D23/D11,0),"") | E25: =IF(E$8=1,IF(E11>0,E23/E11,0),"") | F25: =IF(F$8=1,IF(F11>0,F23/F11,0),"") | G25: =IF(G$8=1,IF(G11>0,G23/G11,0),"") -> 0.34596546 | H25: =IF(H$8=1,IF(H11>0,H23/H11,0),"") -> 0.27863105 | I25: =IF(I$8=1,IF(I11>0,I23/I11,0),"") -> 0.29260627 | ... M25: =IF(M$8=1,IF(M11>0,M23/M11,0),"")
A26: المقارنة بالشهر السابق
A27: تغير قيمة المستودع عن الشهر السابق | B27: — | C27: =IF(AND(C$8=1,B$8=1),C11-B11,"") | D27: =IF(AND(D$8=1,C$8=1),D11-C11,"") | E27: =IF(AND(E$8=1,D$8=1),E11-D11,"") | F27: =IF(AND(F$8=1,E$8=1),F11-E11,"") | G27: =IF(AND(G$8=1,F$8=1),G11-F11,"") | H27: =IF(AND(H$8=1,G$8=1),H11-G11,"") -> 3753.6416 | I27: =IF(AND(I$8=1,H$8=1),I11-H11,"") -> -547.01091 | J27: =IF(AND(J$8=1,I$8=1),J11-I11,"") -> -3043.2541 | ... M27: =IF(AND(M$8=1,L$8=1),M11-L11,"")
A28: تغير قيمة المستودع % | B28: — | C28: =IF(AND(C$8=1,B$8=1),IF(B11>0,(C11-B11)/B11,0),"") | D28: =IF(AND(D$8=1,C$8=1),IF(C11>0,(D11-C11)/C11,0),"") | E28: =IF(AND(E$8=1,D$8=1),IF(D11>0,(E11-D11)/D11,0),"") | F28: =IF(AND(F$8=1,E$8=1),IF(E11>0,(F11-E11)/E11,0),"") | G28: =IF(AND(G$8=1,F$8=1),IF(F11>0,(G11-F11)/F11,0),"") | H28: =IF(AND(H$8=1,G$8=1),IF(G11>0,(H11-G11)/G11,0),"") -> 0.083903901 | I28: =IF(AND(I$8=1,H$8=1),IF(H11>0,(I11-H11)/H11,0),"") -> -0.011280661 | J28: =IF(AND(J$8=1,I$8=1),IF(I11>0,(J11-I11)/I11,0),"") -> -0.063475153 | ... M28: =IF(AND(M$8=1,L$8=1),IF(L11>0,(M11-L11)/L11,0),"")
A29: تغير الربح المتوقع عن الشهر السابق | B29: — | C29: =IF(AND(C$8=1,B$8=1),C14-B14,"") | D29: =IF(AND(D$8=1,C$8=1),D14-C14,"") | E29: =IF(AND(E$8=1,D$8=1),E14-D14,"") | F29: =IF(AND(F$8=1,E$8=1),F14-E14,"") | G29: =IF(AND(G$8=1,F$8=1),G14-F14,"") | H29: =IF(AND(H$8=1,G$8=1),H14-G14,"") -> -541.16637 | I29: =IF(AND(I$8=1,H$8=1),I14-H14,"") -> 333.1659 | J29: =IF(AND(J$8=1,I$8=1),J14-I14,"") -> -1858.9919 | ... M29: =IF(AND(M$8=1,L$8=1),M14-L14,"")
A30: أصناف جديدة | B30: — | C30: =IF(AND(AND(C5>0,C5<=500),AND(B5>0,B5<=500)),COUNTIF('02-شباط'!$W$2:$W$501,"جديد"),"") | D30: =IF(AND(AND(D5>0,D5<=500),AND(C5>0,C5<=500)),COUNTIF('03-آذار'!$W$2:$W$501,"جديد"),"") | E30: =IF(AND(AND(E5>0,E5<=500),AND(D5>0,D5<=500)),COUNTIF('04-نيسان'!$W$2:$W$501,"جديد"),"") | F30: =IF(AND(AND(F5>0,F5<=500),AND(E5>0,E5<=500)),COUNTIF('05-أيار'!$W$2:$W$501,"جديد"),"") | G30: =IF(AND(AND(G5>0,G5<=500),AND(F5>0,F5<=500)),COUNTIF('06-حزيران'!$W$2:$W$499,"جديد"),"") | H30: =IF(AND(AND(H5>0,H5<=500),AND(G5>0,G5<=500)),COUNTIF('07-تموز'!$W$2:$W$500,"جديد"),"") -> 3 | I30: =IF(AND(AND(I5>0,I5<=500),AND(H5>0,H5<=500)),COUNTIF('08-آب'!$W$2:$W$501,"جديد"),"") -> 22 | J30: =IF(AND(AND(J5>0,J5<=500),AND(I5>0,I5<=500)),COUNTIF('09-أيلول'!$W$2:$W$500,"جديد"),"") -> 8 | K30: =IF(AND(AND(K5>0,K5<=500),AND(J5>0,J5<=500)),COUNTIF('10-تشرين الأول'!$W$2:$W$501,"جديد"),"") | L30: =IF(AND(AND(L5>0,L5<=500),AND(K5>0,K5<=500)),COUNTIF('11-تشرين الثاني'!$W$2:$W$501,"جديد"),"") | M30: =IF(AND(AND(M5>0,M5<=500),AND(L5>0,L5<=500)),COUNTIF('12-كانون الأول'!$W$2:$W$501,"جديد"),"")
A31: أصناف محذوفة | B31: — | C31: =IF(AND(AND(C5>0,C5<=500),AND(B5>0,B5<=500)),COUNTIF('01-كانون الثاني'!$AC$2:$AC$501,"محذوف لاحقاً"),"") | D31: =IF(AND(AND(D5>0,D5<=500),AND(C5>0,C5<=500)),COUNTIF('02-شباط'!$AC$2:$AC$501,"محذوف لاحقاً"),"") | E31: =IF(AND(AND(E5>0,E5<=500),AND(D5>0,D5<=500)),COUNTIF('03-آذار'!$AC$2:$AC$501,"محذوف لاحقاً"),"") | F31: =IF(AND(AND(F5>0,F5<=500),AND(E5>0,E5<=500)),COUNTIF('04-نيسان'!$AC$2:$AC$501,"محذوف لاحقاً"),"") | G31: =IF(AND(AND(G5>0,G5<=500),AND(F5>0,F5<=500)),COUNTIF('05-أيار'!$AC$2:$AC$501,"محذوف لاحقاً"),"") | H31: =IF(AND(AND(H5>0,H5<=500),AND(G5>0,G5<=500)),COUNTIF('06-حزيران'!$AC$2:$AC$499,"محذوف لاحقاً"),"") -> 0 | I31: =IF(AND(AND(I5>0,I5<=500),AND(H5>0,H5<=500)),COUNTIF('07-تموز'!$AC$2:$AC$500,"محذوف لاحقاً"),"") -> 0 | J31: =IF(AND(AND(J5>0,J5<=500),AND(I5>0,I5<=500)),COUNTIF('08-آب'!$AC$2:$AC$501,"محذوف لاحقاً"),"") -> 1 | K31: =IF(AND(AND(K5>0,K5<=500),AND(J5>0,J5<=500)),COUNTIF('09-أيلول'!$AC$2:$AC$500,"محذوف لاحقاً"),"") | L31: =IF(AND(AND(L5>0,L5<=500),AND(K5>0,K5<=500)),COUNTIF('10-تشرين الأول'!$AC$2:$AC$501,"محذوف لاحقاً"),"") | M31: =IF(AND(AND(M5>0,M5<=500),AND(L5>0,L5<=500)),COUNTIF('11-تشرين الثاني'!$AC$2:$AC$501,"محذوف لاحقاً"),"")
A32: أصناف زادت كميتها (غير الجديدة) | B32: — | C32: =IF(AND(AND(C5>0,C5<=500),AND(B5>0,B5<=500)),COUNTIFS('02-شباط'!$Y$2:$Y$501,">0",'02-شباط'!$W$2:$W$501,"<>جديد"),"") | D32: =IF(AND(AND(D5>0,D5<=500),AND(C5>0,C5<=500)),COUNTIFS('03-آذار'!$Y$2:$Y$501,">0",'03-آذار'!$W$2:$W$501,"<>جديد"),"") | E32: =IF(AND(AND(E5>0,E5<=500),AND(D5>0,D5<=500)),COUNTIFS('04-نيسان'!$Y$2:$Y$501,">0",'04-نيسان'!$W$2:$W$501,"<>جديد"),"") | F32: =IF(AND(AND(F5>0,F5<=500),AND(E5>0,E5<=500)),COUNTIFS('05-أيار'!$Y$2:$Y$501,">0",'05-أيار'!$W$2:$W$501,"<>جديد"),"") | G32: =IF(AND(AND(G5>0,G5<=500),AND(F5>0,F5<=500)),COUNTIFS('06-حزيران'!$Y$2:$Y$499,">0",'06-حزيران'!$W$2:$W$499,"<>جديد"),"") | H32: =IF(AND(AND(H5>0,H5<=500),AND(G5>0,G5<=500)),COUNTIFS('07-تموز'!$Y$2:$Y$500,">0",'07-تموز'!$W$2:$W$500,"<>جديد"),"") -> 30 | I32: =IF(AND(AND(I5>0,I5<=500),AND(H5>0,H5<=500)),COUNTIFS('08-آب'!$Y$2:$Y$501,">0",'08-آب'!$W$2:$W$501,"<>جديد"),"") -> 32 | J32: =IF(AND(AND(J5>0,J5<=500),AND(I5>0,I5<=500)),COUNTIFS('09-أيلول'!$Y$2:$Y$500,">0",'09-أيلول'!$W$2:$W$500,"<>جديد"),"") -> 19 | K32: =IF(AND(AND(K5>0,K5<=500),AND(J5>0,J5<=500)),COUNTIFS('10-تشرين الأول'!$Y$2:$Y$501,">0",'10-تشرين الأول'!$W$2:$W$501,"<>جديد"),"") | L32: =IF(AND(AND(L5>0,L5<=500),AND(K5>0,K5<=500)),COUNTIFS('11-تشرين الثاني'!$Y$2:$Y$501,">0",'11-تشرين الثاني'!$W$2:$W$501,"<>جديد"),"") | M32: =IF(AND(AND(M5>0,M5<=500),AND(L5>0,L5<=500)),COUNTIFS('12-كانون الأول'!$Y$2:$Y$501,">0",'12-كانون الأول'!$W$2:$W$501,"<>جديد"),"")
A33: أصناف نقصت كميتها | B33: — | C33: =IF(AND(AND(C5>0,C5<=500),AND(B5>0,B5<=500)),COUNTIFS('02-شباط'!$Y$2:$Y$501,"<0",'02-شباط'!$W$2:$W$501,"<>جديد"),"") | D33: =IF(AND(AND(D5>0,D5<=500),AND(C5>0,C5<=500)),COUNTIFS('03-آذار'!$Y$2:$Y$501,"<0",'03-آذار'!$W$2:$W$501,"<>جديد"),"") | E33: =IF(AND(AND(E5>0,E5<=500),AND(D5>0,D5<=500)),COUNTIFS('04-نيسان'!$Y$2:$Y$501,"<0",'04-نيسان'!$W$2:$W$501,"<>جديد"),"") | F33: =IF(AND(AND(F5>0,F5<=500),AND(E5>0,E5<=500)),COUNTIFS('05-أيار'!$Y$2:$Y$501,"<0",'05-أيار'!$W$2:$W$501,"<>جديد"),"") | G33: =IF(AND(AND(G5>0,G5<=500),AND(F5>0,F5<=500)),COUNTIFS('06-حزيران'!$Y$2:$Y$499,"<0",'06-حزيران'!$W$2:$W$499,"<>جديد"),"") | H33: =IF(AND(AND(H5>0,H5<=500),AND(G5>0,G5<=500)),COUNTIFS('07-تموز'!$Y$2:$Y$500,"<0",'07-تموز'!$W$2:$W$500,"<>جديد"),"") -> 40 | I33: =IF(AND(AND(I5>0,I5<=500),AND(H5>0,H5<=500)),COUNTIFS('08-آب'!$Y$2:$Y$501,"<0",'08-آب'!$W$2:$W$501,"<>جديد"),"") -> 49 | J33: =IF(AND(AND(J5>0,J5<=500),AND(I5>0,I5<=500)),COUNTIFS('09-أيلول'!$Y$2:$Y$500,"<0",'09-أيلول'!$W$2:$W$500,"<>جديد"),"") -> 68 | K33: =IF(AND(AND(K5>0,K5<=500),AND(J5>0,J5<=500)),COUNTIFS('10-تشرين الأول'!$Y$2:$Y$501,"<0",'10-تشرين الأول'!$W$2:$W$501,"<>جديد"),"") | L33: =IF(AND(AND(L5>0,L5<=500),AND(K5>0,K5<=500)),COUNTIFS('11-تشرين الثاني'!$Y$2:$Y$501,"<0",'11-تشرين الثاني'!$W$2:$W$501,"<>جديد"),"") | M33: =IF(AND(AND(M5>0,M5<=500),AND(L5>0,L5<=500)),COUNTIFS('12-كانون الأول'!$Y$2:$Y$501,"<0",'12-كانون الأول'!$W$2:$W$501,"<>جديد"),"")
A34: أصناف ارتفع سعر شرائها بأكثر من النسبة المحددة | B34: — | C34: =IF(AND(AND(C5>0,C5<=500),AND(B5>0,B5<=500)),COUNTIF('02-شباط'!$AB$2:$AB$501,">"&'لوحة التحكم'!$C$12),"") | D34: =IF(AND(AND(D5>0,D5<=500),AND(C5>0,C5<=500)),COUNTIF('03-آذار'!$AB$2:$AB$501,">"&'لوحة التحكم'!$C$12),"") | E34: =IF(AND(AND(E5>0,E5<=500),AND(D5>0,D5<=500)),COUNTIF('04-نيسان'!$AB$2:$AB$501,">"&'لوحة التحكم'!$C$12),"") | F34: =IF(AND(AND(F5>0,F5<=500),AND(E5>0,E5<=500)),COUNTIF('05-أيار'!$AB$2:$AB$501,">"&'لوحة التحكم'!$C$12),"") | G34: =IF(AND(AND(G5>0,G5<=500),AND(F5>0,F5<=500)),COUNTIF('06-حزيران'!$AB$2:$AB$499,">"&'لوحة التحكم'!$C$12),"") | H34: =IF(AND(AND(H5>0,H5<=500),AND(G5>0,G5<=500)),COUNTIF('07-تموز'!$AB$2:$AB$500,">"&'لوحة التحكم'!$C$12),"") -> 1 | I34: =IF(AND(AND(I5>0,I5<=500),AND(H5>0,H5<=500)),COUNTIF('08-آب'!$AB$2:$AB$501,">"&'لوحة التحكم'!$C$12),"") -> 0 | J34: =IF(AND(AND(J5>0,J5<=500),AND(I5>0,I5<=500)),COUNTIF('09-أيلول'!$AB$2:$AB$500,">"&'لوحة التحكم'!$C$12),"") -> 0 | K34: =IF(AND(AND(K5>0,K5<=500),AND(J5>0,J5<=500)),COUNTIF('10-تشرين الأول'!$AB$2:$AB$501,">"&'لوحة التحكم'!$C$12),"") | L34: =IF(AND(AND(L5>0,L5<=500),AND(K5>0,K5<=500)),COUNTIF('11-تشرين الثاني'!$AB$2:$AB$501,">"&'لوحة التحكم'!$C$12),"") | M34: =IF(AND(AND(M5>0,M5<=500),AND(L5>0,L5<=500)),COUNTIF('12-كانون الأول'!$AB$2:$AB$501,">"&'لوحة التحكم'!$C$12),"")
A35: أصناف انخفض سعر شرائها بأكثر من النسبة المحددة | B35: — | C35: =IF(AND(AND(C5>0,C5<=500),AND(B5>0,B5<=500)),COUNTIF('02-شباط'!$AB$2:$AB$501,"<"&-'لوحة التحكم'!$C$12),"") | D35: =IF(AND(AND(D5>0,D5<=500),AND(C5>0,C5<=500)),COUNTIF('03-آذار'!$AB$2:$AB$501,"<"&-'لوحة التحكم'!$C$12),"") | E35: =IF(AND(AND(E5>0,E5<=500),AND(D5>0,D5<=500)),COUNTIF('04-نيسان'!$AB$2:$AB$501,"<"&-'لوحة التحكم'!$C$12),"") | F35: =IF(AND(AND(F5>0,F5<=500),AND(E5>0,E5<=500)),COUNTIF('05-أيار'!$AB$2:$AB$501,"<"&-'لوحة التحكم'!$C$12),"") | G35: =IF(AND(AND(G5>0,G5<=500),AND(F5>0,F5<=500)),COUNTIF('06-حزيران'!$AB$2:$AB$499,"<"&-'لوحة التحكم'!$C$12),"") | H35: =IF(AND(AND(H5>0,H5<=500),AND(G5>0,G5<=500)),COUNTIF('07-تموز'!$AB$2:$AB$500,"<"&-'لوحة التحكم'!$C$12),"") -> 0 | I35: =IF(AND(AND(I5>0,I5<=500),AND(H5>0,H5<=500)),COUNTIF('08-آب'!$AB$2:$AB$501,"<"&-'لوحة التحكم'!$C$12),"") -> 0 | J35: =IF(AND(AND(J5>0,J5<=500),AND(I5>0,I5<=500)),COUNTIF('09-أيلول'!$AB$2:$AB$500,"<"&-'لوحة التحكم'!$C$12),"") -> 1 | K35: =IF(AND(AND(K5>0,K5<=500),AND(J5>0,J5<=500)),COUNTIF('10-تشرين الأول'!$AB$2:$AB$501,"<"&-'لوحة التحكم'!$C$12),"") | L35: =IF(AND(AND(L5>0,L5<=500),AND(K5>0,K5<=500)),COUNTIF('11-تشرين الثاني'!$AB$2:$AB$501,"<"&-'لوحة التحكم'!$C$12),"") | M35: =IF(AND(AND(M5>0,M5<=500),AND(L5>0,L5<=500)),COUNTIF('12-كانون الأول'!$AB$2:$AB$501,"<"&-'لوحة التحكم'!$C$12),"")
A36: جودة البيانات (عدد الأصناف)
A37: كمية سالبة | B37: =IF(AND(B5>0,B5<=500),COUNTIF('01-كانون الثاني'!$U$2:$U$501,"*كمية سالبة*"),"") | C37: =IF(AND(C5>0,C5<=500),COUNTIF('02-شباط'!$U$2:$U$501,"*كمية سالبة*"),"") | D37: =IF(AND(D5>0,D5<=500),COUNTIF('03-آذار'!$U$2:$U$501,"*كمية سالبة*"),"") | E37: =IF(AND(E5>0,E5<=500),COUNTIF('04-نيسان'!$U$2:$U$501,"*كمية سالبة*"),"") | F37: =IF(AND(F5>0,F5<=500),COUNTIF('05-أيار'!$U$2:$U$501,"*كمية سالبة*"),"") | G37: =IF(AND(G5>0,G5<=500),COUNTIF('06-حزيران'!$U$2:$U$499,"*كمية سالبة*"),"") -> 0 | H37: =IF(AND(H5>0,H5<=500),COUNTIF('07-تموز'!$U$2:$U$500,"*كمية سالبة*"),"") -> 0 | I37: =IF(AND(I5>0,I5<=500),COUNTIF('08-آب'!$U$2:$U$501,"*كمية سالبة*"),"") -> 0 | J37: =IF(AND(J5>0,J5<=500),COUNTIF('09-أيلول'!$U$2:$U$500,"*كمية سالبة*"),"") -> 0 | K37: =IF(AND(K5>0,K5<=500),COUNTIF('10-تشرين الأول'!$U$2:$U$501,"*كمية سالبة*"),"") | L37: =IF(AND(L5>0,L5<=500),COUNTIF('11-تشرين الثاني'!$U$2:$U$501,"*كمية سالبة*"),"") | M37: =IF(AND(M5>0,M5<=500),COUNTIF('12-كانون الأول'!$U$2:$U$501,"*كمية سالبة*"),"")
A38: كمية موجبة وسعر شراء صفر | B38: =IF(AND(B5>0,B5<=500),COUNTIF('01-كانون الثاني'!$U$2:$U$501,"*شراء صفر*"),"") | C38: =IF(AND(C5>0,C5<=500),COUNTIF('02-شباط'!$U$2:$U$501,"*شراء صفر*"),"") | D38: =IF(AND(D5>0,D5<=500),COUNTIF('03-آذار'!$U$2:$U$501,"*شراء صفر*"),"") | E38: =IF(AND(E5>0,E5<=500),COUNTIF('04-نيسان'!$U$2:$U$501,"*شراء صفر*"),"") | F38: =IF(AND(F5>0,F5<=500),COUNTIF('05-أيار'!$U$2:$U$501,"*شراء صفر*"),"") | G38: =IF(AND(G5>0,G5<=500),COUNTIF('06-حزيران'!$U$2:$U$499,"*شراء صفر*"),"") -> 0 | H38: =IF(AND(H5>0,H5<=500),COUNTIF('07-تموز'!$U$2:$U$500,"*شراء صفر*"),"") -> 0 | I38: =IF(AND(I5>0,I5<=500),COUNTIF('08-آب'!$U$2:$U$501,"*شراء صفر*"),"") -> 0 | J38: =IF(AND(J5>0,J5<=500),COUNTIF('09-أيلول'!$U$2:$U$500,"*شراء صفر*"),"") -> 0 | K38: =IF(AND(K5>0,K5<=500),COUNTIF('10-تشرين الأول'!$U$2:$U$501,"*شراء صفر*"),"") | L38: =IF(AND(L5>0,L5<=500),COUNTIF('11-تشرين الثاني'!$U$2:$U$501,"*شراء صفر*"),"") | M38: =IF(AND(M5>0,M5<=500),COUNTIF('12-كانون الأول'!$U$2:$U$501,"*شراء صفر*"),"")
A39: صنف للبيع بكمية وسعر بيع صفر | B39: =IF(AND(B5>0,B5<=500),COUNTIF('01-كانون الثاني'!$U$2:$U$501,"*بيع صفر*"),"") | C39: =IF(AND(C5>0,C5<=500),COUNTIF('02-شباط'!$U$2:$U$501,"*بيع صفر*"),"") | D39: =IF(AND(D5>0,D5<=500),COUNTIF('03-آذار'!$U$2:$U$501,"*بيع صفر*"),"") | E39: =IF(AND(E5>0,E5<=500),COUNTIF('04-نيسان'!$U$2:$U$501,"*بيع صفر*"),"") | F39: =IF(AND(F5>0,F5<=500),COUNTIF('05-أيار'!$U$2:$U$501,"*بيع صفر*"),"") | G39: =IF(AND(G5>0,G5<=500),COUNTIF('06-حزيران'!$U$2:$U$499,"*بيع صفر*"),"") -> 0 | H39: =IF(AND(H5>0,H5<=500),COUNTIF('07-تموز'!$U$2:$U$500,"*بيع صفر*"),"") -> 0 | I39: =IF(AND(I5>0,I5<=500),COUNTIF('08-آب'!$U$2:$U$501,"*بيع صفر*"),"") -> 0 | J39: =IF(AND(J5>0,J5<=500),COUNTIF('09-أيلول'!$U$2:$U$500,"*بيع صفر*"),"") -> 0 | K39: =IF(AND(K5>0,K5<=500),COUNTIF('10-تشرين الأول'!$U$2:$U$501,"*بيع صفر*"),"") | L39: =IF(AND(L5>0,L5<=500),COUNTIF('11-تشرين الثاني'!$U$2:$U$501,"*بيع صفر*"),"") | M39: =IF(AND(M5>0,M5<=500),COUNTIF('12-كانون الأول'!$U$2:$U$501,"*بيع صفر*"),"")
A40: سعر البيع أقل من سعر الشراء | B40: =IF(AND(B5>0,B5<=500),COUNTIF('01-كانون الثاني'!$U$2:$U$501,"*بيع أقل من الشراء*"),"") | C40: =IF(AND(C5>0,C5<=500),COUNTIF('02-شباط'!$U$2:$U$501,"*بيع أقل من الشراء*"),"") | D40: =IF(AND(D5>0,D5<=500),COUNTIF('03-آذار'!$U$2:$U$501,"*بيع أقل من الشراء*"),"") | E40: =IF(AND(E5>0,E5<=500),COUNTIF('04-نيسان'!$U$2:$U$501,"*بيع أقل من الشراء*"),"") | F40: =IF(AND(F5>0,F5<=500),COUNTIF('05-أيار'!$U$2:$U$501,"*بيع أقل من الشراء*"),"") | G40: =IF(AND(G5>0,G5<=500),COUNTIF('06-حزيران'!$U$2:$U$499,"*بيع أقل من الشراء*"),"") -> 0 | H40: =IF(AND(H5>0,H5<=500),COUNTIF('07-تموز'!$U$2:$U$500,"*بيع أقل من الشراء*"),"") -> 0 | I40: =IF(AND(I5>0,I5<=500),COUNTIF('08-آب'!$U$2:$U$501,"*بيع أقل من الشراء*"),"") -> 0 | J40: =IF(AND(J5>0,J5<=500),COUNTIF('09-أيلول'!$U$2:$U$500,"*بيع أقل من الشراء*"),"") -> 0 | K40: =IF(AND(K5>0,K5<=500),COUNTIF('10-تشرين الأول'!$U$2:$U$501,"*بيع أقل من الشراء*"),"") | L40: =IF(AND(L5>0,L5<=500),COUNTIF('11-تشرين الثاني'!$U$2:$U$501,"*بيع أقل من الشراء*"),"") | M40: =IF(AND(M5>0,M5<=500),COUNTIF('12-كانون الأول'!$U$2:$U$501,"*بيع أقل من الشراء*"),"")
A41: عملة/سعر مشكوك | B41: =IF(AND(B5>0,B5<=500),COUNTIF('01-كانون الثاني'!$U$2:$U$501,"*مشكوك*"),"") | C41: =IF(AND(C5>0,C5<=500),COUNTIF('02-شباط'!$U$2:$U$501,"*مشكوك*"),"") | D41: =IF(AND(D5>0,D5<=500),COUNTIF('03-آذار'!$U$2:$U$501,"*مشكوك*"),"") | E41: =IF(AND(E5>0,E5<=500),COUNTIF('04-نيسان'!$U$2:$U$501,"*مشكوك*"),"") | F41: =IF(AND(F5>0,F5<=500),COUNTIF('05-أيار'!$U$2:$U$501,"*مشكوك*"),"") | G41: =IF(AND(G5>0,G5<=500),COUNTIF('06-حزيران'!$U$2:$U$499,"*مشكوك*"),"") -> 0 | H41: =IF(AND(H5>0,H5<=500),COUNTIF('07-تموز'!$U$2:$U$500,"*مشكوك*"),"") -> 0 | I41: =IF(AND(I5>0,I5<=500),COUNTIF('08-آب'!$U$2:$U$501,"*مشكوك*"),"") -> 0 | J41: =IF(AND(J5>0,J5<=500),COUNTIF('09-أيلول'!$U$2:$U$500,"*مشكوك*"),"") -> 0 | K41: =IF(AND(K5>0,K5<=500),COUNTIF('10-تشرين الأول'!$U$2:$U$501,"*مشكوك*"),"") | L41: =IF(AND(L5>0,L5<=500),COUNTIF('11-تشرين الثاني'!$U$2:$U$501,"*مشكوك*"),"") | M41: =IF(AND(M5>0,M5<=500),COUNTIF('12-كانون الأول'!$U$2:$U$501,"*مشكوك*"),"")
A42: تباين كبير بين أسعار البيع | B42: =IF(AND(B5>0,B5<=500),COUNTIF('01-كانون الثاني'!$U$2:$U$501,"*تباين*"),"") | C42: =IF(AND(C5>0,C5<=500),COUNTIF('02-شباط'!$U$2:$U$501,"*تباين*"),"") | D42: =IF(AND(D5>0,D5<=500),COUNTIF('03-آذار'!$U$2:$U$501,"*تباين*"),"") | E42: =IF(AND(E5>0,E5<=500),COUNTIF('04-نيسان'!$U$2:$U$501,"*تباين*"),"") | F42: =IF(AND(F5>0,F5<=500),COUNTIF('05-أيار'!$U$2:$U$501,"*تباين*"),"") | G42: =IF(AND(G5>0,G5<=500),COUNTIF('06-حزيران'!$U$2:$U$499,"*تباين*"),"") -> 0 | H42: =IF(AND(H5>0,H5<=500),COUNTIF('07-تموز'!$U$2:$U$500,"*تباين*"),"") -> 0 | I42: =IF(AND(I5>0,I5<=500),COUNTIF('08-آب'!$U$2:$U$501,"*تباين*"),"") -> 0 | J42: =IF(AND(J5>0,J5<=500),COUNTIF('09-أيلول'!$U$2:$U$500,"*تباين*"),"") -> 0 | K42: =IF(AND(K5>0,K5<=500),COUNTIF('10-تشرين الأول'!$U$2:$U$501,"*تباين*"),"") | L42: =IF(AND(L5>0,L5<=500),COUNTIF('11-تشرين الثاني'!$U$2:$U$501,"*تباين*"),"") | M42: =IF(AND(M5>0,M5<=500),COUNTIF('12-كانون الأول'!$U$2:$U$501,"*تباين*"),"")
A43: بلا تصنيف (الفئة الفرعية All) | B43: =IF(AND(B5>0,B5<=500),COUNTIF('01-كانون الثاني'!$U$2:$U$501,"*بلا تصنيف*"),"") | C43: =IF(AND(C5>0,C5<=500),COUNTIF('02-شباط'!$U$2:$U$501,"*بلا تصنيف*"),"") | D43: =IF(AND(D5>0,D5<=500),COUNTIF('03-آذار'!$U$2:$U$501,"*بلا تصنيف*"),"") | E43: =IF(AND(E5>0,E5<=500),COUNTIF('04-نيسان'!$U$2:$U$501,"*بلا تصنيف*"),"") | F43: =IF(AND(F5>0,F5<=500),COUNTIF('05-أيار'!$U$2:$U$501,"*بلا تصنيف*"),"") | G43: =IF(AND(G5>0,G5<=500),COUNTIF('06-حزيران'!$U$2:$U$499,"*بلا تصنيف*"),"") -> 0 | H43: =IF(AND(H5>0,H5<=500),COUNTIF('07-تموز'!$U$2:$U$500,"*بلا تصنيف*"),"") -> 0 | I43: =IF(AND(I5>0,I5<=500),COUNTIF('08-آب'!$U$2:$U$501,"*بلا تصنيف*"),"") -> 0 | J43: =IF(AND(J5>0,J5<=500),COUNTIF('09-أيلول'!$U$2:$U$500,"*بلا تصنيف*"),"") -> 0 | K43: =IF(AND(K5>0,K5<=500),COUNTIF('10-تشرين الأول'!$U$2:$U$501,"*بلا تصنيف*"),"") | L43: =IF(AND(L5>0,L5<=500),COUNTIF('11-تشرين الثاني'!$U$2:$U$501,"*بلا تصنيف*"),"") | M43: =IF(AND(M5>0,M5<=500),COUNTIF('12-كانون الأول'!$U$2:$U$501,"*بلا تصنيف*"),"")
A44: بيانات غير صالحة (نص بدل رقم / عملة مجهولة) | B44: =IF(AND(B5>0,B5<=500),COUNTIF('01-كانون الثاني'!$U$2:$U$501,"*بيانات غير صالحة*"),"") | C44: =IF(AND(C5>0,C5<=500),COUNTIF('02-شباط'!$U$2:$U$501,"*بيانات غير صالحة*"),"") | D44: =IF(AND(D5>0,D5<=500),COUNTIF('03-آذار'!$U$2:$U$501,"*بيانات غير صالحة*"),"") | E44: =IF(AND(E5>0,E5<=500),COUNTIF('04-نيسان'!$U$2:$U$501,"*بيانات غير صالحة*"),"") | F44: =IF(AND(F5>0,F5<=500),COUNTIF('05-أيار'!$U$2:$U$501,"*بيانات غير صالحة*"),"") | G44: =IF(AND(G5>0,G5<=500),COUNTIF('06-حزيران'!$U$2:$U$499,"*بيانات غير صالحة*"),"") -> 0 | H44: =IF(AND(H5>0,H5<=500),COUNTIF('07-تموز'!$U$2:$U$500,"*بيانات غير صالحة*"),"") -> 0 | I44: =IF(AND(I5>0,I5<=500),COUNTIF('08-آب'!$U$2:$U$501,"*بيانات غير صالحة*"),"") -> 0 | J44: =IF(AND(J5>0,J5<=500),COUNTIF('09-أيلول'!$U$2:$U$500,"*بيانات غير صالحة*"),"") -> 0 | K44: =IF(AND(K5>0,K5<=500),COUNTIF('10-تشرين الأول'!$U$2:$U$501,"*بيانات غير صالحة*"),"") | L44: =IF(AND(L5>0,L5<=500),COUNTIF('11-تشرين الثاني'!$U$2:$U$501,"*بيانات غير صالحة*"),"") | M44: =IF(AND(M5>0,M5<=500),COUNTIF('12-كانون الأول'!$U$2:$U$501,"*بيانات غير صالحة*"),"")
A45: إجمالي الأصناف التي بها ملاحظات | B45: =IF(AND(B5>0,B5<=500),COUNTIF('01-كانون الثاني'!$U$2:$U$501,"?*"),"") | C45: =IF(AND(C5>0,C5<=500),COUNTIF('02-شباط'!$U$2:$U$501,"?*"),"") | D45: =IF(AND(D5>0,D5<=500),COUNTIF('03-آذار'!$U$2:$U$501,"?*"),"") | E45: =IF(AND(E5>0,E5<=500),COUNTIF('04-نيسان'!$U$2:$U$501,"?*"),"") | F45: =IF(AND(F5>0,F5<=500),COUNTIF('05-أيار'!$U$2:$U$501,"?*"),"") | G45: =IF(AND(G5>0,G5<=500),COUNTIF('06-حزيران'!$U$2:$U$499,"?*"),"") -> 0 | H45: =IF(AND(H5>0,H5<=500),COUNTIF('07-تموز'!$U$2:$U$500,"?*"),"") -> 0 | I45: =IF(AND(I5>0,I5<=500),COUNTIF('08-آب'!$U$2:$U$501,"?*"),"") -> 0 | J45: =IF(AND(J5>0,J5<=500),COUNTIF('09-أيلول'!$U$2:$U$500,"?*"),"") -> 0 | K45: =IF(AND(K5>0,K5<=500),COUNTIF('10-تشرين الأول'!$U$2:$U$501,"?*"),"") | L45: =IF(AND(L5>0,L5<=500),COUNTIF('11-تشرين الثاني'!$U$2:$U$501,"?*"),"") | M45: =IF(AND(M5>0,M5<=500),COUNTIF('12-كانون الأول'!$U$2:$U$501,"?*"),"")
A46: قيمة المخزون حسب الفئة الفرعية
A47: مواد جاهزة للبيع | B47: =IF(B$8=1,SUMIFS('01-كانون الثاني'!$Q$2:$Q$501,'01-كانون الثاني'!$H$2:$H$501,$A47),"") | C47: =IF(C$8=1,SUMIFS('02-شباط'!$Q$2:$Q$501,'02-شباط'!$H$2:$H$501,$A47),"") | D47: =IF(D$8=1,SUMIFS('03-آذار'!$Q$2:$Q$501,'03-آذار'!$H$2:$H$501,$A47),"") | E47: =IF(E$8=1,SUMIFS('04-نيسان'!$Q$2:$Q$501,'04-نيسان'!$H$2:$H$501,$A47),"") | F47: =IF(F$8=1,SUMIFS('05-أيار'!$Q$2:$Q$501,'05-أيار'!$H$2:$H$501,$A47),"") | G47: =IF(G$8=1,SUMIFS('06-حزيران'!$Q$2:$Q$499,'06-حزيران'!$H$2:$H$499,$A47),"") -> 14562.043 | H47: =IF(H$8=1,SUMIFS('07-تموز'!$Q$2:$Q$500,'07-تموز'!$H$2:$H$500,$A47),"") -> 12409.127 | I47: =IF(I$8=1,SUMIFS('08-آب'!$Q$2:$Q$501,'08-آب'!$H$2:$H$501,$A47),"") -> 13081.291 | J47: =IF(J$8=1,SUMIFS('09-أيلول'!$Q$2:$Q$500,'09-أيلول'!$H$2:$H$500,$A47),"") -> 9961.3769 | K47: =IF(K$8=1,SUMIFS('10-تشرين الأول'!$Q$2:$Q$501,'10-تشرين الأول'!$H$2:$H$501,$A47),"") | L47: =IF(L$8=1,SUMIFS('11-تشرين الثاني'!$Q$2:$Q$501,'11-تشرين الثاني'!$H$2:$H$501,$A47),"") | M47: =IF(M$8=1,SUMIFS('12-كانون الأول'!$Q$2:$Q$501,'12-كانون الأول'!$H$2:$H$501,$A47),"")
A48: مواد خام | B48: =IF(B$8=1,SUMIFS('01-كانون الثاني'!$Q$2:$Q$501,'01-كانون الثاني'!$H$2:$H$501,$A48),"") | C48: =IF(C$8=1,SUMIFS('02-شباط'!$Q$2:$Q$501,'02-شباط'!$H$2:$H$501,$A48),"") | D48: =IF(D$8=1,SUMIFS('03-آذار'!$Q$2:$Q$501,'03-آذار'!$H$2:$H$501,$A48),"") | E48: =IF(E$8=1,SUMIFS('04-نيسان'!$Q$2:$Q$501,'04-نيسان'!$H$2:$H$501,$A48),"") | F48: =IF(F$8=1,SUMIFS('05-أيار'!$Q$2:$Q$501,'05-أيار'!$H$2:$H$501,$A48),"") | G48: =IF(G$8=1,SUMIFS('06-حزيران'!$Q$2:$Q$499,'06-حزيران'!$H$2:$H$499,$A48),"") -> 30160.347 | H48: =IF(H$8=1,SUMIFS('07-تموز'!$Q$2:$Q$500,'07-تموز'!$H$2:$H$500,$A48),"") -> 36058.505 | I48: =IF(I$8=1,SUMIFS('08-آب'!$Q$2:$Q$501,'08-آب'!$H$2:$H$501,$A48),"") -> 34854.33 | J48: =IF(J$8=1,SUMIFS('09-أيلول'!$Q$2:$Q$500,'09-أيلول'!$H$2:$H$500,$A48),"") -> 34922.59 | K48: =IF(K$8=1,SUMIFS('10-تشرين الأول'!$Q$2:$Q$501,'10-تشرين الأول'!$H$2:$H$501,$A48),"") | L48: =IF(L$8=1,SUMIFS('11-تشرين الثاني'!$Q$2:$Q$501,'11-تشرين الثاني'!$H$2:$H$501,$A48),"") | M48: =IF(M$8=1,SUMIFS('12-كانون الأول'!$Q$2:$Q$501,'12-كانون الأول'!$H$2:$H$501,$A48),"")
A49: الطبخات | B49: =IF(B$8=1,SUMIFS('01-كانون الثاني'!$Q$2:$Q$501,'01-كانون الثاني'!$H$2:$H$501,$A49),"") | C49: =IF(C$8=1,SUMIFS('02-شباط'!$Q$2:$Q$501,'02-شباط'!$H$2:$H$501,$A49),"") | D49: =IF(D$8=1,SUMIFS('03-آذار'!$Q$2:$Q$501,'03-آذار'!$H$2:$H$501,$A49),"") | E49: =IF(E$8=1,SUMIFS('04-نيسان'!$Q$2:$Q$501,'04-نيسان'!$H$2:$H$501,$A49),"") | F49: =IF(F$8=1,SUMIFS('05-أيار'!$Q$2:$Q$501,'05-أيار'!$H$2:$H$501,$A49),"") | G49: =IF(G$8=1,SUMIFS('06-حزيران'!$Q$2:$Q$499,'06-حزيران'!$H$2:$H$499,$A49),"") -> 15 | H49: =IF(H$8=1,SUMIFS('07-تموز'!$Q$2:$Q$500,'07-تموز'!$H$2:$H$500,$A49),"") -> 23.4 | I49: =IF(I$8=1,SUMIFS('08-آب'!$Q$2:$Q$501,'08-آب'!$H$2:$H$501,$A49),"") -> 8.4 | J49: =IF(J$8=1,SUMIFS('09-أيلول'!$Q$2:$Q$500,'09-أيلول'!$H$2:$H$500,$A49),"") -> 16.8 | K49: =IF(K$8=1,SUMIFS('10-تشرين الأول'!$Q$2:$Q$501,'10-تشرين الأول'!$H$2:$H$501,$A49),"") | L49: =IF(L$8=1,SUMIFS('11-تشرين الثاني'!$Q$2:$Q$501,'11-تشرين الثاني'!$H$2:$H$501,$A49),"") | M49: =IF(M$8=1,SUMIFS('12-كانون الأول'!$Q$2:$Q$501,'12-كانون الأول'!$H$2:$H$501,$A49),"")
A50: All | B50: =IF(B$8=1,SUMIFS('01-كانون الثاني'!$Q$2:$Q$501,'01-كانون الثاني'!$H$2:$H$501,$A50),"") | C50: =IF(C$8=1,SUMIFS('02-شباط'!$Q$2:$Q$501,'02-شباط'!$H$2:$H$501,$A50),"") | D50: =IF(D$8=1,SUMIFS('03-آذار'!$Q$2:$Q$501,'03-آذار'!$H$2:$H$501,$A50),"") | E50: =IF(E$8=1,SUMIFS('04-نيسان'!$Q$2:$Q$501,'04-نيسان'!$H$2:$H$501,$A50),"") | F50: =IF(F$8=1,SUMIFS('05-أيار'!$Q$2:$Q$501,'05-أيار'!$H$2:$H$501,$A50),"") | G50: =IF(G$8=1,SUMIFS('06-حزيران'!$Q$2:$Q$499,'06-حزيران'!$H$2:$H$499,$A50),"") -> 0 | H50: =IF(H$8=1,SUMIFS('07-تموز'!$Q$2:$Q$500,'07-تموز'!$H$2:$H$500,$A50),"") -> 0 | I50: =IF(I$8=1,SUMIFS('08-آب'!$Q$2:$Q$501,'08-آب'!$H$2:$H$501,$A50),"") -> 0 | J50: =IF(J$8=1,SUMIFS('09-أيلول'!$Q$2:$Q$500,'09-أيلول'!$H$2:$H$500,$A50),"") -> 0 | K50: =IF(K$8=1,SUMIFS('10-تشرين الأول'!$Q$2:$Q$501,'10-تشرين الأول'!$H$2:$H$501,$A50),"") | L50: =IF(L$8=1,SUMIFS('11-تشرين الثاني'!$Q$2:$Q$501,'11-تشرين الثاني'!$H$2:$H$501,$A50),"") | M50: =IF(M$8=1,SUMIFS('12-كانون الأول'!$Q$2:$Q$501,'12-كانون الأول'!$H$2:$H$501,$A50),"")
A51: أخرى / غير مدرجة | B51: =IF(B$8=1,B11-SUM(B47:B50),"") | C51: =IF(C$8=1,C11-SUM(C47:C50),"") | D51: =IF(D$8=1,D11-SUM(D47:D50),"") | E51: =IF(E$8=1,E11-SUM(E47:E50),"") | F51: =IF(F$8=1,F11-SUM(F47:F50),"") | G51: =IF(G$8=1,G11-SUM(G47:G50),"") -> 0 | H51: =IF(H$8=1,H11-SUM(H47:H50),"") -> 0 | I51: =IF(I$8=1,I11-SUM(I47:I50),"") -> 1.4551915e-11 | ... M51: =IF(M$8=1,M11-SUM(M47:M50),"")
A52: الربح المتوقع حسب الفئة الفرعية
A53: =A47 -> مواد جاهزة للبيع | B53: =IF(B$8=1,SUMIFS('01-كانون الثاني'!$T$2:$T$501,'01-كانون الثاني'!$H$2:$H$501,$A53),"") | C53: =IF(C$8=1,SUMIFS('02-شباط'!$T$2:$T$501,'02-شباط'!$H$2:$H$501,$A53),"") | D53: =IF(D$8=1,SUMIFS('03-آذار'!$T$2:$T$501,'03-آذار'!$H$2:$H$501,$A53),"") | E53: =IF(E$8=1,SUMIFS('04-نيسان'!$T$2:$T$501,'04-نيسان'!$H$2:$H$501,$A53),"") | F53: =IF(F$8=1,SUMIFS('05-أيار'!$T$2:$T$501,'05-أيار'!$H$2:$H$501,$A53),"") | G53: =IF(G$8=1,SUMIFS('06-حزيران'!$T$2:$T$499,'06-حزيران'!$H$2:$H$499,$A53),"") -> 9043.7239 | H53: =IF(H$8=1,SUMIFS('07-تموز'!$T$2:$T$500,'07-تموز'!$H$2:$H$500,$A53),"") -> 8099.0701 | I53: =IF(I$8=1,SUMIFS('08-آب'!$T$2:$T$501,'08-آب'!$H$2:$H$501,$A53),"") -> 8253.0839 | J53: =IF(J$8=1,SUMIFS('09-أيلول'!$T$2:$T$500,'09-أيلول'!$H$2:$H$500,$A53),"") -> 6503.0826 | K53: =IF(K$8=1,SUMIFS('10-تشرين الأول'!$T$2:$T$501,'10-تشرين الأول'!$H$2:$H$501,$A53),"") | L53: =IF(L$8=1,SUMIFS('11-تشرين الثاني'!$T$2:$T$501,'11-تشرين الثاني'!$H$2:$H$501,$A53),"") | M53: =IF(M$8=1,SUMIFS('12-كانون الأول'!$T$2:$T$501,'12-كانون الأول'!$H$2:$H$501,$A53),"")
A54: =A48 -> مواد خام | B54: =IF(B$8=1,SUMIFS('01-كانون الثاني'!$T$2:$T$501,'01-كانون الثاني'!$H$2:$H$501,$A54),"") | C54: =IF(C$8=1,SUMIFS('02-شباط'!$T$2:$T$501,'02-شباط'!$H$2:$H$501,$A54),"") | D54: =IF(D$8=1,SUMIFS('03-آذار'!$T$2:$T$501,'03-آذار'!$H$2:$H$501,$A54),"") | E54: =IF(E$8=1,SUMIFS('04-نيسان'!$T$2:$T$501,'04-نيسان'!$H$2:$H$501,$A54),"") | F54: =IF(F$8=1,SUMIFS('05-أيار'!$T$2:$T$501,'05-أيار'!$H$2:$H$501,$A54),"") | G54: =IF(G$8=1,SUMIFS('06-حزيران'!$T$2:$T$499,'06-حزيران'!$H$2:$H$499,$A54),"") -> 307.89364 | H54: =IF(H$8=1,SUMIFS('07-تموز'!$T$2:$T$500,'07-تموز'!$H$2:$H$500,$A54),"") -> 711.38113 | I54: =IF(I$8=1,SUMIFS('08-آب'!$T$2:$T$501,'08-آب'!$H$2:$H$501,$A54),"") -> 890.53317 | J54: =IF(J$8=1,SUMIFS('09-أيلول'!$T$2:$T$500,'09-أيلول'!$H$2:$H$500,$A54),"") -> 781.54255 | K54: =IF(K$8=1,SUMIFS('10-تشرين الأول'!$T$2:$T$501,'10-تشرين الأول'!$H$2:$H$501,$A54),"") | L54: =IF(L$8=1,SUMIFS('11-تشرين الثاني'!$T$2:$T$501,'11-تشرين الثاني'!$H$2:$H$501,$A54),"") | M54: =IF(M$8=1,SUMIFS('12-كانون الأول'!$T$2:$T$501,'12-كانون الأول'!$H$2:$H$501,$A54),"")
A55: =A49 -> الطبخات | B55: =IF(B$8=1,SUMIFS('01-كانون الثاني'!$T$2:$T$501,'01-كانون الثاني'!$H$2:$H$501,$A55),"") | C55: =IF(C$8=1,SUMIFS('02-شباط'!$T$2:$T$501,'02-شباط'!$H$2:$H$501,$A55),"") | D55: =IF(D$8=1,SUMIFS('03-آذار'!$T$2:$T$501,'03-آذار'!$H$2:$H$501,$A55),"") | E55: =IF(E$8=1,SUMIFS('04-نيسان'!$T$2:$T$501,'04-نيسان'!$H$2:$H$501,$A55),"") | F55: =IF(F$8=1,SUMIFS('05-أيار'!$T$2:$T$501,'05-أيار'!$H$2:$H$501,$A55),"") | G55: =IF(G$8=1,SUMIFS('06-حزيران'!$T$2:$T$499,'06-حزيران'!$H$2:$H$499,$A55),"") -> 0 | H55: =IF(H$8=1,SUMIFS('07-تموز'!$T$2:$T$500,'07-تموز'!$H$2:$H$500,$A55),"") -> 0 | I55: =IF(I$8=1,SUMIFS('08-آب'!$T$2:$T$501,'08-آب'!$H$2:$H$501,$A55),"") -> 0 | J55: =IF(J$8=1,SUMIFS('09-أيلول'!$T$2:$T$500,'09-أيلول'!$H$2:$H$500,$A55),"") -> 0 | K55: =IF(K$8=1,SUMIFS('10-تشرين الأول'!$T$2:$T$501,'10-تشرين الأول'!$H$2:$H$501,$A55),"") | L55: =IF(L$8=1,SUMIFS('11-تشرين الثاني'!$T$2:$T$501,'11-تشرين الثاني'!$H$2:$H$501,$A55),"") | M55: =IF(M$8=1,SUMIFS('12-كانون الأول'!$T$2:$T$501,'12-كانون الأول'!$H$2:$H$501,$A55),"")
A56: =A50 -> All | B56: =IF(B$8=1,SUMIFS('01-كانون الثاني'!$T$2:$T$501,'01-كانون الثاني'!$H$2:$H$501,$A56),"") | C56: =IF(C$8=1,SUMIFS('02-شباط'!$T$2:$T$501,'02-شباط'!$H$2:$H$501,$A56),"") | D56: =IF(D$8=1,SUMIFS('03-آذار'!$T$2:$T$501,'03-آذار'!$H$2:$H$501,$A56),"") | E56: =IF(E$8=1,SUMIFS('04-نيسان'!$T$2:$T$501,'04-نيسان'!$H$2:$H$501,$A56),"") | F56: =IF(F$8=1,SUMIFS('05-أيار'!$T$2:$T$501,'05-أيار'!$H$2:$H$501,$A56),"") | G56: =IF(G$8=1,SUMIFS('06-حزيران'!$T$2:$T$499,'06-حزيران'!$H$2:$H$499,$A56),"") -> 0 | H56: =IF(H$8=1,SUMIFS('07-تموز'!$T$2:$T$500,'07-تموز'!$H$2:$H$500,$A56),"") -> 0 | I56: =IF(I$8=1,SUMIFS('08-آب'!$T$2:$T$501,'08-آب'!$H$2:$H$501,$A56),"") -> 0 | J56: =IF(J$8=1,SUMIFS('09-أيلول'!$T$2:$T$500,'09-أيلول'!$H$2:$H$500,$A56),"") -> 0 | K56: =IF(K$8=1,SUMIFS('10-تشرين الأول'!$T$2:$T$501,'10-تشرين الأول'!$H$2:$H$501,$A56),"") | L56: =IF(L$8=1,SUMIFS('11-تشرين الثاني'!$T$2:$T$501,'11-تشرين الثاني'!$H$2:$H$501,$A56),"") | M56: =IF(M$8=1,SUMIFS('12-كانون الأول'!$T$2:$T$501,'12-كانون الأول'!$H$2:$H$501,$A56),"")
A57: أخرى / غير مدرجة | B57: =IF(B$8=1,B14-SUM(B53:B56),"") | C57: =IF(C$8=1,C14-SUM(C53:C56),"") | D57: =IF(D$8=1,D14-SUM(D53:D56),"") | E57: =IF(E$8=1,E14-SUM(E53:E56),"") | F57: =IF(F$8=1,F14-SUM(F53:F56),"") | G57: =IF(G$8=1,G14-SUM(G53:G56),"") -> -3.6379788e-12 | H57: =IF(H$8=1,H14-SUM(H53:H56),"") -> 0 | I57: =IF(I$8=1,I14-SUM(I53:I56),"") -> 7.2759576e-12 | ... M57: =IF(M$8=1,M14-SUM(M53:M56),"")

Sheet تصدير للتقارير
A1: تصدير للتقارير — الأرقام التي تُنقل شهريًا إلى ملف التقارير
A2: انسخ الخلايا A:E من صف الشهر (بعد أن يصبح نظيفًا) والصقها في ملف التقارير داخل A21:E21 من صفحة ذلك الشهر «كقيم فقط» (Ctrl+Alt+V ثم V). العمود F للمعلومة ولا يُنسخ.
A4: رقم الشهر | B4: سعر الصرف المستخدم | C4: مخزون مسعّر بالدولار ($) | D4: مخزون مسعّر بالليرة (ل.س) | E4: أصناف بها أخطاء | F4: الحالة (لا يُنسخ)
A5: 1 | B5: =IF('الملخص الشهري'!B8=1,'الملخص الشهري'!B6,"") | C5: =IF('الملخص الشهري'!B8=1,ROUND('الملخص الشهري'!B24,2),"") | D5: =IF('الملخص الشهري'!B8=1,ROUND('الملخص الشهري'!B23*'الملخص الشهري'!B6,0),"") | E5: =IF('الملخص الشهري'!B8=1,'الملخص الشهري'!B45,"") | F5: =IF('الملخص الشهري'!B8=1,IF('الملخص الشهري'!B45=0,"✅ جاهز للنسخ","⚠ فيه "&'الملخص الشهري'!B45&" صنف بأخطاء — صحّح ثم أعد التصدير"),'الملخص الشهري'!B7) -> لا بيانات
A6: 2 | B6: =IF('الملخص الشهري'!C8=1,'الملخص الشهري'!C6,"") | C6: =IF('الملخص الشهري'!C8=1,ROUND('الملخص الشهري'!C24,2),"") | D6: =IF('الملخص الشهري'!C8=1,ROUND('الملخص الشهري'!C23*'الملخص الشهري'!C6,0),"") | E6: =IF('الملخص الشهري'!C8=1,'الملخص الشهري'!C45,"") | F6: =IF('الملخص الشهري'!C8=1,IF('الملخص الشهري'!C45=0,"✅ جاهز للنسخ","⚠ فيه "&'الملخص الشهري'!C45&" صنف بأخطاء — صحّح ثم أعد التصدير"),'الملخص الشهري'!C7) -> لا بيانات
A7: 3 | B7: =IF('الملخص الشهري'!D8=1,'الملخص الشهري'!D6,"") | C7: =IF('الملخص الشهري'!D8=1,ROUND('الملخص الشهري'!D24,2),"") | D7: =IF('الملخص الشهري'!D8=1,ROUND('الملخص الشهري'!D23*'الملخص الشهري'!D6,0),"") | E7: =IF('الملخص الشهري'!D8=1,'الملخص الشهري'!D45,"") | F7: =IF('الملخص الشهري'!D8=1,IF('الملخص الشهري'!D45=0,"✅ جاهز للنسخ","⚠ فيه "&'الملخص الشهري'!D45&" صنف بأخطاء — صحّح ثم أعد التصدير"),'الملخص الشهري'!D7) -> لا بيانات
A8: 4 | B8: =IF('الملخص الشهري'!E8=1,'الملخص الشهري'!E6,"") | C8: =IF('الملخص الشهري'!E8=1,ROUND('الملخص الشهري'!E24,2),"") | D8: =IF('الملخص الشهري'!E8=1,ROUND('الملخص الشهري'!E23*'الملخص الشهري'!E6,0),"") | E8: =IF('الملخص الشهري'!E8=1,'الملخص الشهري'!E45,"") | F8: =IF('الملخص الشهري'!E8=1,IF('الملخص الشهري'!E45=0,"✅ جاهز للنسخ","⚠ فيه "&'الملخص الشهري'!E45&" صنف بأخطاء — صحّح ثم أعد التصدير"),'الملخص الشهري'!E7) -> لا بيانات
A9: 5 | B9: =IF('الملخص الشهري'!F8=1,'الملخص الشهري'!F6,"") | C9: =IF('الملخص الشهري'!F8=1,ROUND('الملخص الشهري'!F24,2),"") | D9: =IF('الملخص الشهري'!F8=1,ROUND('الملخص الشهري'!F23*'الملخص الشهري'!F6,0),"") | E9: =IF('الملخص الشهري'!F8=1,'الملخص الشهري'!F45,"") | F9: =IF('الملخص الشهري'!F8=1,IF('الملخص الشهري'!F45=0,"✅ جاهز للنسخ","⚠ فيه "&'الملخص الشهري'!F45&" صنف بأخطاء — صحّح ثم أعد التصدير"),'الملخص الشهري'!F7) -> لا بيانات
A10: 6 | B10: =IF('الملخص الشهري'!G8=1,'الملخص الشهري'!G6,"") -> 13200 | C10: =IF('الملخص الشهري'!G8=1,ROUND('الملخص الشهري'!G24,2),"") -> 29259.8 | D10: =IF('الملخص الشهري'!G8=1,ROUND('الملخص الشهري'!G23*'الملخص الشهري'!G6,0),"") -> 204304214 | E10: =IF('الملخص الشهري'!G8=1,'الملخص الشهري'!G45,"") -> 0 | F10: =IF('الملخص الشهري'!G8=1,IF('الملخص الشهري'!G45=0,"✅ جاهز للنسخ","⚠ فيه "&'الملخص الشهري'!G45&" صنف بأخطاء — صحّح ثم أعد التصدير"),'الملخص الشهري'!G7) -> ✅ جاهز للنسخ
A11: 7 | B11: =IF('الملخص الشهري'!H8=1,'الملخص الشهري'!H6,"") -> 13300 | C11: =IF('الملخص الشهري'!H8=1,ROUND('الملخص الشهري'!H24,2),"") -> 34979.92 | D11: =IF('الملخص الشهري'!H8=1,ROUND('الملخص الشهري'!H23*'الملخص الشهري'!H6,0),"") -> 179697728 | E11: =IF('الملخص الشهري'!H8=1,'الملخص الشهري'!H45,"") -> 0 | F11: =IF('الملخص الشهري'!H8=1,IF('الملخص الشهري'!H45=0,"✅ جاهز للنسخ","⚠ فيه "&'الملخص الشهري'!H45&" صنف بأخطاء — صحّح ثم أعد التصدير"),'الملخص الشهري'!H7) -> ✅ جاهز للنسخ
A12: 8 | B12: =IF('الملخص الشهري'!I8=1,'الملخص الشهري'!I6,"") -> 13200 | C12: =IF('الملخص الشهري'!I8=1,ROUND('الملخص الشهري'!I24,2),"") -> 33915.3 | D12: =IF('الملخص الشهري'!I8=1,ROUND('الملخص الشهري'!I23*'الملخص الشهري'!I6,0),"") -> 185179118 | E12: =IF('الملخص الشهري'!I8=1,'الملخص الشهري'!I45,"") -> 0 | F12: =IF('الملخص الشهري'!I8=1,IF('الملخص الشهري'!I45=0,"✅ جاهز للنسخ","⚠ فيه "&'الملخص الشهري'!I45&" صنف بأخطاء — صحّح ثم أعد التصدير"),'الملخص الشهري'!I7) -> ✅ جاهز للنسخ
A13: 9 | B13: =IF('الملخص الشهري'!J8=1,'الملخص الشهري'!J6,"") -> 13800 | C13: =IF('الملخص الشهري'!J8=1,ROUND('الملخص الشهري'!J24,2),"") -> 34743.51 | D13: =IF('الملخص الشهري'!J8=1,ROUND('الملخص الشهري'!J23*'الملخص الشهري'!J6,0),"") -> 140170124 | E13: =IF('الملخص الشهري'!J8=1,'الملخص الشهري'!J45,"") -> 0 | F13: =IF('الملخص الشهري'!J8=1,IF('الملخص الشهري'!J45=0,"✅ جاهز للنسخ","⚠ فيه "&'الملخص الشهري'!J45&" صنف بأخطاء — صحّح ثم أعد التصدير"),'الملخص الشهري'!J7) -> ✅ جاهز للنسخ
A14: 10 | B14: =IF('الملخص الشهري'!K8=1,'الملخص الشهري'!K6,"") | C14: =IF('الملخص الشهري'!K8=1,ROUND('الملخص الشهري'!K24,2),"") | D14: =IF('الملخص الشهري'!K8=1,ROUND('الملخص الشهري'!K23*'الملخص الشهري'!K6,0),"") | E14: =IF('الملخص الشهري'!K8=1,'الملخص الشهري'!K45,"") | F14: =IF('الملخص الشهري'!K8=1,IF('الملخص الشهري'!K45=0,"✅ جاهز للنسخ","⚠ فيه "&'الملخص الشهري'!K45&" صنف بأخطاء — صحّح ثم أعد التصدير"),'الملخص الشهري'!K7) -> لا بيانات
A15: 11 | B15: =IF('الملخص الشهري'!L8=1,'الملخص الشهري'!L6,"") | C15: =IF('الملخص الشهري'!L8=1,ROUND('الملخص الشهري'!L24,2),"") | D15: =IF('الملخص الشهري'!L8=1,ROUND('الملخص الشهري'!L23*'الملخص الشهري'!L6,0),"") | E15: =IF('الملخص الشهري'!L8=1,'الملخص الشهري'!L45,"") | F15: =IF('الملخص الشهري'!L8=1,IF('الملخص الشهري'!L45=0,"✅ جاهز للنسخ","⚠ فيه "&'الملخص الشهري'!L45&" صنف بأخطاء — صحّح ثم أعد التصدير"),'الملخص الشهري'!L7) -> لا بيانات
A16: 12 | B16: =IF('الملخص الشهري'!M8=1,'الملخص الشهري'!M6,"") | C16: =IF('الملخص الشهري'!M8=1,ROUND('الملخص الشهري'!M24,2),"") | D16: =IF('الملخص الشهري'!M8=1,ROUND('الملخص الشهري'!M23*'الملخص الشهري'!M6,0),"") | E16: =IF('الملخص الشهري'!M8=1,'الملخص الشهري'!M45,"") | F16: =IF('الملخص الشهري'!M8=1,IF('الملخص الشهري'!M45=0,"✅ جاهز للنسخ","⚠ فيه "&'الملخص الشهري'!M45&" صنف بأخطاء — صحّح ثم أعد التصدير"),'الملخص الشهري'!M7) -> لا بيانات

Sheet المقارنة
B1: مقارنة الشهر المعروض بالشهر السابق | H1: ورقة الحالي | I1: ='لوحة التحكم'!$K$6 -> 09-أيلول
B2: الشهر الحالي | C2: =INDEX('لوحة التحكم'!$B$16:$B$27,'لوحة التحكم'!$D$6) -> أيلول | D2: الشهر السابق | E2: =IF('لوحة التحكم'!$D$6>1,INDEX('لوحة التحكم'!$B$16:$B$27,'لوحة التحكم'!$D$6-1),"—") -> آب | H2: ورقة السابق | I2: =IF('لوحة التحكم'!$D$6>1,INDEX('لوحة التحكم'!$F$16:$F$27,'لوحة التحكم'!$D$6-1),"") -> 08-آب
B3: =IF($I$5=1,"✓ المقارنة متاحة","⚠ المقارنة غير متاحة: يلزم أن يكون الشهران فيهما بيانات وسعر صرف (راجع لوحة التحكم)") -> ✓ المقارنة متاحة | H3: الحالي جاهز؟ | I3: ='لوحة التحكم'!$K$8 -> 1
H4: السابق جاهز؟ | I4: =IF('لوحة التحكم'!$D$6>1,INDEX('الملخص الشهري'!$B$8:$M$8,'لوحة التحكم'!$D$6-1),0) -> 1
B5: المقارنة الإجمالية | H5: كلاهما جاهز؟ | I5: =IF(AND(I3=1,I4=1),1,0) -> 1
B6: المؤشر | C6: الحالي | D6: السابق | E6: التغير | F6: التغير %
B7: قيمة المستودع بسعر الشراء $ | C7: =IF($I$5=1,INDEX('الملخص الشهري'!$B$11:$M$11,'لوحة التحكم'!$D$6),"") -> 44900.767 | D7: =IF($I$5=1,INDEX('الملخص الشهري'!$B$11:$M$11,'لوحة التحكم'!$D$6-1),"") -> 47944.021 | E7: =IF($I$5=1,C7-D7,"") -> -3043.2541 | F7: =IF($I$5=1,IF(D7<>0,(C7-D7)/ABS(D7),0),"") -> -0.063475153
B8: القيمة البيعية المتوقعة $ | C8: =IF($I$5=1,INDEX('الملخص الشهري'!$B$12:$M$12,'لوحة التحكم'!$D$6),"") -> 18699.77 | D8: =IF($I$5=1,INDEX('الملخص الشهري'!$B$12:$M$12,'لوحة التحكم'!$D$6-1),"") -> 23866.931 | E8: =IF($I$5=1,C8-D8,"") -> -5167.161 | F8: =IF($I$5=1,IF(D8<>0,(C8-D8)/ABS(D8),0),"") -> -0.21649876
B9: الربح المتوقع $ | C9: =IF($I$5=1,INDEX('الملخص الشهري'!$B$14:$M$14,'لوحة التحكم'!$D$6),"") -> 7284.6252 | D9: =IF($I$5=1,INDEX('الملخص الشهري'!$B$14:$M$14,'لوحة التحكم'!$D$6-1),"") -> 9143.6171 | E9: =IF($I$5=1,C9-D9,"") -> -1858.9919 | F9: =IF($I$5=1,IF(D9<>0,(C9-D9)/ABS(D9),0),"") -> -0.20331034
B10: هامش الربح % | C10: =IF($I$5=1,INDEX('الملخص الشهري'!$B$15:$M$15,'لوحة التحكم'!$D$6),"") -> 0.38955693 | D10: =IF($I$5=1,INDEX('الملخص الشهري'!$B$15:$M$15,'لوحة التحكم'!$D$6-1),"") -> 0.3831082 | E10: =IF($I$5=1,C10-D10,"") -> 0.0064487318
B11: أصناف كميتها موجبة | C11: =IF($I$5=1,INDEX('الملخص الشهري'!$B$10:$M$10,'لوحة التحكم'!$D$6),"") -> 134 | D11: =IF($I$5=1,INDEX('الملخص الشهري'!$B$10:$M$10,'لوحة التحكم'!$D$6-1),"") -> 136 | E11: =IF($I$5=1,C11-D11,"") -> -2 | F11: =IF($I$5=1,IF(D11<>0,(C11-D11)/ABS(D11),0),"") -> -0.014705882
B12: عدد الأصناف الملصوقة | C12: =IF($I$5=1,INDEX('الملخص الشهري'!$B$5:$M$5,'لوحة التحكم'!$D$6),"") -> 268 | D12: =IF($I$5=1,INDEX('الملخص الشهري'!$B$5:$M$5,'لوحة التحكم'!$D$6-1),"") -> 261 | E12: =IF($I$5=1,C12-D12,"") -> 7 | F12: =IF($I$5=1,IF(D12<>0,(C12-D12)/ABS(D12),0),"") -> 0.026819923
B13: نسبة المخزون المسعّر بالليرة % | C13: =IF($I$5=1,INDEX('الملخص الشهري'!$B$25:$M$25,'لوحة التحكم'!$D$6),"") -> 0.22621563 | D13: =IF($I$5=1,INDEX('الملخص الشهري'!$B$25:$M$25,'لوحة التحكم'!$D$6-1),"") -> 0.29260627 | E13: =IF($I$5=1,C13-D13,"") -> -0.066390635
B15: أصناف جديدة (ظهرت هذا الشهر ولم تكن في الشهر السابق)
B16: الصنف | C16: الكمية | D16: قيمة المخزون $ | E16: الفئة الفرعية | K16: فهرس
B17: =IF(K17="","",INDEX(INDIRECT("'"&$I$1&"'!$A$2:$A$501"),K17)) -> منتول كريستال | C17: =IF(K17="","",INDEX(INDIRECT("'"&$I$1&"'!$P$2:$P$501"),K17)) -> 0 | D17: =IF(K17="","",INDEX(INDIRECT("'"&$I$1&"'!$Q$2:$Q$501"),K17)) -> 0 | E17: =IF(K17="","",INDEX(INDIRECT("'"&$I$1&"'!$H$2:$H$501"),K17)) -> مواد خام | K17: =IF($I$5=1,IFERROR(MATCH(1,INDIRECT("'"&$I$1&"'!$AD$2:$AD$501"),0),""),"") -> 5
B18: =IF(K18="","",INDEX(INDIRECT("'"&$I$1&"'!$A$2:$A$501"),K18)) -> فوط | C18: =IF(K18="","",INDEX(INDIRECT("'"&$I$1&"'!$P$2:$P$501"),K18)) -> 0 | D18: =IF(K18="","",INDEX(INDIRECT("'"&$I$1&"'!$Q$2:$Q$501"),K18)) -> 0 | E18: =IF(K18="","",INDEX(INDIRECT("'"&$I$1&"'!$H$2:$H$501"),K18)) -> مواد جاهزة للبيع | K18: =IF($I$5=1,IFERROR(MATCH(2,INDIRECT("'"&$I$1&"'!$AD$2:$AD$501"),0),""),"") -> 83
B19: =IF(K19="","",INDEX(INDIRECT("'"&$I$1&"'!$A$2:$A$501"),K19)) -> عطر ورد-جوري | C19: =IF(K19="","",INDEX(INDIRECT("'"&$I$1&"'!$P$2:$P$501"),K19)) -> 0.4 | D19: =IF(K19="","",INDEX(INDIRECT("'"&$I$1&"'!$Q$2:$Q$501"),K19)) -> 6.6 | E19: =IF(K19="","",INDEX(INDIRECT("'"&$I$1&"'!$H$2:$H$501"),K19)) -> مواد خام | K19: =IF($I$5=1,IFERROR(MATCH(3,INDIRECT("'"&$I$1&"'!$AD$2:$AD$501"),0),""),"") -> 111
B20: =IF(K20="","",INDEX(INDIRECT("'"&$I$1&"'!$A$2:$A$501"),K20)) -> عطر هيد اند شولدرز | C20: =IF(K20="","",INDEX(INDIRECT("'"&$I$1&"'!$P$2:$P$501"),K20)) -> 0 | D20: =IF(K20="","",INDEX(INDIRECT("'"&$I$1&"'!$Q$2:$Q$501"),K20)) -> 0 | E20: =IF(K20="","",INDEX(INDIRECT("'"&$I$1&"'!$H$2:$H$501"),K20)) -> مواد خام | K20: =IF($I$5=1,IFERROR(MATCH(4,INDIRECT("'"&$I$1&"'!$AD$2:$AD$501"),0),""),"") -> 112
B21: =IF(K21="","",INDEX(INDIRECT("'"&$I$1&"'!$A$2:$A$501"),K21)) -> عطر بلو كابس | C21: =IF(K21="","",INDEX(INDIRECT("'"&$I$1&"'!$P$2:$P$501"),K21)) -> 0.5 | D21: =IF(K21="","",INDEX(INDIRECT("'"&$I$1&"'!$Q$2:$Q$501"),K21)) -> 9.75 | E21: =IF(K21="","",INDEX(INDIRECT("'"&$I$1&"'!$H$2:$H$501"),K21)) -> مواد خام | K21: =IF($I$5=1,IFERROR(MATCH(5,INDIRECT("'"&$I$1&"'!$AD$2:$AD$501"),0),""),"") -> 124
B22: =IF(K22="","",INDEX(INDIRECT("'"&$I$1&"'!$A$2:$A$501"),K22)) -> عبوة كلور 800 ميلي | C22: =IF(K22="","",INDEX(INDIRECT("'"&$I$1&"'!$P$2:$P$501"),K22)) -> 4466 | D22: =IF(K22="","",INDEX(INDIRECT("'"&$I$1&"'!$Q$2:$Q$501"),K22)) -> 602.91 | E22: =IF(K22="","",INDEX(INDIRECT("'"&$I$1&"'!$H$2:$H$501"),K22)) -> مواد خام | K22: =IF($I$5=1,IFERROR(MATCH(6,INDIRECT("'"&$I$1&"'!$AD$2:$AD$501"),0),""),"") -> 135
B23: =IF(K23="","",INDEX(INDIRECT("'"&$I$1&"'!$A$2:$A$501"),K23)) -> شامبو 120 كغ خام | C23: =IF(K23="","",INDEX(INDIRECT("'"&$I$1&"'!$P$2:$P$501"),K23)) -> 0 | D23: =IF(K23="","",INDEX(INDIRECT("'"&$I$1&"'!$Q$2:$Q$501"),K23)) -> 0 | E23: =IF(K23="","",INDEX(INDIRECT("'"&$I$1&"'!$H$2:$H$501"),K23)) -> الطبخات | K23: =IF($I$5=1,IFERROR(MATCH(7,INDIRECT("'"&$I$1&"'!$AD$2:$AD$501"),0),""),"") -> 161
B24: =IF(K24="","",INDEX(INDIRECT("'"&$I$1&"'!$A$2:$A$501"),K24)) -> سيتول | C24: =IF(K24="","",INDEX(INDIRECT("'"&$I$1&"'!$P$2:$P$501"),K24)) -> 0 | D24: =IF(K24="","",INDEX(INDIRECT("'"&$I$1&"'!$Q$2:$Q$501"),K24)) -> 0 | E24: =IF(K24="","",INDEX(INDIRECT("'"&$I$1&"'!$H$2:$H$501"),K24)) -> مواد خام | K24: =IF($I$5=1,IFERROR(MATCH(8,INDIRECT("'"&$I$1&"'!$AD$2:$AD$501"),0),""),"") -> 170
B25: =IF(K25="","",INDEX(INDIRECT("'"&$I$1&"'!$A$2:$A$501"),K25)) | C25: =IF(K25="","",INDEX(INDIRECT("'"&$I$1&"'!$P$2:$P$501"),K25)) | D25: =IF(K25="","",INDEX(INDIRECT("'"&$I$1&"'!$Q$2:$Q$501"),K25)) | E25: =IF(K25="","",INDEX(INDIRECT("'"&$I$1&"'!$H$2:$H$501"),K25)) | K25: =IF($I$5=1,IFERROR(MATCH(9,INDIRECT("'"&$I$1&"'!$AD$2:$AD$501"),0),""),"")
B26: =IF(K26="","",INDEX(INDIRECT("'"&$I$1&"'!$A$2:$A$501"),K26)) | C26: =IF(K26="","",INDEX(INDIRECT("'"&$I$1&"'!$P$2:$P$501"),K26)) | D26: =IF(K26="","",INDEX(INDIRECT("'"&$I$1&"'!$Q$2:$Q$501"),K26)) | E26: =IF(K26="","",INDEX(INDIRECT("'"&$I$1&"'!$H$2:$H$501"),K26)) | K26: =IF($I$5=1,IFERROR(MATCH(10,INDIRECT("'"&$I$1&"'!$AD$2:$AD$501"),0),""),"")
B27: =IF(K27="","",INDEX(INDIRECT("'"&$I$1&"'!$A$2:$A$501"),K27)) | C27: =IF(K27="","",INDEX(INDIRECT("'"&$I$1&"'!$P$2:$P$501"),K27)) | D27: =IF(K27="","",INDEX(INDIRECT("'"&$I$1&"'!$Q$2:$Q$501"),K27)) | E27: =IF(K27="","",INDEX(INDIRECT("'"&$I$1&"'!$H$2:$H$501"),K27)) | K27: =IF($I$5=1,IFERROR(MATCH(11,INDIRECT("'"&$I$1&"'!$AD$2:$AD$501"),0),""),"")
B28: =IF(K28="","",INDEX(INDIRECT("'"&$I$1&"'!$A$2:$A$501"),K28)) | C28: =IF(K28="","",INDEX(INDIRECT("'"&$I$1&"'!$P$2:$P$501"),K28)) | D28: =IF(K28="","",INDEX(INDIRECT("'"&$I$1&"'!$Q$2:$Q$501"),K28)) | E28: =IF(K28="","",INDEX(INDIRECT("'"&$I$1&"'!$H$2:$H$501"),K28)) | K28: =IF($I$5=1,IFERROR(MATCH(12,INDIRECT("'"&$I$1&"'!$AD$2:$AD$501"),0),""),"")
B29: =IF(K29="","",INDEX(INDIRECT("'"&$I$1&"'!$A$2:$A$501"),K29)) | C29: =IF(K29="","",INDEX(INDIRECT("'"&$I$1&"'!$P$2:$P$501"),K29)) | D29: =IF(K29="","",INDEX(INDIRECT("'"&$I$1&"'!$Q$2:$Q$501"),K29)) | E29: =IF(K29="","",INDEX(INDIRECT("'"&$I$1&"'!$H$2:$H$501"),K29)) | K29: =IF($I$5=1,IFERROR(MATCH(13,INDIRECT("'"&$I$1&"'!$AD$2:$AD$501"),0),""),"")
B30: =IF(K30="","",INDEX(INDIRECT("'"&$I$1&"'!$A$2:$A$501"),K30)) | C30: =IF(K30="","",INDEX(INDIRECT("'"&$I$1&"'!$P$2:$P$501"),K30)) | D30: =IF(K30="","",INDEX(INDIRECT("'"&$I$1&"'!$Q$2:$Q$501"),K30)) | E30: =IF(K30="","",INDEX(INDIRECT("'"&$I$1&"'!$H$2:$H$501"),K30)) | K30: =IF($I$5=1,IFERROR(MATCH(14,INDIRECT("'"&$I$1&"'!$AD$2:$AD$501"),0),""),"")
B31: =IF(K31="","",INDEX(INDIRECT("'"&$I$1&"'!$A$2:$A$501"),K31)) | C31: =IF(K31="","",INDEX(INDIRECT("'"&$I$1&"'!$P$2:$P$501"),K31)) | D31: =IF(K31="","",INDEX(INDIRECT("'"&$I$1&"'!$Q$2:$Q$501"),K31)) | E31: =IF(K31="","",INDEX(INDIRECT("'"&$I$1&"'!$H$2:$H$501"),K31)) | K31: =IF($I$5=1,IFERROR(MATCH(15,INDIRECT("'"&$I$1&"'!$AD$2:$AD$501"),0),""),"")
B32: =IF(K32="","",INDEX(INDIRECT("'"&$I$1&"'!$A$2:$A$501"),K32)) | C32: =IF(K32="","",INDEX(INDIRECT("'"&$I$1&"'!$P$2:$P$501"),K32)) | D32: =IF(K32="","",INDEX(INDIRECT("'"&$I$1&"'!$Q$2:$Q$501"),K32)) | E32: =IF(K32="","",INDEX(INDIRECT("'"&$I$1&"'!$H$2:$H$501"),K32)) | K32: =IF($I$5=1,IFERROR(MATCH(16,INDIRECT("'"&$I$1&"'!$AD$2:$AD$501"),0),""),"")
B33: =IF(K33="","",INDEX(INDIRECT("'"&$I$1&"'!$A$2:$A$501"),K33)) | C33: =IF(K33="","",INDEX(INDIRECT("'"&$I$1&"'!$P$2:$P$501"),K33)) | D33: =IF(K33="","",INDEX(INDIRECT("'"&$I$1&"'!$Q$2:$Q$501"),K33)) | E33: =IF(K33="","",INDEX(INDIRECT("'"&$I$1&"'!$H$2:$H$501"),K33)) | K33: =IF($I$5=1,IFERROR(MATCH(17,INDIRECT("'"&$I$1&"'!$AD$2:$AD$501"),0),""),"")
B34: =IF(K34="","",INDEX(INDIRECT("'"&$I$1&"'!$A$2:$A$501"),K34)) | C34: =IF(K34="","",INDEX(INDIRECT("'"&$I$1&"'!$P$2:$P$501"),K34)) | D34: =IF(K34="","",INDEX(INDIRECT("'"&$I$1&"'!$Q$2:$Q$501"),K34)) | E34: =IF(K34="","",INDEX(INDIRECT("'"&$I$1&"'!$H$2:$H$501"),K34)) | K34: =IF($I$5=1,IFERROR(MATCH(18,INDIRECT("'"&$I$1&"'!$AD$2:$AD$501"),0),""),"")
B35: =IF(K35="","",INDEX(INDIRECT("'"&$I$1&"'!$A$2:$A$501"),K35)) | C35: =IF(K35="","",INDEX(INDIRECT("'"&$I$1&"'!$P$2:$P$501"),K35)) | D35: =IF(K35="","",INDEX(INDIRECT("'"&$I$1&"'!$Q$2:$Q$501"),K35)) | E35: =IF(K35="","",INDEX(INDIRECT("'"&$I$1&"'!$H$2:$H$501"),K35)) | K35: =IF($I$5=1,IFERROR(MATCH(19,INDIRECT("'"&$I$1&"'!$AD$2:$AD$501"),0),""),"")
B36: =IF(K36="","",INDEX(INDIRECT("'"&$I$1&"'!$A$2:$A$501"),K36)) | C36: =IF(K36="","",INDEX(INDIRECT("'"&$I$1&"'!$P$2:$P$501"),K36)) | D36: =IF(K36="","",INDEX(INDIRECT("'"&$I$1&"'!$Q$2:$Q$501"),K36)) | E36: =IF(K36="","",INDEX(INDIRECT("'"&$I$1&"'!$H$2:$H$501"),K36)) | K36: =IF($I$5=1,IFERROR(MATCH(20,INDIRECT("'"&$I$1&"'!$AD$2:$AD$501"),0),""),"")
B37: =IF(K37="","",INDEX(INDIRECT("'"&$I$1&"'!$A$2:$A$501"),K37)) | C37: =IF(K37="","",INDEX(INDIRECT("'"&$I$1&"'!$P$2:$P$501"),K37)) | D37: =IF(K37="","",INDEX(INDIRECT("'"&$I$1&"'!$Q$2:$Q$501"),K37)) | E37: =IF(K37="","",INDEX(INDIRECT("'"&$I$1&"'!$H$2:$H$501"),K37)) | K37: =IF($I$5=1,IFERROR(MATCH(21,INDIRECT("'"&$I$1&"'!$AD$2:$AD$501"),0),""),"")
B38: =IF(K38="","",INDEX(INDIRECT("'"&$I$1&"'!$A$2:$A$501"),K38)) | C38: =IF(K38="","",INDEX(INDIRECT("'"&$I$1&"'!$P$2:$P$501"),K38)) | D38: =IF(K38="","",INDEX(INDIRECT("'"&$I$1&"'!$Q$2:$Q$501"),K38)) | E38: =IF(K38="","",INDEX(INDIRECT("'"&$I$1&"'!$H$2:$H$501"),K38)) | K38: =IF($I$5=1,IFERROR(MATCH(22,INDIRECT("'"&$I$1&"'!$AD$2:$AD$501"),0),""),"")
B39: =IF(K39="","",INDEX(INDIRECT("'"&$I$1&"'!$A$2:$A$501"),K39)) | C39: =IF(K39="","",INDEX(INDIRECT("'"&$I$1&"'!$P$2:$P$501"),K39)) | D39: =IF(K39="","",INDEX(INDIRECT("'"&$I$1&"'!$Q$2:$Q$501"),K39)) | E39: =IF(K39="","",INDEX(INDIRECT("'"&$I$1&"'!$H$2:$H$501"),K39)) | K39: =IF($I$5=1,IFERROR(MATCH(23,INDIRECT("'"&$I$1&"'!$AD$2:$AD$501"),0),""),"")
B40: =IF(K40="","",INDEX(INDIRECT("'"&$I$1&"'!$A$2:$A$501"),K40)) | C40: =IF(K40="","",INDEX(INDIRECT("'"&$I$1&"'!$P$2:$P$501"),K40)) | D40: =IF(K40="","",INDEX(INDIRECT("'"&$I$1&"'!$Q$2:$Q$501"),K40)) | E40: =IF(K40="","",INDEX(INDIRECT("'"&$I$1&"'!$H$2:$H$501"),K40)) | K40: =IF($I$5=1,IFERROR(MATCH(24,INDIRECT("'"&$I$1&"'!$AD$2:$AD$501"),0),""),"")
B41: =IF(K41="","",INDEX(INDIRECT("'"&$I$1&"'!$A$2:$A$501"),K41)) | C41: =IF(K41="","",INDEX(INDIRECT("'"&$I$1&"'!$P$2:$P$501"),K41)) | D41: =IF(K41="","",INDEX(INDIRECT("'"&$I$1&"'!$Q$2:$Q$501"),K41)) | E41: =IF(K41="","",INDEX(INDIRECT("'"&$I$1&"'!$H$2:$H$501"),K41)) | K41: =IF($I$5=1,IFERROR(MATCH(25,INDIRECT("'"&$I$1&"'!$AD$2:$AD$501"),0),""),"")
B42: =IF(K42="","",INDEX(INDIRECT("'"&$I$1&"'!$A$2:$A$501"),K42)) | C42: =IF(K42="","",INDEX(INDIRECT("'"&$I$1&"'!$P$2:$P$501"),K42)) | D42: =IF(K42="","",INDEX(INDIRECT("'"&$I$1&"'!$Q$2:$Q$501"),K42)) | E42: =IF(K42="","",INDEX(INDIRECT("'"&$I$1&"'!$H$2:$H$501"),K42)) | K42: =IF($I$5=1,IFERROR(MATCH(26,INDIRECT("'"&$I$1&"'!$AD$2:$AD$501"),0),""),"")
B43: =IF(K43="","",INDEX(INDIRECT("'"&$I$1&"'!$A$2:$A$501"),K43)) | C43: =IF(K43="","",INDEX(INDIRECT("'"&$I$1&"'!$P$2:$P$501"),K43)) | D43: =IF(K43="","",INDEX(INDIRECT("'"&$I$1&"'!$Q$2:$Q$501"),K43)) | E43: =IF(K43="","",INDEX(INDIRECT("'"&$I$1&"'!$H$2:$H$501"),K43)) | K43: =IF($I$5=1,IFERROR(MATCH(27,INDIRECT("'"&$I$1&"'!$AD$2:$AD$501"),0),""),"")
B44: =IF(K44="","",INDEX(INDIRECT("'"&$I$1&"'!$A$2:$A$501"),K44)) | C44: =IF(K44="","",INDEX(INDIRECT("'"&$I$1&"'!$P$2:$P$501"),K44)) | D44: =IF(K44="","",INDEX(INDIRECT("'"&$I$1&"'!$Q$2:$Q$501"),K44)) | E44: =IF(K44="","",INDEX(INDIRECT("'"&$I$1&"'!$H$2:$H$501"),K44)) | K44: =IF($I$5=1,IFERROR(MATCH(28,INDIRECT("'"&$I$1&"'!$AD$2:$AD$501"),0),""),"")
B45: =IF(K45="","",INDEX(INDIRECT("'"&$I$1&"'!$A$2:$A$501"),K45)) | C45: =IF(K45="","",INDEX(INDIRECT("'"&$I$1&"'!$P$2:$P$501"),K45)) | D45: =IF(K45="","",INDEX(INDIRECT("'"&$I$1&"'!$Q$2:$Q$501"),K45)) | E45: =IF(K45="","",INDEX(INDIRECT("'"&$I$1&"'!$H$2:$H$501"),K45)) | K45: =IF($I$5=1,IFERROR(MATCH(29,INDIRECT("'"&$I$1&"'!$AD$2:$AD$501"),0),""),"")
B46: =IF(K46="","",INDEX(INDIRECT("'"&$I$1&"'!$A$2:$A$501"),K46)) | C46: =IF(K46="","",INDEX(INDIRECT("'"&$I$1&"'!$P$2:$P$501"),K46)) | D46: =IF(K46="","",INDEX(INDIRECT("'"&$I$1&"'!$Q$2:$Q$501"),K46)) | E46: =IF(K46="","",INDEX(INDIRECT("'"&$I$1&"'!$H$2:$H$501"),K46)) | K46: =IF($I$5=1,IFERROR(MATCH(30,INDIRECT("'"&$I$1&"'!$AD$2:$AD$501"),0),""),"")
B47: =IF($I$5=1,IF(N(INDEX('الملخص الشهري'!$B$30:$M$30,'لوحة التحكم'!$D$6))>30,"+ "&(INDEX('الملخص الشهري'!$B$30:$M$30,'لوحة التحكم'!$D$6)-30)&" أصناف جديدة إضافية — فلتر عمود «مقابل الشهر السابق» في ورقة الشهر",""),"")
B49: أصناف محذوفة (كانت في الشهر السابق ولم تعد موجودة)
B50: الصنف | C50: كميتها السابقة | D50: قيمتها السابقة $ | E50: الفئة الفرعية
B51: =IF(K51="","",INDEX(INDIRECT("'"&$I$2&"'!$A$2:$A$501"),K51)) -> كلور عبوة 1 لتر | C51: =IF(K51="","",INDEX(INDIRECT("'"&$I$2&"'!$P$2:$P$501"),K51)) -> 6050 | D51: =IF(K51="","",INDEX(INDIRECT("'"&$I$2&"'!$Q$2:$Q$501"),K51)) -> 816.75 | E51: =IF(K51="","",INDEX(INDIRECT("'"&$I$2&"'!$H$2:$H$501"),K51)) -> مواد خام | K51: =IF($I$5=1,IFERROR(MATCH(1,INDIRECT("'"&$I$2&"'!$AE$2:$AE$501"),0),""),"") -> 64
B52: =IF(K52="","",INDEX(INDIRECT("'"&$I$2&"'!$A$2:$A$501"),K52)) | C52: =IF(K52="","",INDEX(INDIRECT("'"&$I$2&"'!$P$2:$P$501"),K52)) | D52: =IF(K52="","",INDEX(INDIRECT("'"&$I$2&"'!$Q$2:$Q$501"),K52)) | E52: =IF(K52="","",INDEX(INDIRECT("'"&$I$2&"'!$H$2:$H$501"),K52)) | K52: =IF($I$5=1,IFERROR(MATCH(2,INDIRECT("'"&$I$2&"'!$AE$2:$AE$501"),0),""),"")
B53: =IF(K53="","",INDEX(INDIRECT("'"&$I$2&"'!$A$2:$A$501"),K53)) | C53: =IF(K53="","",INDEX(INDIRECT("'"&$I$2&"'!$P$2:$P$501"),K53)) | D53: =IF(K53="","",INDEX(INDIRECT("'"&$I$2&"'!$Q$2:$Q$501"),K53)) | E53: =IF(K53="","",INDEX(INDIRECT("'"&$I$2&"'!$H$2:$H$501"),K53)) | K53: =IF($I$5=1,IFERROR(MATCH(3,INDIRECT("'"&$I$2&"'!$AE$2:$AE$501"),0),""),"")
B54: =IF(K54="","",INDEX(INDIRECT("'"&$I$2&"'!$A$2:$A$501"),K54)) | C54: =IF(K54="","",INDEX(INDIRECT("'"&$I$2&"'!$P$2:$P$501"),K54)) | D54: =IF(K54="","",INDEX(INDIRECT("'"&$I$2&"'!$Q$2:$Q$501"),K54)) | E54: =IF(K54="","",INDEX(INDIRECT("'"&$I$2&"'!$H$2:$H$501"),K54)) | K54: =IF($I$5=1,IFERROR(MATCH(4,INDIRECT("'"&$I$2&"'!$AE$2:$AE$501"),0),""),"")
B55: =IF(K55="","",INDEX(INDIRECT("'"&$I$2&"'!$A$2:$A$501"),K55)) | C55: =IF(K55="","",INDEX(INDIRECT("'"&$I$2&"'!$P$2:$P$501"),K55)) | D55: =IF(K55="","",INDEX(INDIRECT("'"&$I$2&"'!$Q$2:$Q$501"),K55)) | E55: =IF(K55="","",INDEX(INDIRECT("'"&$I$2&"'!$H$2:$H$501"),K55)) | K55: =IF($I$5=1,IFERROR(MATCH(5,INDIRECT("'"&$I$2&"'!$AE$2:$AE$501"),0),""),"")
B56: =IF(K56="","",INDEX(INDIRECT("'"&$I$2&"'!$A$2:$A$501"),K56)) | C56: =IF(K56="","",INDEX(INDIRECT("'"&$I$2&"'!$P$2:$P$501"),K56)) | D56: =IF(K56="","",INDEX(INDIRECT("'"&$I$2&"'!$Q$2:$Q$501"),K56)) | E56: =IF(K56="","",INDEX(INDIRECT("'"&$I$2&"'!$H$2:$H$501"),K56)) | K56: =IF($I$5=1,IFERROR(MATCH(6,INDIRECT("'"&$I$2&"'!$AE$2:$AE$501"),0),""),"")
B57: =IF(K57="","",INDEX(INDIRECT("'"&$I$2&"'!$A$2:$A$501"),K57)) | C57: =IF(K57="","",INDEX(INDIRECT("'"&$I$2&"'!$P$2:$P$501"),K57)) | D57: =IF(K57="","",INDEX(INDIRECT("'"&$I$2&"'!$Q$2:$Q$501"),K57)) | E57: =IF(K57="","",INDEX(INDIRECT("'"&$I$2&"'!$H$2:$H$501"),K57)) | K57: =IF($I$5=1,IFERROR(MATCH(7,INDIRECT("'"&$I$2&"'!$AE$2:$AE$501"),0),""),"")
B58: =IF(K58="","",INDEX(INDIRECT("'"&$I$2&"'!$A$2:$A$501"),K58)) | C58: =IF(K58="","",INDEX(INDIRECT("'"&$I$2&"'!$P$2:$P$501"),K58)) | D58: =IF(K58="","",INDEX(INDIRECT("'"&$I$2&"'!$Q$2:$Q$501"),K58)) | E58: =IF(K58="","",INDEX(INDIRECT("'"&$I$2&"'!$H$2:$H$501"),K58)) | K58: =IF($I$5=1,IFERROR(MATCH(8,INDIRECT("'"&$I$2&"'!$AE$2:$AE$501"),0),""),"")
B59: =IF(K59="","",INDEX(INDIRECT("'"&$I$2&"'!$A$2:$A$501"),K59)) | C59: =IF(K59="","",INDEX(INDIRECT("'"&$I$2&"'!$P$2:$P$501"),K59)) | D59: =IF(K59="","",INDEX(INDIRECT("'"&$I$2&"'!$Q$2:$Q$501"),K59)) | E59: =IF(K59="","",INDEX(INDIRECT("'"&$I$2&"'!$H$2:$H$501"),K59)) | K59: =IF($I$5=1,IFERROR(MATCH(9,INDIRECT("'"&$I$2&"'!$AE$2:$AE$501"),0),""),"")
B60: =IF(K60="","",INDEX(INDIRECT("'"&$I$2&"'!$A$2:$A$501"),K60)) | C60: =IF(K60="","",INDEX(INDIRECT("'"&$I$2&"'!$P$2:$P$501"),K60)) | D60: =IF(K60="","",INDEX(INDIRECT("'"&$I$2&"'!$Q$2:$Q$501"),K60)) | E60: =IF(K60="","",INDEX(INDIRECT("'"&$I$2&"'!$H$2:$H$501"),K60)) | K60: =IF($I$5=1,IFERROR(MATCH(10,INDIRECT("'"&$I$2&"'!$AE$2:$AE$501"),0),""),"")
B61: =IF(K61="","",INDEX(INDIRECT("'"&$I$2&"'!$A$2:$A$501"),K61)) | C61: =IF(K61="","",INDEX(INDIRECT("'"&$I$2&"'!$P$2:$P$501"),K61)) | D61: =IF(K61="","",INDEX(INDIRECT("'"&$I$2&"'!$Q$2:$Q$501"),K61)) | E61: =IF(K61="","",INDEX(INDIRECT("'"&$I$2&"'!$H$2:$H$501"),K61)) | K61: =IF($I$5=1,IFERROR(MATCH(11,INDIRECT("'"&$I$2&"'!$AE$2:$AE$501"),0),""),"")
B62: =IF(K62="","",INDEX(INDIRECT("'"&$I$2&"'!$A$2:$A$501"),K62)) | C62: =IF(K62="","",INDEX(INDIRECT("'"&$I$2&"'!$P$2:$P$501"),K62)) | D62: =IF(K62="","",INDEX(INDIRECT("'"&$I$2&"'!$Q$2:$Q$501"),K62)) | E62: =IF(K62="","",INDEX(INDIRECT("'"&$I$2&"'!$H$2:$H$501"),K62)) | K62: =IF($I$5=1,IFERROR(MATCH(12,INDIRECT("'"&$I$2&"'!$AE$2:$AE$501"),0),""),"")
B63: =IF(K63="","",INDEX(INDIRECT("'"&$I$2&"'!$A$2:$A$501"),K63)) | C63: =IF(K63="","",INDEX(INDIRECT("'"&$I$2&"'!$P$2:$P$501"),K63)) | D63: =IF(K63="","",INDEX(INDIRECT("'"&$I$2&"'!$Q$2:$Q$501"),K63)) | E63: =IF(K63="","",INDEX(INDIRECT("'"&$I$2&"'!$H$2:$H$501"),K63)) | K63: =IF($I$5=1,IFERROR(MATCH(13,INDIRECT("'"&$I$2&"'!$AE$2:$AE$501"),0),""),"")
B64: =IF(K64="","",INDEX(INDIRECT("'"&$I$2&"'!$A$2:$A$501"),K64)) | C64: =IF(K64="","",INDEX(INDIRECT("'"&$I$2&"'!$P$2:$P$501"),K64)) | D64: =IF(K64="","",INDEX(INDIRECT("'"&$I$2&"'!$Q$2:$Q$501"),K64)) | E64: =IF(K64="","",INDEX(INDIRECT("'"&$I$2&"'!$H$2:$H$501"),K64)) | K64: =IF($I$5=1,IFERROR(MATCH(14,INDIRECT("'"&$I$2&"'!$AE$2:$AE$501"),0),""),"")
B65: =IF(K65="","",INDEX(INDIRECT("'"&$I$2&"'!$A$2:$A$501"),K65)) | C65: =IF(K65="","",INDEX(INDIRECT("'"&$I$2&"'!$P$2:$P$501"),K65)) | D65: =IF(K65="","",INDEX(INDIRECT("'"&$I$2&"'!$Q$2:$Q$501"),K65)) | E65: =IF(K65="","",INDEX(INDIRECT("'"&$I$2&"'!$H$2:$H$501"),K65)) | K65: =IF($I$5=1,IFERROR(MATCH(15,INDIRECT("'"&$I$2&"'!$AE$2:$AE$501"),0),""),"")
B66: =IF(K66="","",INDEX(INDIRECT("'"&$I$2&"'!$A$2:$A$501"),K66)) | C66: =IF(K66="","",INDEX(INDIRECT("'"&$I$2&"'!$P$2:$P$501"),K66)) | D66: =IF(K66="","",INDEX(INDIRECT("'"&$I$2&"'!$Q$2:$Q$501"),K66)) | E66: =IF(K66="","",INDEX(INDIRECT("'"&$I$2&"'!$H$2:$H$501"),K66)) | K66: =IF($I$5=1,IFERROR(MATCH(16,INDIRECT("'"&$I$2&"'!$AE$2:$AE$501"),0),""),"")
B67: =IF(K67="","",INDEX(INDIRECT("'"&$I$2&"'!$A$2:$A$501"),K67)) | C67: =IF(K67="","",INDEX(INDIRECT("'"&$I$2&"'!$P$2:$P$501"),K67)) | D67: =IF(K67="","",INDEX(INDIRECT("'"&$I$2&"'!$Q$2:$Q$501"),K67)) | E67: =IF(K67="","",INDEX(INDIRECT("'"&$I$2&"'!$H$2:$H$501"),K67)) | K67: =IF($I$5=1,IFERROR(MATCH(17,INDIRECT("'"&$I$2&"'!$AE$2:$AE$501"),0),""),"")
B68: =IF(K68="","",INDEX(INDIRECT("'"&$I$2&"'!$A$2:$A$501"),K68)) | C68: =IF(K68="","",INDEX(INDIRECT("'"&$I$2&"'!$P$2:$P$501"),K68)) | D68: =IF(K68="","",INDEX(INDIRECT("'"&$I$2&"'!$Q$2:$Q$501"),K68)) | E68: =IF(K68="","",INDEX(INDIRECT("'"&$I$2&"'!$H$2:$H$501"),K68)) | K68: =IF($I$5=1,IFERROR(MATCH(18,INDIRECT("'"&$I$2&"'!$AE$2:$AE$501"),0),""),"")
B69: =IF(K69="","",INDEX(INDIRECT("'"&$I$2&"'!$A$2:$A$501"),K69)) | C69: =IF(K69="","",INDEX(INDIRECT("'"&$I$2&"'!$P$2:$P$501"),K69)) | D69: =IF(K69="","",INDEX(INDIRECT("'"&$I$2&"'!$Q$2:$Q$501"),K69)) | E69: =IF(K69="","",INDEX(INDIRECT("'"&$I$2&"'!$H$2:$H$501"),K69)) | K69: =IF($I$5=1,IFERROR(MATCH(19,INDIRECT("'"&$I$2&"'!$AE$2:$AE$501"),0),""),"")
B70: =IF(K70="","",INDEX(INDIRECT("'"&$I$2&"'!$A$2:$A$501"),K70)) | C70: =IF(K70="","",INDEX(INDIRECT("'"&$I$2&"'!$P$2:$P$501"),K70)) | D70: =IF(K70="","",INDEX(INDIRECT("'"&$I$2&"'!$Q$2:$Q$501"),K70)) | E70: =IF(K70="","",INDEX(INDIRECT("'"&$I$2&"'!$H$2:$H$501"),K70)) | K70: =IF($I$5=1,IFERROR(MATCH(20,INDIRECT("'"&$I$2&"'!$AE$2:$AE$501"),0),""),"")
B71: =IF(K71="","",INDEX(INDIRECT("'"&$I$2&"'!$A$2:$A$501"),K71)) | C71: =IF(K71="","",INDEX(INDIRECT("'"&$I$2&"'!$P$2:$P$501"),K71)) | D71: =IF(K71="","",INDEX(INDIRECT("'"&$I$2&"'!$Q$2:$Q$501"),K71)) | E71: =IF(K71="","",INDEX(INDIRECT("'"&$I$2&"'!$H$2:$H$501"),K71)) | K71: =IF($I$5=1,IFERROR(MATCH(21,INDIRECT("'"&$I$2&"'!$AE$2:$AE$501"),0),""),"")
B72: =IF(K72="","",INDEX(INDIRECT("'"&$I$2&"'!$A$2:$A$501"),K72)) | C72: =IF(K72="","",INDEX(INDIRECT("'"&$I$2&"'!$P$2:$P$501"),K72)) | D72: =IF(K72="","",INDEX(INDIRECT("'"&$I$2&"'!$Q$2:$Q$501"),K72)) | E72: =IF(K72="","",INDEX(INDIRECT("'"&$I$2&"'!$H$2:$H$501"),K72)) | K72: =IF($I$5=1,IFERROR(MATCH(22,INDIRECT("'"&$I$2&"'!$AE$2:$AE$501"),0),""),"")
B73: =IF(K73="","",INDEX(INDIRECT("'"&$I$2&"'!$A$2:$A$501"),K73)) | C73: =IF(K73="","",INDEX(INDIRECT("'"&$I$2&"'!$P$2:$P$501"),K73)) | D73: =IF(K73="","",INDEX(INDIRECT("'"&$I$2&"'!$Q$2:$Q$501"),K73)) | E73: =IF(K73="","",INDEX(INDIRECT("'"&$I$2&"'!$H$2:$H$501"),K73)) | K73: =IF($I$5=1,IFERROR(MATCH(23,INDIRECT("'"&$I$2&"'!$AE$2:$AE$501"),0),""),"")
B74: =IF(K74="","",INDEX(INDIRECT("'"&$I$2&"'!$A$2:$A$501"),K74)) | C74: =IF(K74="","",INDEX(INDIRECT("'"&$I$2&"'!$P$2:$P$501"),K74)) | D74: =IF(K74="","",INDEX(INDIRECT("'"&$I$2&"'!$Q$2:$Q$501"),K74)) | E74: =IF(K74="","",INDEX(INDIRECT("'"&$I$2&"'!$H$2:$H$501"),K74)) | K74: =IF($I$5=1,IFERROR(MATCH(24,INDIRECT("'"&$I$2&"'!$AE$2:$AE$501"),0),""),"")
B75: =IF(K75="","",INDEX(INDIRECT("'"&$I$2&"'!$A$2:$A$501"),K75)) | C75: =IF(K75="","",INDEX(INDIRECT("'"&$I$2&"'!$P$2:$P$501"),K75)) | D75: =IF(K75="","",INDEX(INDIRECT("'"&$I$2&"'!$Q$2:$Q$501"),K75)) | E75: =IF(K75="","",INDEX(INDIRECT("'"&$I$2&"'!$H$2:$H$501"),K75)) | K75: =IF($I$5=1,IFERROR(MATCH(25,INDIRECT("'"&$I$2&"'!$AE$2:$AE$501"),0),""),"")
B76: =IF(K76="","",INDEX(INDIRECT("'"&$I$2&"'!$A$2:$A$501"),K76)) | C76: =IF(K76="","",INDEX(INDIRECT("'"&$I$2&"'!$P$2:$P$501"),K76)) | D76: =IF(K76="","",INDEX(INDIRECT("'"&$I$2&"'!$Q$2:$Q$501"),K76)) | E76: =IF(K76="","",INDEX(INDIRECT("'"&$I$2&"'!$H$2:$H$501"),K76)) | K76: =IF($I$5=1,IFERROR(MATCH(26,INDIRECT("'"&$I$2&"'!$AE$2:$AE$501"),0),""),"")
B77: =IF(K77="","",INDEX(INDIRECT("'"&$I$2&"'!$A$2:$A$501"),K77)) | C77: =IF(K77="","",INDEX(INDIRECT("'"&$I$2&"'!$P$2:$P$501"),K77)) | D77: =IF(K77="","",INDEX(INDIRECT("'"&$I$2&"'!$Q$2:$Q$501"),K77)) | E77: =IF(K77="","",INDEX(INDIRECT("'"&$I$2&"'!$H$2:$H$501"),K77)) | K77: =IF($I$5=1,IFERROR(MATCH(27,INDIRECT("'"&$I$2&"'!$AE$2:$AE$501"),0),""),"")
B78: =IF(K78="","",INDEX(INDIRECT("'"&$I$2&"'!$A$2:$A$501"),K78)) | C78: =IF(K78="","",INDEX(INDIRECT("'"&$I$2&"'!$P$2:$P$501"),K78)) | D78: =IF(K78="","",INDEX(INDIRECT("'"&$I$2&"'!$Q$2:$Q$501"),K78)) | E78: =IF(K78="","",INDEX(INDIRECT("'"&$I$2&"'!$H$2:$H$501"),K78)) | K78: =IF($I$5=1,IFERROR(MATCH(28,INDIRECT("'"&$I$2&"'!$AE$2:$AE$501"),0),""),"")
B79: =IF(K79="","",INDEX(INDIRECT("'"&$I$2&"'!$A$2:$A$501"),K79)) | C79: =IF(K79="","",INDEX(INDIRECT("'"&$I$2&"'!$P$2:$P$501"),K79)) | D79: =IF(K79="","",INDEX(INDIRECT("'"&$I$2&"'!$Q$2:$Q$501"),K79)) | E79: =IF(K79="","",INDEX(INDIRECT("'"&$I$2&"'!$H$2:$H$501"),K79)) | K79: =IF($I$5=1,IFERROR(MATCH(29,INDIRECT("'"&$I$2&"'!$AE$2:$AE$501"),0),""),"")
B80: =IF(K80="","",INDEX(INDIRECT("'"&$I$2&"'!$A$2:$A$501"),K80)) | C80: =IF(K80="","",INDEX(INDIRECT("'"&$I$2&"'!$P$2:$P$501"),K80)) | D80: =IF(K80="","",INDEX(INDIRECT("'"&$I$2&"'!$Q$2:$Q$501"),K80)) | E80: =IF(K80="","",INDEX(INDIRECT("'"&$I$2&"'!$H$2:$H$501"),K80)) | K80: =IF($I$5=1,IFERROR(MATCH(30,INDIRECT("'"&$I$2&"'!$AE$2:$AE$501"),0),""),"")
B81: =IF($I$5=1,IF(N(INDEX('الملخص الشهري'!$B$31:$M$31,'لوحة التحكم'!$D$6))>30,"+ "&(INDEX('الملخص الشهري'!$B$31:$M$31,'لوحة التحكم'!$D$6)-30)&" أصناف محذوفة إضافية — فلتر عمود «مقابل الشهر التالي» في ورقة الشهر السابق",""),"")
B83: أكبر 15 تغيرًا في قيمة المخزون (صعودًا أو هبوطًا)
B84: الصنف | C84: الحالة | D84: الكمية السابقة | E84: الكمية الحالية | F84: تغير القيمة $
B85: =IF(K85="","",INDEX(INDIRECT("'"&$I$1&"'!$A$2:$A$501"),K85)) -> تكسبون | C85: =IF(K85="","",IF(INDEX(INDIRECT("'"&$I$1&"'!$W$2:$W$501"),K85)="جديد","جديد","موجود")) -> موجود | D85: =IF(K85="","",INDEX(INDIRECT("'"&$I$1&"'!$X$2:$X$501"),K85)) -> 400 | E85: =IF(K85="","",INDEX(INDIRECT("'"&$I$1&"'!$P$2:$P$501"),K85)) -> 1259 | F85: =IF(K85="","",INDEX(INDIRECT("'"&$I$1&"'!$AA$2:$AA$501"),K85)) -> 2147.5 | K85: =IF($I$5=1,IFERROR(IF(LARGE(INDIRECT("'"&$I$1&"'!$AG$2:$AG$501"),1)>0.00001,MATCH(LARGE(INDIRECT("'"&$I$1&"'!$AG$2:$AG$501"),1),INDIRECT("'"&$I$1&"'!$AG$2:$AG$501"),0),""),""),"") -> 238
B86: =IF(K86="","",INDEX(INDIRECT("'"&$I$1&"'!$A$2:$A$501"),K86)) -> زفتة | C86: =IF(K86="","",IF(INDEX(INDIRECT("'"&$I$1&"'!$W$2:$W$501"),K86)="جديد","جديد","موجود")) -> موجود | D86: =IF(K86="","",INDEX(INDIRECT("'"&$I$1&"'!$X$2:$X$501"),K86)) -> 970 | E86: =IF(K86="","",INDEX(INDIRECT("'"&$I$1&"'!$P$2:$P$501"),K86)) -> 486.7 | F86: =IF(K86="","",INDEX(INDIRECT("'"&$I$1&"'!$AA$2:$AA$501"),K86)) -> -1449.9 | K86: =IF($I$5=1,IFERROR(IF(LARGE(INDIRECT("'"&$I$1&"'!$AG$2:$AG$501"),2)>0.00001,MATCH(LARGE(INDIRECT("'"&$I$1&"'!$AG$2:$AG$501"),2),INDIRECT("'"&$I$1&"'!$AG$2:$AG$501"),0),""),""),"") -> 218
B87: =IF(K87="","",INDEX(INDIRECT("'"&$I$1&"'!$A$2:$A$501"),K87)) -> سائل جلي super / فرط 2601 | C87: =IF(K87="","",IF(INDEX(INDIRECT("'"&$I$1&"'!$W$2:$W$501"),K87)="جديد","جديد","موجود")) -> موجود | D87: =IF(K87="","",INDEX(INDIRECT("'"&$I$1&"'!$X$2:$X$501"),K87)) -> 2039 | E87: =IF(K87="","",INDEX(INDIRECT("'"&$I$1&"'!$P$2:$P$501"),K87)) -> 1051.32 | F87: =IF(K87="","",INDEX(INDIRECT("'"&$I$1&"'!$AA$2:$AA$501"),K87)) -> -908.13022 | K87: =IF($I$5=1,IFERROR(IF(LARGE(INDIRECT("'"&$I$1&"'!$AG$2:$AG$501"),3)>0.00001,MATCH(LARGE(INDIRECT("'"&$I$1&"'!$AG$2:$AG$501"),3),INDIRECT("'"&$I$1&"'!$AG$2:$AG$501"),0),""),""),"") -> 209
B88: =IF(K88="","",INDEX(INDIRECT("'"&$I$1&"'!$A$2:$A$501"),K88)) -> سائل جلي super / فرط 2602 | C88: =IF(K88="","",IF(INDEX(INDIRECT("'"&$I$1&"'!$W$2:$W$501"),K88)="جديد","جديد","موجود")) -> موجود | D88: =IF(K88="","",INDEX(INDIRECT("'"&$I$1&"'!$X$2:$X$501"),K88)) -> 2479 | E88: =IF(K88="","",INDEX(INDIRECT("'"&$I$1&"'!$P$2:$P$501"),K88)) -> 634.5 | F88: =IF(K88="","",INDEX(INDIRECT("'"&$I$1&"'!$AA$2:$AA$501"),K88)) -> -737.4888 | K88: =IF($I$5=1,IFERROR(IF(LARGE(INDIRECT("'"&$I$1&"'!$AG$2:$AG$501"),4)>0.00001,MATCH(LARGE(INDIRECT("'"&$I$1&"'!$AG$2:$AG$501"),4),INDIRECT("'"&$I$1&"'!$AG$2:$AG$501"),0),""),""),"") -> 208
B89: =IF(K89="","",INDEX(INDIRECT("'"&$I$1&"'!$A$2:$A$501"),K89)) -> عبوة كلور 800 ميلي | C89: =IF(K89="","",IF(INDEX(INDIRECT("'"&$I$1&"'!$W$2:$W$501"),K89)="جديد","جديد","موجود")) -> جديد | D89: =IF(K89="","",INDEX(INDIRECT("'"&$I$1&"'!$X$2:$X$501"),K89)) -> 0 | E89: =IF(K89="","",INDEX(INDIRECT("'"&$I$1&"'!$P$2:$P$501"),K89)) -> 4466 | F89: =IF(K89="","",INDEX(INDIRECT("'"&$I$1&"'!$AA$2:$AA$501"),K89)) -> 602.91 | K89: =IF($I$5=1,IFERROR(IF(LARGE(INDIRECT("'"&$I$1&"'!$AG$2:$AG$501"),5)>0.00001,MATCH(LARGE(INDIRECT("'"&$I$1&"'!$AG$2:$AG$501"),5),INDIRECT("'"&$I$1&"'!$AG$2:$AG$501"),0),""),""),"") -> 135
B90: =IF(K90="","",INDEX(INDIRECT("'"&$I$1&"'!$A$2:$A$501"),K90)) -> عملاق ريفا 450 مم | C90: =IF(K90="","",IF(INDEX(INDIRECT("'"&$I$1&"'!$W$2:$W$501"),K90)="جديد","جديد","موجود")) -> موجود | D90: =IF(K90="","",INDEX(INDIRECT("'"&$I$1&"'!$X$2:$X$501"),K90)) -> 1 | E90: =IF(K90="","",INDEX(INDIRECT("'"&$I$1&"'!$P$2:$P$501"),K90)) -> 99 | F90: =IF(K90="","",INDEX(INDIRECT("'"&$I$1&"'!$AA$2:$AA$501"),K90)) -> 588 | K90: =IF($I$5=1,IFERROR(IF(LARGE(INDIRECT("'"&$I$1&"'!$AG$2:$AG$501"),6)>0.00001,MATCH(LARGE(INDIRECT("'"&$I$1&"'!$AG$2:$AG$501"),6),INDIRECT("'"&$I$1&"'!$AG$2:$AG$501"),0),""),""),"") -> 94
B91: =IF(K91="","",INDEX(INDIRECT("'"&$I$1&"'!$A$2:$A$501"),K91)) -> سائل جلي ريفا 15% super / فرط | C91: =IF(K91="","",IF(INDEX(INDIRECT("'"&$I$1&"'!$W$2:$W$501"),K91)="جديد","جديد","موجود")) -> موجود | D91: =IF(K91="","",INDEX(INDIRECT("'"&$I$1&"'!$X$2:$X$501"),K91)) -> 153 | E91: =IF(K91="","",INDEX(INDIRECT("'"&$I$1&"'!$P$2:$P$501"),K91)) -> 1121 | F91: =IF(K91="","",INDEX(INDIRECT("'"&$I$1&"'!$AA$2:$AA$501"),K91)) -> 539.71756 | K91: =IF($I$5=1,IFERROR(IF(LARGE(INDIRECT("'"&$I$1&"'!$AG$2:$AG$501"),7)>0.00001,MATCH(LARGE(INDIRECT("'"&$I$1&"'!$AG$2:$AG$501"),7),INDIRECT("'"&$I$1&"'!$AG$2:$AG$501"),0),""),""),"") -> 200
B92: =IF(K92="","",INDEX(INDIRECT("'"&$I$1&"'!$A$2:$A$501"),K92)) -> سائل جلي super / فرط 2603 | C92: =IF(K92="","",IF(INDEX(INDIRECT("'"&$I$1&"'!$W$2:$W$501"),K92)="جديد","جديد","موجود")) -> موجود | D92: =IF(K92="","",INDEX(INDIRECT("'"&$I$1&"'!$X$2:$X$501"),K92)) -> 3741.5 | E92: =IF(K92="","",INDEX(INDIRECT("'"&$I$1&"'!$P$2:$P$501"),K92)) -> 2109.61 | F92: =IF(K92="","",INDEX(INDIRECT("'"&$I$1&"'!$AA$2:$AA$501"),K92)) -> -522.30672 | K92: =IF($I$5=1,IFERROR(IF(LARGE(INDIRECT("'"&$I$1&"'!$AG$2:$AG$501"),8)>0.00001,MATCH(LARGE(INDIRECT("'"&$I$1&"'!$AG$2:$AG$501"),8),INDIRECT("'"&$I$1&"'!$AG$2:$AG$501"),0),""),""),"") -> 207
B93: =IF(K93="","",INDEX(INDIRECT("'"&$I$1&"'!$A$2:$A$501"),K93)) -> صابون super / فرط | C93: =IF(K93="","",IF(INDEX(INDIRECT("'"&$I$1&"'!$W$2:$W$501"),K93)="جديد","جديد","موجود")) -> موجود | D93: =IF(K93="","",INDEX(INDIRECT("'"&$I$1&"'!$X$2:$X$501"),K93)) -> 1876.8 | E93: =IF(K93="","",INDEX(INDIRECT("'"&$I$1&"'!$P$2:$P$501"),K93)) -> 1338 | F93: =IF(K93="","",INDEX(INDIRECT("'"&$I$1&"'!$AA$2:$AA$501"),K93)) -> -293.96443 | K93: =IF($I$5=1,IFERROR(IF(LARGE(INDIRECT("'"&$I$1&"'!$AG$2:$AG$501"),9)>0.00001,MATCH(LARGE(INDIRECT("'"&$I$1&"'!$AG$2:$AG$501"),9),INDIRECT("'"&$I$1&"'!$AG$2:$AG$501"),0),""),""),"") -> 156
B94: =IF(K94="","",INDEX(INDIRECT("'"&$I$1&"'!$A$2:$A$501"),K94)) -> سائل جلي super / فرط 2604 | C94: =IF(K94="","",IF(INDEX(INDIRECT("'"&$I$1&"'!$W$2:$W$501"),K94)="جديد","جديد","موجود")) -> موجود | D94: =IF(K94="","",INDEX(INDIRECT("'"&$I$1&"'!$X$2:$X$501"),K94)) -> 4293 | E94: =IF(K94="","",INDEX(INDIRECT("'"&$I$1&"'!$P$2:$P$501"),K94)) -> 3349.33 | F94: =IF(K94="","",INDEX(INDIRECT("'"&$I$1&"'!$AA$2:$AA$501"),K94)) -> -245.91616 | K94: =IF($I$5=1,IFERROR(IF(LARGE(INDIRECT("'"&$I$1&"'!$AG$2:$AG$501"),10)>0.00001,MATCH(LARGE(INDIRECT("'"&$I$1&"'!$AG$2:$AG$501"),10),INDIRECT("'"&$I$1&"'!$AG$2:$AG$501"),0),""),""),"") -> 206
B95: =IF(K95="","",INDEX(INDIRECT("'"&$I$1&"'!$A$2:$A$501"),K95)) -> بيتائين | C95: =IF(K95="","",IF(INDEX(INDIRECT("'"&$I$1&"'!$W$2:$W$501"),K95)="جديد","جديد","موجود")) -> موجود | D95: =IF(K95="","",INDEX(INDIRECT("'"&$I$1&"'!$X$2:$X$501"),K95)) -> 290 | E95: =IF(K95="","",INDEX(INDIRECT("'"&$I$1&"'!$P$2:$P$501"),K95)) -> 127 | F95: =IF(K95="","",INDEX(INDIRECT("'"&$I$1&"'!$AA$2:$AA$501"),K95)) -> -220.05 | K95: =IF($I$5=1,IFERROR(IF(LARGE(INDIRECT("'"&$I$1&"'!$AG$2:$AG$501"),11)>0.00001,MATCH(LARGE(INDIRECT("'"&$I$1&"'!$AG$2:$AG$501"),11),INDIRECT("'"&$I$1&"'!$AG$2:$AG$501"),0),""),""),"") -> 244
B96: =IF(K96="","",INDEX(INDIRECT("'"&$I$1&"'!$A$2:$A$501"),K96)) -> معطر super / فرط | C96: =IF(K96="","",IF(INDEX(INDIRECT("'"&$I$1&"'!$W$2:$W$501"),K96)="جديد","جديد","موجود")) -> موجود | D96: =IF(K96="","",INDEX(INDIRECT("'"&$I$1&"'!$X$2:$X$501"),K96)) -> 3027.25 | E96: =IF(K96="","",INDEX(INDIRECT("'"&$I$1&"'!$P$2:$P$501"),K96)) -> 2224.5 | F96: =IF(K96="","",INDEX(INDIRECT("'"&$I$1&"'!$AA$2:$AA$501"),K96)) -> -218.0527 | K96: =IF($I$5=1,IFERROR(IF(LARGE(INDIRECT("'"&$I$1&"'!$AG$2:$AG$501"),12)>0.00001,MATCH(LARGE(INDIRECT("'"&$I$1&"'!$AG$2:$AG$501"),12),INDIRECT("'"&$I$1&"'!$AG$2:$AG$501"),0),""),""),"") -> 39
B97: =IF(K97="","",INDEX(INDIRECT("'"&$I$1&"'!$A$2:$A$501"),K97)) -> كوستيك-قطرونة | C97: =IF(K97="","",IF(INDEX(INDIRECT("'"&$I$1&"'!$W$2:$W$501"),K97)="جديد","جديد","موجود")) -> موجود | D97: =IF(K97="","",INDEX(INDIRECT("'"&$I$1&"'!$X$2:$X$501"),K97)) -> 13.6 | E97: =IF(K97="","",INDEX(INDIRECT("'"&$I$1&"'!$P$2:$P$501"),K97)) -> 24.88 | F97: =IF(K97="","",INDEX(INDIRECT("'"&$I$1&"'!$AA$2:$AA$501"),K97)) -> 211.5 | K97: =IF($I$5=1,IFERROR(IF(LARGE(INDIRECT("'"&$I$1&"'!$AG$2:$AG$501"),13)>0.00001,MATCH(LARGE(INDIRECT("'"&$I$1&"'!$AG$2:$AG$501"),13),INDIRECT("'"&$I$1&"'!$AG$2:$AG$501"),0),""),""),"") -> 61
B98: =IF(K98="","",INDEX(INDIRECT("'"&$I$1&"'!$A$2:$A$501"),K98)) -> عملاق | C98: =IF(K98="","",IF(INDEX(INDIRECT("'"&$I$1&"'!$W$2:$W$501"),K98)="جديد","جديد","موجود")) -> موجود | D98: =IF(K98="","",INDEX(INDIRECT("'"&$I$1&"'!$X$2:$X$501"),K98)) -> 279.34 | E98: =IF(K98="","",INDEX(INDIRECT("'"&$I$1&"'!$P$2:$P$501"),K98)) -> 27 | F98: =IF(K98="","",INDEX(INDIRECT("'"&$I$1&"'!$AA$2:$AA$501"),K98)) -> -172.8504 | K98: =IF($I$5=1,IFERROR(IF(LARGE(INDIRECT("'"&$I$1&"'!$AG$2:$AG$501"),14)>0.00001,MATCH(LARGE(INDIRECT("'"&$I$1&"'!$AG$2:$AG$501"),14),INDIRECT("'"&$I$1&"'!$AG$2:$AG$501"),0),""),""),"") -> 97
B99: =IF(K99="","",INDEX(INDIRECT("'"&$I$1&"'!$A$2:$A$501"),K99)) -> دواء غسيل بودرا | C99: =IF(K99="","",IF(INDEX(INDIRECT("'"&$I$1&"'!$W$2:$W$501"),K99)="جديد","جديد","موجود")) -> موجود | D99: =IF(K99="","",INDEX(INDIRECT("'"&$I$1&"'!$X$2:$X$501"),K99)) -> 391.89 | E99: =IF(K99="","",INDEX(INDIRECT("'"&$I$1&"'!$P$2:$P$501"),K99)) -> 150 | F99: =IF(K99="","",INDEX(INDIRECT("'"&$I$1&"'!$AA$2:$AA$501"),K99)) -> -169.37164 | K99: =IF($I$5=1,IFERROR(IF(LARGE(INDIRECT("'"&$I$1&"'!$AG$2:$AG$501"),15)>0.00001,MATCH(LARGE(INDIRECT("'"&$I$1&"'!$AG$2:$AG$501"),15),INDIRECT("'"&$I$1&"'!$AG$2:$AG$501"),0),""),""),"") -> 224
B100: ملاحظة: قيمة الأصناف المسعّرة بالليرة تتأثر بتغير سعر الصرف بين الشهرين، لذلك قد يظهر تغير في قيمتها رغم ثبات الكمية والسعر.

Sheet فحص الأخطاء
B1: فحص الأخطاء — الشهر المعروض
B2: ="الشهر: "&INDEX('لوحة التحكم'!$B$16:$B$27,'لوحة التحكم'!$D$6)&" · "&IF('لوحة التحكم'!$K$12=1,IF(INDEX('الملخص الشهري'!$B$45:$M$45,'لوحة التحكم'!$D$6)=0,"✓ لا توجد أخطاء","⚠ يوجد "&INDEX('الملخص الشهري'!$B$45:$M$45,'لوحة التحكم'!$D$6)&" صنف به ملاحظات — صحّحها في البرنامج المحاسبي ثم أعد التصدير واللصق"),"لا توجد بيانات صالحة للفحص") -> الشهر: أيلول · ✓ لا توجد أخطاء
B4: أنواع الملاحظات وطريقة معالجتها
B5: النوع | C5: العدد | D5: ماذا يعني وكيف تعالجه
B6: كمية سالبة | C6: =IFERROR(INDEX('الملخص الشهري'!$B$37:$M$37,'لوحة التحكم'!$D$6),"") -> 0 | D6: رصيد أقل من الصفر (غالبًا بيع قبل إدخال الشراء أو تصنيع بلا مدخلات). تُعتبر صفرًا في قيمة المستودع. صحّح الحركات أو أدخل الجرد.
B7: كمية موجبة وسعر شراء صفر | C7: =IFERROR(INDEX('الملخص الشهري'!$B$38:$M$38,'لوحة التحكم'!$D$6),"") -> 0 | D7: الصنف موجود بالمخزن بلا تكلفة، فتُهمَل قيمته من الميزانية ولا يدخل في الربح. أدخل سعر الشراء/التكلفة.
B8: صنف للبيع بلا سعر بيع | C8: =IFERROR(INDEX('الملخص الشهري'!$B$39:$M$39,'لوحة التحكم'!$D$6),"") -> 0 | D8: صنف من الفئة المتوقع لها سعر بيع، كميته موجبة وأحد أسعار بيعه صفر. أدخل الأسعار.
B9: سعر البيع أقل من الشراء | C9: =IFERROR(INDEX('الملخص الشهري'!$B$40:$M$40,'لوحة التحكم'!$D$6),"") -> 0 | D9: السعر المعتمد للبيع أقل من التكلفة (خسارة). راجع السعر أو التكلفة.
B10: عملة/سعر مشكوك | C10: =IFERROR(INDEX('الملخص الشهري'!$B$41:$M$41,'لوحة التحكم'!$D$6),"") -> 0 | D10: سعر بالليرة صغير جدًا أو سعر بالدولار كبير جدًا (حسب الحدود في لوحة التحكم): غالبًا العملة أو السعر خطأ.
B11: تباين أسعار البيع | C11: =IFERROR(INDEX('الملخص الشهري'!$B$42:$M$42,'لوحة التحكم'!$D$6),"") -> 0 | D11: الفرق بين أسعار الجملة والقطاعي وجملة الجملة أكبر من النسبة المقبولة: غالبًا رقم ناقص أو زائد.
B12: بلا تصنيف | C12: =IFERROR(INDEX('الملخص الشهري'!$B$43:$M$43,'لوحة التحكم'!$D$6),"") -> 0 | D12: الفئة الفرعية All أو فارغة؛ صنّف الصنف ليظهر في تحليل الفئات.
B13: بيانات غير صالحة | C13: =IFERROR(INDEX('الملخص الشهري'!$B$44:$M$44,'لوحة التحكم'!$D$6),"") -> 0 | D13: نص مكان الرقم، خلية فارغة بدل رقم، أو عملة غير «دولار أمريكي»/«ليرة سورية».
B15: قائمة الأصناف ذات الملاحظات (أول 200 صنف)
B16: # | C16: الصنف | D16: الكمية | E16: العملة | F16: سعر الشراء | G16: سعر الجملة | H16: القطاعي | I16: جملة الجملة | J16: الملاحظات | L16: فهرس
B17: =IF(L17="","",1) | C17: =IF(L17="","",INDEX(INDIRECT("'"&'لوحة التحكم'!$K$6&"'!$A$2:$A$501"),L17)) | D17: =IF(L17="","",INDEX(INDIRECT("'"&'لوحة التحكم'!$K$6&"'!$B$2:$B$501"),L17)) | E17: =IF(L17="","",INDEX(INDIRECT("'"&'لوحة التحكم'!$K$6&"'!$F$2:$F$501"),L17)) | F17: =IF(L17="","",INDEX(INDIRECT("'"&'لوحة التحكم'!$K$6&"'!$I$2:$I$501"),L17)) | G17: =IF(L17="","",INDEX(INDIRECT("'"&'لوحة التحكم'!$K$6&"'!$C$2:$C$501"),L17)) | H17: =IF(L17="","",INDEX(INDIRECT("'"&'لوحة التحكم'!$K$6&"'!$D$2:$D$501"),L17)) | I17: =IF(L17="","",INDEX(INDIRECT("'"&'لوحة التحكم'!$K$6&"'!$E$2:$E$501"),L17)) | J17: =IF(L17="","",INDEX(INDIRECT("'"&'لوحة التحكم'!$K$6&"'!$U$2:$U$501"),L17)) | L17: =IF('لوحة التحكم'!$K$12=1,IFERROR(MATCH(1,INDIRECT("'"&'لوحة التحكم'!$K$6&"'!$AF$2:$AF$501"),0),""),"")
B18: =IF(L18="","",2) | C18: =IF(L18="","",INDEX(INDIRECT("'"&'لوحة التحكم'!$K$6&"'!$A$2:$A$501"),L18)) | D18: =IF(L18="","",INDEX(INDIRECT("'"&'لوحة التحكم'!$K$6&"'!$B$2:$B$501"),L18)) | E18: =IF(L18="","",INDEX(INDIRECT("'"&'لوحة التحكم'!$K$6&"'!$F$2:$F$501"),L18)) | F18: =IF(L18="","",INDEX(INDIRECT("'"&'لوحة التحكم'!$K$6&"'!$I$2:$I$501"),L18)) | G18: =IF(L18="","",INDEX(INDIRECT("'"&'لوحة التحكم'!$K$6&"'!$C$2:$C$501"),L18)) | H18: =IF(L18="","",INDEX(INDIRECT("'"&'لوحة التحكم'!$K$6&"'!$D$2:$D$501"),L18)) | I18: =IF(L18="","",INDEX(INDIRECT("'"&'لوحة التحكم'!$K$6&"'!$E$2:$E$501"),L18)) | J18: =IF(L18="","",INDEX(INDIRECT("'"&'لوحة التحكم'!$K$6&"'!$U$2:$U$501"),L18)) | L18: =IF('لوحة التحكم'!$K$12=1,IFERROR(MATCH(2,INDIRECT("'"&'لوحة التحكم'!$K$6&"'!$AF$2:$AF$501"),0),""),"")
B19: =IF(L19="","",3) | C19: =IF(L19="","",INDEX(INDIRECT("'"&'لوحة التحكم'!$K$6&"'!$A$2:$A$501"),L19)) | D19: =IF(L19="","",INDEX(INDIRECT("'"&'لوحة التحكم'!$K$6&"'!$B$2:$B$501"),L19)) | E19: =IF(L19="","",INDEX(INDIRECT("'"&'لوحة التحكم'!$K$6&"'!$F$2:$F$501"),L19)) | F19: =IF(L19="","",INDEX(INDIRECT("'"&'لوحة التحكم'!$K$6&"'!$I$2:$I$501"),L19)) | G19: =IF(L19="","",INDEX(INDIRECT("'"&'لوحة التحكم'!$K$6&"'!$C$2:$C$501"),L19)) | H19: =IF(L19="","",INDEX(INDIRECT("'"&'لوحة التحكم'!$K$6&"'!$D$2:$D$501"),L19)) | I19: =IF(L19="","",INDEX(INDIRECT("'"&'لوحة التحكم'!$K$6&"'!$E$2:$E$501"),L19)) | J19: =IF(L19="","",INDEX(INDIRECT("'"&'لوحة التحكم'!$K$6&"'!$U$2:$U$501"),L19)) | L19: =IF('لوحة التحكم'!$K$12=1,IFERROR(MATCH(3,INDIRECT("'"&'لوحة التحكم'!$K$6&"'!$AF$2:$AF$501"),0),""),"")
B20: =IF(L20="","",4) | C20: =IF(L20="","",INDEX(INDIRECT("'"&'لوحة التحكم'!$K$6&"'!$A$2:$A$501"),L20)) | D20: =IF(L20="","",INDEX(INDIRECT("'"&'لوحة التحكم'!$K$6&"'!$B$2:$B$501"),L20)) | E20: =IF(L20="","",INDEX(INDIRECT("'"&'لوحة التحكم'!$K$6&"'!$F$2:$F$501"),L20)) | F20: =IF(L20="","",INDEX(INDIRECT("'"&'لوحة التحكم'!$K$6&"'!$I$2:$I$501"),L20)) | G20: =IF(L20="","",INDEX(INDIRECT("'"&'لوحة التحكم'!$K$6&"'!$C$2:$C$501"),L20)) | H20: =IF(L20="","",INDEX(INDIRECT("'"&'لوحة التحكم'!$K$6&"'!$D$2:$D$501"),L20)) | I20: =IF(L20="","",INDEX(INDIRECT("'"&'لوحة التحكم'!$K$6&"'!$E$2:$E$501"),L20)) | J20: =IF(L20="","",INDEX(INDIRECT("'"&'لوحة التحكم'!$K$6&"'!$U$2:$U$501"),L20)) | L20: =IF('لوحة التحكم'!$K$12=1,IFERROR(MATCH(4,INDIRECT("'"&'لوحة التحكم'!$K$6&"'!$AF$2:$AF$501"),0),""),"")
B21: =IF(L21="","",5) | C21: =IF(L21="","",INDEX(INDIRECT("'"&'لوحة التحكم'!$K$6&"'!$A$2:$A$501"),L21)) | D21: =IF(L21="","",INDEX(INDIRECT("'"&'لوحة التحكم'!$K$6&"'!$B$2:$B$501"),L21)) | E21: =IF(L21="","",INDEX(INDIRECT("'"&'لوحة التحكم'!$K$6&"'!$F$2:$F$501"),L21)) | F21: =IF(L21="","",INDEX(INDIRECT("'"&'لوحة التحكم'!$K$6&"'!$I$2:$I$501"),L21)) | G21: =IF(L21="","",INDEX(INDIRECT("'"&'لوحة التحكم'!$K$6&"'!$C$2:$C$501"),L21)) | H21: =IF(L21="","",INDEX(INDIRECT("'"&'لوحة التحكم'!$K$6&"'!$D$2:$D$501"),L21)) | I21: =IF(L21="","",INDEX(INDIRECT("'"&'لوحة التحكم'!$K$6&"'!$E$2:$E$501"),L21)) | J21: =IF(L21="","",INDEX(INDIRECT("'"&'لوحة التحكم'!$K$6&"'!$U$2:$U$501"),L21)) | L21: =IF('لوحة التحكم'!$K$12=1,IFERROR(MATCH(5,INDIRECT("'"&'لوحة التحكم'!$K$6&"'!$AF$2:$AF$501"),0),""),"")
B22: =IF(L22="","",6) | C22: =IF(L22="","",INDEX(INDIRECT("'"&'لوحة التحكم'!$K$6&"'!$A$2:$A$501"),L22)) | D22: =IF(L22="","",INDEX(INDIRECT("'"&'لوحة التحكم'!$K$6&"'!$B$2:$B$501"),L22)) | E22: =IF(L22="","",INDEX(INDIRECT("'"&'لوحة التحكم'!$K$6&"'!$F$2:$F$501"),L22)) | F22: =IF(L22="","",INDEX(INDIRECT("'"&'لوحة التحكم'!$K$6&"'!$I$2:$I$501"),L22)) | G22: =IF(L22="","",INDEX(INDIRECT("'"&'لوحة التحكم'!$K$6&"'!$C$2:$C$501"),L22)) | H22: =IF(L22="","",INDEX(INDIRECT("'"&'لوحة التحكم'!$K$6&"'!$D$2:$D$501"),L22)) | I22: =IF(L22="","",INDEX(INDIRECT("'"&'لوحة التحكم'!$K$6&"'!$E$2:$E$501"),L22)) | J22: =IF(L22="","",INDEX(INDIRECT("'"&'لوحة التحكم'!$K$6&"'!$U$2:$U$501"),L22)) | L22: =IF('لوحة التحكم'!$K$12=1,IFERROR(MATCH(6,INDIRECT("'"&'لوحة التحكم'!$K$6&"'!$AF$2:$AF$501"),0),""),"")
B23: =IF(L23="","",7) | C23: =IF(L23="","",INDEX(INDIRECT("'"&'لوحة التحكم'!$K$6&"'!$A$2:$A$501"),L23)) | D23: =IF(L23="","",INDEX(INDIRECT("'"&'لوحة التحكم'!$K$6&"'!$B$2:$B$501"),L23)) | E23: =IF(L23="","",INDEX(INDIRECT("'"&'لوحة التحكم'!$K$6&"'!$F$2:$F$501"),L23)) | F23: =IF(L23="","",INDEX(INDIRECT("'"&'لوحة التحكم'!$K$6&"'!$I$2:$I$501"),L23)) | G23: =IF(L23="","",INDEX(INDIRECT("'"&'لوحة التحكم'!$K$6&"'!$C$2:$C$501"),L23)) | H23: =IF(L23="","",INDEX(INDIRECT("'"&'لوحة التحكم'!$K$6&"'!$D$2:$D$501"),L23)) | I23: =IF(L23="","",INDEX(INDIRECT("'"&'لوحة التحكم'!$K$6&"'!$E$2:$E$501"),L23)) | J23: =IF(L23="","",INDEX(INDIRECT("'"&'لوحة التحكم'!$K$6&"'!$U$2:$U$501"),L23)) | L23: =IF('لوحة التحكم'!$K$12=1,IFERROR(MATCH(7,INDIRECT("'"&'لوحة التحكم'!$K$6&"'!$AF$2:$AF$501"),0),""),"")
B24: =IF(L24="","",8) | C24: =IF(L24="","",INDEX(INDIRECT("'"&'لوحة التحكم'!$K$6&"'!$A$2:$A$501"),L24)) | D24: =IF(L24="","",INDEX(INDIRECT("'"&'لوحة التحكم'!$K$6&"'!$B$2:$B$501"),L24)) | E24: =IF(L24="","",INDEX(INDIRECT("'"&'لوحة التحكم'!$K$6&"'!$F$2:$F$501"),L24)) | F24: =IF(L24="","",INDEX(INDIRECT("'"&'لوحة التحكم'!$K$6&"'!$I$2:$I$501"),L24)) | G24: =IF(L24="","",INDEX(INDIRECT("'"&'لوحة التحكم'!$K$6&"'!$C$2:$C$501"),L24)) | H24: =IF(L24="","",INDEX(INDIRECT("'"&'لوحة التحكم'!$K$6&"'!$D$2:$D$501"),L24)) | I24: =IF(L24="","",INDEX(INDIRECT("'"&'لوحة التحكم'!$K$6&"'!$E$2:$E$501"),L24)) | J24: =IF(L24="","",INDEX(INDIRECT("'"&'لوحة التحكم'!$K$6&"'!$U$2:$U$501"),L24)) | L24: =IF('لوحة التحكم'!$K$12=1,IFERROR(MATCH(8,INDIRECT("'"&'لوحة التحكم'!$K$6&"'!$AF$2:$AF$501"),0),""),"")
B25: =IF(L25="","",9) | C25: =IF(L25="","",INDEX(INDIRECT("'"&'لوحة التحكم'!$K$6&"'!$A$2:$A$501"),L25)) | D25: =IF(L25="","",INDEX(INDIRECT("'"&'لوحة التحكم'!$K$6&"'!$B$2:$B$501"),L25)) | E25: =IF(L25="","",INDEX(INDIRECT("'"&'لوحة التحكم'!$K$6&"'!$F$2:$F$501"),L25)) | F25: =IF(L25="","",INDEX(INDIRECT("'"&'لوحة التحكم'!$K$6&"'!$I$2:$I$501"),L25)) | G25: =IF(L25="","",INDEX(INDIRECT("'"&'لوحة التحكم'!$K$6&"'!$C$2:$C$501"),L25)) | H25: =IF(L25="","",INDEX(INDIRECT("'"&'لوحة التحكم'!$K$6&"'!$D$2:$D$501"),L25)) | I25: =IF(L25="","",INDEX(INDIRECT("'"&'لوحة التحكم'!$K$6&"'!$E$2:$E$501"),L25)) | J25: =IF(L25="","",INDEX(INDIRECT("'"&'لوحة التحكم'!$K$6&"'!$U$2:$U$501"),L25)) | L25: =IF('لوحة التحكم'!$K$12=1,IFERROR(MATCH(9,INDIRECT("'"&'لوحة التحكم'!$K$6&"'!$AF$2:$AF$501"),0),""),"")
B26: =IF(L26="","",10) | C26: =IF(L26="","",INDEX(INDIRECT("'"&'لوحة التحكم'!$K$6&"'!$A$2:$A$501"),L26)) | D26: =IF(L26="","",INDEX(INDIRECT("'"&'لوحة التحكم'!$K$6&"'!$B$2:$B$501"),L26)) | E26: =IF(L26="","",INDEX(INDIRECT("'"&'لوحة التحكم'!$K$6&"'!$F$2:$F$501"),L26)) | F26: =IF(L26="","",INDEX(INDIRECT("'"&'لوحة التحكم'!$K$6&"'!$I$2:$I$501"),L26)) | G26: =IF(L26="","",INDEX(INDIRECT("'"&'لوحة التحكم'!$K$6&"'!$C$2:$C$501"),L26)) | H26: =IF(L26="","",INDEX(INDIRECT("'"&'لوحة التحكم'!$K$6&"'!$D$2:$D$501"),L26)) | I26: =IF(L26="","",INDEX(INDIRECT("'"&'لوحة التحكم'!$K$6&"'!$E$2:$E$501"),L26)) | J26: =IF(L26="","",INDEX(INDIRECT("'"&'لوحة التحكم'!$K$6&"'!$U$2:$U$501"),L26)) | L26: =IF('لوحة التحكم'!$K$12=1,IFERROR(MATCH(10,INDIRECT("'"&'لوحة التحكم'!$K$6&"'!$AF$2:$AF$501"),0),""),"")
B27: =IF(L27="","",11) | C27: =IF(L27="","",INDEX(INDIRECT("'"&'لوحة التحكم'!$K$6&"'!$A$2:$A$501"),L27)) | D27: =IF(L27="","",INDEX(INDIRECT("'"&'لوحة التحكم'!$K$6&"'!$B$2:$B$501"),L27)) | E27: =IF(L27="","",INDEX(INDIRECT("'"&'لوحة التحكم'!$K$6&"'!$F$2:$F$501"),L27)) | F27: =IF(L27="","",INDEX(INDIRECT("'"&'لوحة التحكم'!$K$6&"'!$I$2:$I$501"),L27)) | G27: =IF(L27="","",INDEX(INDIRECT("'"&'لوحة التحكم'!$K$6&"'!$C$2:$C$501"),L27)) | H27: =IF(L27="","",INDEX(INDIRECT("'"&'لوحة التحكم'!$K$6&"'!$D$2:$D$501"),L27)) | I27: =IF(L27="","",INDEX(INDIRECT("'"&'لوحة التحكم'!$K$6&"'!$E$2:$E$501"),L27)) | J27: =IF(L27="","",INDEX(INDIRECT("'"&'لوحة التحكم'!$K$6&"'!$U$2:$U$501"),L27)) | L27: =IF('لوحة التحكم'!$K$12=1,IFERROR(MATCH(11,INDIRECT("'"&'لوحة التحكم'!$K$6&"'!$AF$2:$AF$501"),0),""),"")
B28: =IF(L28="","",12) | C28: =IF(L28="","",INDEX(INDIRECT("'"&'لوحة التحكم'!$K$6&"'!$A$2:$A$501"),L28)) | D28: =IF(L28="","",INDEX(INDIRECT("'"&'لوحة التحكم'!$K$6&"'!$B$2:$B$501"),L28)) | E28: =IF(L28="","",INDEX(INDIRECT("'"&'لوحة التحكم'!$K$6&"'!$F$2:$F$501"),L28)) | F28: =IF(L28="","",INDEX(INDIRECT("'"&'لوحة التحكم'!$K$6&"'!$I$2:$I$501"),L28)) | G28: =IF(L28="","",INDEX(INDIRECT("'"&'لوحة التحكم'!$K$6&"'!$C$2:$C$501"),L28)) | H28: =IF(L28="","",INDEX(INDIRECT("'"&'لوحة التحكم'!$K$6&"'!$D$2:$D$501"),L28)) | I28: =IF(L28="","",INDEX(INDIRECT("'"&'لوحة التحكم'!$K$6&"'!$E$2:$E$501"),L28)) | J28: =IF(L28="","",INDEX(INDIRECT("'"&'لوحة التحكم'!$K$6&"'!$U$2:$U$501"),L28)) | L28: =IF('لوحة التحكم'!$K$12=1,IFERROR(MATCH(12,INDIRECT("'"&'لوحة التحكم'!$K$6&"'!$AF$2:$AF$501"),0),""),"")
B29: =IF(L29="","",13) | C29: =IF(L29="","",INDEX(INDIRECT("'"&'لوحة التحكم'!$K$6&"'!$A$2:$A$501"),L29)) | D29: =IF(L29="","",INDEX(INDIRECT("'"&'لوحة التحكم'!$K$6&"'!$B$2:$B$501"),L29)) | E29: =IF(L29="","",INDEX(INDIRECT("'"&'لوحة التحكم'!$K$6&"'!$F$2:$F$501"),L29)) | F29: =IF(L29="","",INDEX(INDIRECT("'"&'لوحة التحكم'!$K$6&"'!$I$2:$I$501"),L29)) | G29: =IF(L29="","",INDEX(INDIRECT("'"&'لوحة التحكم'!$K$6&"'!$C$2:$C$501"),L29)) | H29: =IF(L29="","",INDEX(INDIRECT("'"&'لوحة التحكم'!$K$6&"'!$D$2:$D$501"),L29)) | I29: =IF(L29="","",INDEX(INDIRECT("'"&'لوحة التحكم'!$K$6&"'!$E$2:$E$501"),L29)) | J29: =IF(L29="","",INDEX(INDIRECT("'"&'لوحة التحكم'!$K$6&"'!$U$2:$U$501"),L29)) | L29: =IF('لوحة التحكم'!$K$12=1,IFERROR(MATCH(13,INDIRECT("'"&'لوحة التحكم'!$K$6&"'!$AF$2:$AF$501"),0),""),"")
B30: =IF(L30="","",14) | C30: =IF(L30="","",INDEX(INDIRECT("'"&'لوحة التحكم'!$K$6&"'!$A$2:$A$501"),L30)) | D30: =IF(L30="","",INDEX(INDIRECT("'"&'لوحة التحكم'!$K$6&"'!$B$2:$B$501"),L30)) | E30: =IF(L30="","",INDEX(INDIRECT("'"&'لوحة التحكم'!$K$6&"'!$F$2:$F$501"),L30)) | F30: =IF(L30="","",INDEX(INDIRECT("'"&'لوحة التحكم'!$K$6&"'!$I$2:$I$501"),L30)) | G30: =IF(L30="","",INDEX(INDIRECT("'"&'لوحة التحكم'!$K$6&"'!$C$2:$C$501"),L30)) | H30: =IF(L30="","",INDEX(INDIRECT("'"&'لوحة التحكم'!$K$6&"'!$D$2:$D$501"),L30)) | I30: =IF(L30="","",INDEX(INDIRECT("'"&'لوحة التحكم'!$K$6&"'!$E$2:$E$501"),L30)) | J30: =IF(L30="","",INDEX(INDIRECT("'"&'لوحة التحكم'!$K$6&"'!$U$2:$U$501"),L30)) | L30: =IF('لوحة التحكم'!$K$12=1,IFERROR(MATCH(14,INDIRECT("'"&'لوحة التحكم'!$K$6&"'!$AF$2:$AF$501"),0),""),"")
B31: =IF(L31="","",15) | C31: =IF(L31="","",INDEX(INDIRECT("'"&'لوحة التحكم'!$K$6&"'!$A$2:$A$501"),L31)) | D31: =IF(L31="","",INDEX(INDIRECT("'"&'لوحة التحكم'!$K$6&"'!$B$2:$B$501"),L31)) | E31: =IF(L31="","",INDEX(INDIRECT("'"&'لوحة التحكم'!$K$6&"'!$F$2:$F$501"),L31)) | F31: =IF(L31="","",INDEX(INDIRECT("'"&'لوحة التحكم'!$K$6&"'!$I$2:$I$501"),L31)) | G31: =IF(L31="","",INDEX(INDIRECT("'"&'لوحة التحكم'!$K$6&"'!$C$2:$C$501"),L31)) | H31: =IF(L31="","",INDEX(INDIRECT("'"&'لوحة التحكم'!$K$6&"'!$D$2:$D$501"),L31)) | I31: =IF(L31="","",INDEX(INDIRECT("'"&'لوحة التحكم'!$K$6&"'!$E$2:$E$501"),L31)) | J31: =IF(L31="","",INDEX(INDIRECT("'"&'لوحة التحكم'!$K$6&"'!$U$2:$U$501"),L31)) | L31: =IF('لوحة التحكم'!$K$12=1,IFERROR(MATCH(15,INDIRECT("'"&'لوحة التحكم'!$K$6&"'!$AF$2:$AF$501"),0),""),"")
B32: =IF(L32="","",16) | C32: =IF(L32="","",INDEX(INDIRECT("'"&'لوحة التحكم'!$K$6&"'!$A$2:$A$501"),L32)) | D32: =IF(L32="","",INDEX(INDIRECT("'"&'لوحة التحكم'!$K$6&"'!$B$2:$B$501"),L32)) | E32: =IF(L32="","",INDEX(INDIRECT("'"&'لوحة التحكم'!$K$6&"'!$F$2:$F$501"),L32)) | F32: =IF(L32="","",INDEX(INDIRECT("'"&'لوحة التحكم'!$K$6&"'!$I$2:$I$501"),L32)) | G32: =IF(L32="","",INDEX(INDIRECT("'"&'لوحة التحكم'!$K$6&"'!$C$2:$C$501"),L32)) | H32: =IF(L32="","",INDEX(INDIRECT("'"&'لوحة التحكم'!$K$6&"'!$D$2:$D$501"),L32)) | I32: =IF(L32="","",INDEX(INDIRECT("'"&'لوحة التحكم'!$K$6&"'!$E$2:$E$501"),L32)) | J32: =IF(L32="","",INDEX(INDIRECT("'"&'لوحة التحكم'!$K$6&"'!$U$2:$U$501"),L32)) | L32: =IF('لوحة التحكم'!$K$12=1,IFERROR(MATCH(16,INDIRECT("'"&'لوحة التحكم'!$K$6&"'!$AF$2:$AF$501"),0),""),"")
B33: =IF(L33="","",17) | C33: =IF(L33="","",INDEX(INDIRECT("'"&'لوحة التحكم'!$K$6&"'!$A$2:$A$501"),L33)) | D33: =IF(L33="","",INDEX(INDIRECT("'"&'لوحة التحكم'!$K$6&"'!$B$2:$B$501"),L33)) | E33: =IF(L33="","",INDEX(INDIRECT("'"&'لوحة التحكم'!$K$6&"'!$F$2:$F$501"),L33)) | F33: =IF(L33="","",INDEX(INDIRECT("'"&'لوحة التحكم'!$K$6&"'!$I$2:$I$501"),L33)) | G33: =IF(L33="","",INDEX(INDIRECT("'"&'لوحة التحكم'!$K$6&"'!$C$2:$C$501"),L33)) | H33: =IF(L33="","",INDEX(INDIRECT("'"&'لوحة التحكم'!$K$6&"'!$D$2:$D$501"),L33)) | I33: =IF(L33="","",INDEX(INDIRECT("'"&'لوحة التحكم'!$K$6&"'!$E$2:$E$501"),L33)) | J33: =IF(L33="","",INDEX(INDIRECT("'"&'لوحة التحكم'!$K$6&"'!$U$2:$U$501"),L33)) | L33: =IF('لوحة التحكم'!$K$12=1,IFERROR(MATCH(17,INDIRECT("'"&'لوحة التحكم'!$K$6&"'!$AF$2:$AF$501"),0),""),"")
B34: =IF(L34="","",18) | C34: =IF(L34="","",INDEX(INDIRECT("'"&'لوحة التحكم'!$K$6&"'!$A$2:$A$501"),L34)) | D34: =IF(L34="","",INDEX(INDIRECT("'"&'لوحة التحكم'!$K$6&"'!$B$2:$B$501"),L34)) | E34: =IF(L34="","",INDEX(INDIRECT("'"&'لوحة التحكم'!$K$6&"'!$F$2:$F$501"),L34)) | F34: =IF(L34="","",INDEX(INDIRECT("'"&'لوحة التحكم'!$K$6&"'!$I$2:$I$501"),L34)) | G34: =IF(L34="","",INDEX(INDIRECT("'"&'لوحة التحكم'!$K$6&"'!$C$2:$C$501"),L34)) | H34: =IF(L34="","",INDEX(INDIRECT("'"&'لوحة التحكم'!$K$6&"'!$D$2:$D$501"),L34)) | I34: =IF(L34="","",INDEX(INDIRECT("'"&'لوحة التحكم'!$K$6&"'!$E$2:$E$501"),L34)) | J34: =IF(L34="","",INDEX(INDIRECT("'"&'لوحة التحكم'!$K$6&"'!$U$2:$U$501"),L34)) | L34: =IF('لوحة التحكم'!$K$12=1,IFERROR(MATCH(18,INDIRECT("'"&'لوحة التحكم'!$K$6&"'!$AF$2:$AF$501"),0),""),"")
B35: =IF(L35="","",19) | C35: =IF(L35="","",INDEX(INDIRECT("'"&'لوحة التحكم'!$K$6&"'!$A$2:$A$501"),L35)) | D35: =IF(L35="","",INDEX(INDIRECT("'"&'لوحة التحكم'!$K$6&"'!$B$2:$B$501"),L35)) | E35: =IF(L35="","",INDEX(INDIRECT("'"&'لوحة التحكم'!$K$6&"'!$F$2:$F$501"),L35)) | F35: =IF(L35="","",INDEX(INDIRECT("'"&'لوحة التحكم'!$K$6&"'!$I$2:$I$501"),L35)) | G35: =IF(L35="","",INDEX(INDIRECT("'"&'لوحة التحكم'!$K$6&"'!$C$2:$C$501"),L35)) | H35: =IF(L35="","",INDEX(INDIRECT("'"&'لوحة التحكم'!$K$6&"'!$D$2:$D$501"),L35)) | I35: =IF(L35="","",INDEX(INDIRECT("'"&'لوحة التحكم'!$K$6&"'!$E$2:$E$501"),L35)) | J35: =IF(L35="","",INDEX(INDIRECT("'"&'لوحة التحكم'!$K$6&"'!$U$2:$U$501"),L35)) | L35: =IF('لوحة التحكم'!$K$12=1,IFERROR(MATCH(19,INDIRECT("'"&'لوحة التحكم'!$K$6&"'!$AF$2:$AF$501"),0),""),"")
B36: =IF(L36="","",20) | C36: =IF(L36="","",INDEX(INDIRECT("'"&'لوحة التحكم'!$K$6&"'!$A$2:$A$501"),L36)) | D36: =IF(L36="","",INDEX(INDIRECT("'"&'لوحة التحكم'!$K$6&"'!$B$2:$B$501"),L36)) | E36: =IF(L36="","",INDEX(INDIRECT("'"&'لوحة التحكم'!$K$6&"'!$F$2:$F$501"),L36)) | F36: =IF(L36="","",INDEX(INDIRECT("'"&'لوحة التحكم'!$K$6&"'!$I$2:$I$501"),L36)) | G36: =IF(L36="","",INDEX(INDIRECT("'"&'لوحة التحكم'!$K$6&"'!$C$2:$C$501"),L36)) | H36: =IF(L36="","",INDEX(INDIRECT("'"&'لوحة التحكم'!$K$6&"'!$D$2:$D$501"),L36)) | I36: =IF(L36="","",INDEX(INDIRECT("'"&'لوحة التحكم'!$K$6&"'!$E$2:$E$501"),L36)) | J36: =IF(L36="","",INDEX(INDIRECT("'"&'لوحة التحكم'!$K$6&"'!$U$2:$U$501"),L36)) | L36: =IF('لوحة التحكم'!$K$12=1,IFERROR(MATCH(20,INDIRECT("'"&'لوحة التحكم'!$K$6&"'!$AF$2:$AF$501"),0),""),"")
B37: =IF(L37="","",21) | C37: =IF(L37="","",INDEX(INDIRECT("'"&'لوحة التحكم'!$K$6&"'!$A$2:$A$501"),L37)) | D37: =IF(L37="","",INDEX(INDIRECT("'"&'لوحة التحكم'!$K$6&"'!$B$2:$B$501"),L37)) | E37: =IF(L37="","",INDEX(INDIRECT("'"&'لوحة التحكم'!$K$6&"'!$F$2:$F$501"),L37)) | F37: =IF(L37="","",INDEX(INDIRECT("'"&'لوحة التحكم'!$K$6&"'!$I$2:$I$501"),L37)) | G37: =IF(L37="","",INDEX(INDIRECT("'"&'لوحة التحكم'!$K$6&"'!$C$2:$C$501"),L37)) | H37: =IF(L37="","",INDEX(INDIRECT("'"&'لوحة التحكم'!$K$6&"'!$D$2:$D$501"),L37)) | I37: =IF(L37="","",INDEX(INDIRECT("'"&'لوحة التحكم'!$K$6&"'!$E$2:$E$501"),L37)) | J37: =IF(L37="","",INDEX(INDIRECT("'"&'لوحة التحكم'!$K$6&"'!$U$2:$U$501"),L37)) | L37: =IF('لوحة التحكم'!$K$12=1,IFERROR(MATCH(21,INDIRECT("'"&'لوحة التحكم'!$K$6&"'!$AF$2:$AF$501"),0),""),"")
B38: =IF(L38="","",22) | C38: =IF(L38="","",INDEX(INDIRECT("'"&'لوحة التحكم'!$K$6&"'!$A$2:$A$501"),L38)) | D38: =IF(L38="","",INDEX(INDIRECT("'"&'لوحة التحكم'!$K$6&"'!$B$2:$B$501"),L38)) | E38: =IF(L38="","",INDEX(INDIRECT("'"&'لوحة التحكم'!$K$6&"'!$F$2:$F$501"),L38)) | F38: =IF(L38="","",INDEX(INDIRECT("'"&'لوحة التحكم'!$K$6&"'!$I$2:$I$501"),L38)) | G38: =IF(L38="","",INDEX(INDIRECT("'"&'لوحة التحكم'!$K$6&"'!$C$2:$C$501"),L38)) | H38: =IF(L38="","",INDEX(INDIRECT("'"&'لوحة التحكم'!$K$6&"'!$D$2:$D$501"),L38)) | I38: =IF(L38="","",INDEX(INDIRECT("'"&'لوحة التحكم'!$K$6&"'!$E$2:$E$501"),L38)) | J38: =IF(L38="","",INDEX(INDIRECT("'"&'لوحة التحكم'!$K$6&"'!$U$2:$U$501"),L38)) | L38: =IF('لوحة التحكم'!$K$12=1,IFERROR(MATCH(22,INDIRECT("'"&'لوحة التحكم'!$K$6&"'!$AF$2:$AF$501"),0),""),"")
B39: =IF(L39="","",23) | C39: =IF(L39="","",INDEX(INDIRECT("'"&'لوحة التحكم'!$K$6&"'!$A$2:$A$501"),L39)) | D39: =IF(L39="","",INDEX(INDIRECT("'"&'لوحة التحكم'!$K$6&"'!$B$2:$B$501"),L39)) | E39: =IF(L39="","",INDEX(INDIRECT("'"&'لوحة التحكم'!$K$6&"'!$F$2:$F$501"),L39)) | F39: =IF(L39="","",INDEX(INDIRECT("'"&'لوحة التحكم'!$K$6&"'!$I$2:$I$501"),L39)) | G39: =IF(L39="","",INDEX(INDIRECT("'"&'لوحة التحكم'!$K$6&"'!$C$2:$C$501"),L39)) | H39: =IF(L39="","",INDEX(INDIRECT("'"&'لوحة التحكم'!$K$6&"'!$D$2:$D$501"),L39)) | I39: =IF(L39="","",INDEX(INDIRECT("'"&'لوحة التحكم'!$K$6&"'!$E$2:$E$501"),L39)) | J39: =IF(L39="","",INDEX(INDIRECT("'"&'لوحة التحكم'!$K$6&"'!$U$2:$U$501"),L39)) | L39: =IF('لوحة التحكم'!$K$12=1,IFERROR(MATCH(23,INDIRECT("'"&'لوحة التحكم'!$K$6&"'!$AF$2:$AF$501"),0),""),"")
B40: =IF(L40="","",24) | C40: =IF(L40="","",INDEX(INDIRECT("'"&'لوحة التحكم'!$K$6&"'!$A$2:$A$501"),L40)) | D40: =IF(L40="","",INDEX(INDIRECT("'"&'لوحة التحكم'!$K$6&"'!$B$2:$B$501"),L40)) | E40: =IF(L40="","",INDEX(INDIRECT("'"&'لوحة التحكم'!$K$6&"'!$F$2:$F$501"),L40)) | F40: =IF(L40="","",INDEX(INDIRECT("'"&'لوحة التحكم'!$K$6&"'!$I$2:$I$501"),L40)) | G40: =IF(L40="","",INDEX(INDIRECT("'"&'لوحة التحكم'!$K$6&"'!$C$2:$C$501"),L40)) | H40: =IF(L40="","",INDEX(INDIRECT("'"&'لوحة التحكم'!$K$6&"'!$D$2:$D$501"),L40)) | I40: =IF(L40="","",INDEX(INDIRECT("'"&'لوحة التحكم'!$K$6&"'!$E$2:$E$501"),L40)) | J40: =IF(L40="","",INDEX(INDIRECT("'"&'لوحة التحكم'!$K$6&"'!$U$2:$U$501"),L40)) | L40: =IF('لوحة التحكم'!$K$12=1,IFERROR(MATCH(24,INDIRECT("'"&'لوحة التحكم'!$K$6&"'!$AF$2:$AF$501"),0),""),"")
B41: =IF(L41="","",25) | C41: =IF(L41="","",INDEX(INDIRECT("'"&'لوحة التحكم'!$K$6&"'!$A$2:$A$501"),L41)) | D41: =IF(L41="","",INDEX(INDIRECT("'"&'لوحة التحكم'!$K$6&"'!$B$2:$B$501"),L41)) | E41: =IF(L41="","",INDEX(INDIRECT("'"&'لوحة التحكم'!$K$6&"'!$F$2:$F$501"),L41)) | F41: =IF(L41="","",INDEX(INDIRECT("'"&'لوحة التحكم'!$K$6&"'!$I$2:$I$501"),L41)) | G41: =IF(L41="","",INDEX(INDIRECT("'"&'لوحة التحكم'!$K$6&"'!$C$2:$C$501"),L41)) | H41: =IF(L41="","",INDEX(INDIRECT("'"&'لوحة التحكم'!$K$6&"'!$D$2:$D$501"),L41)) | I41: =IF(L41="","",INDEX(INDIRECT("'"&'لوحة التحكم'!$K$6&"'!$E$2:$E$501"),L41)) | J41: =IF(L41="","",INDEX(INDIRECT("'"&'لوحة التحكم'!$K$6&"'!$U$2:$U$501"),L41)) | L41: =IF('لوحة التحكم'!$K$12=1,IFERROR(MATCH(25,INDIRECT("'"&'لوحة التحكم'!$K$6&"'!$AF$2:$AF$501"),0),""),"")
B42: =IF(L42="","",26) | C42: =IF(L42="","",INDEX(INDIRECT("'"&'لوحة التحكم'!$K$6&"'!$A$2:$A$501"),L42)) | D42: =IF(L42="","",INDEX(INDIRECT("'"&'لوحة التحكم'!$K$6&"'!$B$2:$B$501"),L42)) | E42: =IF(L42="","",INDEX(INDIRECT("'"&'لوحة التحكم'!$K$6&"'!$F$2:$F$501"),L42)) | F42: =IF(L42="","",INDEX(INDIRECT("'"&'لوحة التحكم'!$K$6&"'!$I$2:$I$501"),L42)) | G42: =IF(L42="","",INDEX(INDIRECT("'"&'لوحة التحكم'!$K$6&"'!$C$2:$C$501"),L42)) | H42: =IF(L42="","",INDEX(INDIRECT("'"&'لوحة التحكم'!$K$6&"'!$D$2:$D$501"),L42)) | I42: =IF(L42="","",INDEX(INDIRECT("'"&'لوحة التحكم'!$K$6&"'!$E$2:$E$501"),L42)) | J42: =IF(L42="","",INDEX(INDIRECT("'"&'لوحة التحكم'!$K$6&"'!$U$2:$U$501"),L42)) | L42: =IF('لوحة التحكم'!$K$12=1,IFERROR(MATCH(26,INDIRECT("'"&'لوحة التحكم'!$K$6&"'!$AF$2:$AF$501"),0),""),"")
B43: =IF(L43="","",27) | C43: =IF(L43="","",INDEX(INDIRECT("'"&'لوحة التحكم'!$K$6&"'!$A$2:$A$501"),L43)) | D43: =IF(L43="","",INDEX(INDIRECT("'"&'لوحة التحكم'!$K$6&"'!$B$2:$B$501"),L43)) | E43: =IF(L43="","",INDEX(INDIRECT("'"&'لوحة التحكم'!$K$6&"'!$F$2:$F$501"),L43)) | F43: =IF(L43="","",INDEX(INDIRECT("'"&'لوحة التحكم'!$K$6&"'!$I$2:$I$501"),L43)) | G43: =IF(L43="","",INDEX(INDIRECT("'"&'لوحة التحكم'!$K$6&"'!$C$2:$C$501"),L43)) | H43: =IF(L43="","",INDEX(INDIRECT("'"&'لوحة التحكم'!$K$6&"'!$D$2:$D$501"),L43)) | I43: =IF(L43="","",INDEX(INDIRECT("'"&'لوحة التحكم'!$K$6&"'!$E$2:$E$501"),L43)) | J43: =IF(L43="","",INDEX(INDIRECT("'"&'لوحة التحكم'!$K$6&"'!$U$2:$U$501"),L43)) | L43: =IF('لوحة التحكم'!$K$12=1,IFERROR(MATCH(27,INDIRECT("'"&'لوحة التحكم'!$K$6&"'!$AF$2:$AF$501"),0),""),"")
B44: =IF(L44="","",28) | C44: =IF(L44="","",INDEX(INDIRECT("'"&'لوحة التحكم'!$K$6&"'!$A$2:$A$501"),L44)) | D44: =IF(L44="","",INDEX(INDIRECT("'"&'لوحة التحكم'!$K$6&"'!$B$2:$B$501"),L44)) | E44: =IF(L44="","",INDEX(INDIRECT("'"&'لوحة التحكم'!$K$6&"'!$F$2:$F$501"),L44)) | F44: =IF(L44="","",INDEX(INDIRECT("'"&'لوحة التحكم'!$K$6&"'!$I$2:$I$501"),L44)) | G44: =IF(L44="","",INDEX(INDIRECT("'"&'لوحة التحكم'!$K$6&"'!$C$2:$C$501"),L44)) | H44: =IF(L44="","",INDEX(INDIRECT("'"&'لوحة التحكم'!$K$6&"'!$D$2:$D$501"),L44)) | I44: =IF(L44="","",INDEX(INDIRECT("'"&'لوحة التحكم'!$K$6&"'!$E$2:$E$501"),L44)) | J44: =IF(L44="","",INDEX(INDIRECT("'"&'لوحة التحكم'!$K$6&"'!$U$2:$U$501"),L44)) | L44: =IF('لوحة التحكم'!$K$12=1,IFERROR(MATCH(28,INDIRECT("'"&'لوحة التحكم'!$K$6&"'!$AF$2:$AF$501"),0),""),"")
B45: =IF(L45="","",29) | C45: =IF(L45="","",INDEX(INDIRECT("'"&'لوحة التحكم'!$K$6&"'!$A$2:$A$501"),L45)) | D45: =IF(L45="","",INDEX(INDIRECT("'"&'لوحة التحكم'!$K$6&"'!$B$2:$B$501"),L45)) | E45: =IF(L45="","",INDEX(INDIRECT("'"&'لوحة التحكم'!$K$6&"'!$F$2:$F$501"),L45)) | F45: =IF(L45="","",INDEX(INDIRECT("'"&'لوحة التحكم'!$K$6&"'!$I$2:$I$501"),L45)) | G45: =IF(L45="","",INDEX(INDIRECT("'"&'لوحة التحكم'!$K$6&"'!$C$2:$C$501"),L45)) | H45: =IF(L45="","",INDEX(INDIRECT("'"&'لوحة التحكم'!$K$6&"'!$D$2:$D$501"),L45)) | I45: =IF(L45="","",INDEX(INDIRECT("'"&'لوحة التحكم'!$K$6&"'!$E$2:$E$501"),L45)) | J45: =IF(L45="","",INDEX(INDIRECT("'"&'لوحة التحكم'!$K$6&"'!$U$2:$U$501"),L45)) | L45: =IF('لوحة التحكم'!$K$12=1,IFERROR(MATCH(29,INDIRECT("'"&'لوحة التحكم'!$K$6&"'!$AF$2:$AF$501"),0),""),"")
B46: =IF(L46="","",30) | C46: =IF(L46="","",INDEX(INDIRECT("'"&'لوحة التحكم'!$K$6&"'!$A$2:$A$501"),L46)) | D46: =IF(L46="","",INDEX(INDIRECT("'"&'لوحة التحكم'!$K$6&"'!$B$2:$B$501"),L46)) | E46: =IF(L46="","",INDEX(INDIRECT("'"&'لوحة التحكم'!$K$6&"'!$F$2:$F$501"),L46)) | F46: =IF(L46="","",INDEX(INDIRECT("'"&'لوحة التحكم'!$K$6&"'!$I$2:$I$501"),L46)) | G46: =IF(L46="","",INDEX(INDIRECT("'"&'لوحة التحكم'!$K$6&"'!$C$2:$C$501"),L46)) | H46: =IF(L46="","",INDEX(INDIRECT("'"&'لوحة التحكم'!$K$6&"'!$D$2:$D$501"),L46)) | I46: =IF(L46="","",INDEX(INDIRECT("'"&'لوحة التحكم'!$K$6&"'!$E$2:$E$501"),L46)) | J46: =IF(L46="","",INDEX(INDIRECT("'"&'لوحة التحكم'!$K$6&"'!$U$2:$U$501"),L46)) | L46: =IF('لوحة التحكم'!$K$12=1,IFERROR(MATCH(30,INDIRECT("'"&'لوحة التحكم'!$K$6&"'!$AF$2:$AF$501"),0),""),"")
B47: =IF(L47="","",31) | C47: =IF(L47="","",INDEX(INDIRECT("'"&'لوحة التحكم'!$K$6&"'!$A$2:$A$501"),L47)) | D47: =IF(L47="","",INDEX(INDIRECT("'"&'لوحة التحكم'!$K$6&"'!$B$2:$B$501"),L47)) | E47: =IF(L47="","",INDEX(INDIRECT("'"&'لوحة التحكم'!$K$6&"'!$F$2:$F$501"),L47)) | F47: =IF(L47="","",INDEX(INDIRECT("'"&'لوحة التحكم'!$K$6&"'!$I$2:$I$501"),L47)) | G47: =IF(L47="","",INDEX(INDIRECT("'"&'لوحة التحكم'!$K$6&"'!$C$2:$C$501"),L47)) | H47: =IF(L47="","",INDEX(INDIRECT("'"&'لوحة التحكم'!$K$6&"'!$D$2:$D$501"),L47)) | I47: =IF(L47="","",INDEX(INDIRECT("'"&'لوحة التحكم'!$K$6&"'!$E$2:$E$501"),L47)) | J47: =IF(L47="","",INDEX(INDIRECT("'"&'لوحة التحكم'!$K$6&"'!$U$2:$U$501"),L47)) | L47: =IF('لوحة التحكم'!$K$12=1,IFERROR(MATCH(31,INDIRECT("'"&'لوحة التحكم'!$K$6&"'!$AF$2:$AF$501"),0),""),"")
B48: =IF(L48="","",32) | C48: =IF(L48="","",INDEX(INDIRECT("'"&'لوحة التحكم'!$K$6&"'!$A$2:$A$501"),L48)) | D48: =IF(L48="","",INDEX(INDIRECT("'"&'لوحة التحكم'!$K$6&"'!$B$2:$B$501"),L48)) | E48: =IF(L48="","",INDEX(INDIRECT("'"&'لوحة التحكم'!$K$6&"'!$F$2:$F$501"),L48)) | F48: =IF(L48="","",INDEX(INDIRECT("'"&'لوحة التحكم'!$K$6&"'!$I$2:$I$501"),L48)) | G48: =IF(L48="","",INDEX(INDIRECT("'"&'لوحة التحكم'!$K$6&"'!$C$2:$C$501"),L48)) | H48: =IF(L48="","",INDEX(INDIRECT("'"&'لوحة التحكم'!$K$6&"'!$D$2:$D$501"),L48)) | I48: =IF(L48="","",INDEX(INDIRECT("'"&'لوحة التحكم'!$K$6&"'!$E$2:$E$501"),L48)) | J48: =IF(L48="","",INDEX(INDIRECT("'"&'لوحة التحكم'!$K$6&"'!$U$2:$U$501"),L48)) | L48: =IF('لوحة التحكم'!$K$12=1,IFERROR(MATCH(32,INDIRECT("'"&'لوحة التحكم'!$K$6&"'!$AF$2:$AF$501"),0),""),"")
B49: =IF(L49="","",33) | C49: =IF(L49="","",INDEX(INDIRECT("'"&'لوحة التحكم'!$K$6&"'!$A$2:$A$501"),L49)) | D49: =IF(L49="","",INDEX(INDIRECT("'"&'لوحة التحكم'!$K$6&"'!$B$2:$B$501"),L49)) | E49: =IF(L49="","",INDEX(INDIRECT("'"&'لوحة التحكم'!$K$6&"'!$F$2:$F$501"),L49)) | F49: =IF(L49="","",INDEX(INDIRECT("'"&'لوحة التحكم'!$K$6&"'!$I$2:$I$501"),L49)) | G49: =IF(L49="","",INDEX(INDIRECT("'"&'لوحة التحكم'!$K$6&"'!$C$2:$C$501"),L49)) | H49: =IF(L49="","",INDEX(INDIRECT("'"&'لوحة التحكم'!$K$6&"'!$D$2:$D$501"),L49)) | I49: =IF(L49="","",INDEX(INDIRECT("'"&'لوحة التحكم'!$K$6&"'!$E$2:$E$501"),L49)) | J49: =IF(L49="","",INDEX(INDIRECT("'"&'لوحة التحكم'!$K$6&"'!$U$2:$U$501"),L49)) | L49: =IF('لوحة التحكم'!$K$12=1,IFERROR(MATCH(33,INDIRECT("'"&'لوحة التحكم'!$K$6&"'!$AF$2:$AF$501"),0),""),"")
B50: =IF(L50="","",34) | C50: =IF(L50="","",INDEX(INDIRECT("'"&'لوحة التحكم'!$K$6&"'!$A$2:$A$501"),L50)) | D50: =IF(L50="","",INDEX(INDIRECT("'"&'لوحة التحكم'!$K$6&"'!$B$2:$B$501"),L50)) | E50: =IF(L50="","",INDEX(INDIRECT("'"&'لوحة التحكم'!$K$6&"'!$F$2:$F$501"),L50)) | F50: =IF(L50="","",INDEX(INDIRECT("'"&'لوحة التحكم'!$K$6&"'!$I$2:$I$501"),L50)) | G50: =IF(L50="","",INDEX(INDIRECT("'"&'لوحة التحكم'!$K$6&"'!$C$2:$C$501"),L50)) | H50: =IF(L50="","",INDEX(INDIRECT("'"&'لوحة التحكم'!$K$6&"'!$D$2:$D$501"),L50)) | I50: =IF(L50="","",INDEX(INDIRECT("'"&'لوحة التحكم'!$K$6&"'!$E$2:$E$501"),L50)) | J50: =IF(L50="","",INDEX(INDIRECT("'"&'لوحة التحكم'!$K$6&"'!$U$2:$U$501"),L50)) | L50: =IF('لوحة التحكم'!$K$12=1,IFERROR(MATCH(34,INDIRECT("'"&'لوحة التحكم'!$K$6&"'!$AF$2:$AF$501"),0),""),"")
B51: =IF(L51="","",35) | C51: =IF(L51="","",INDEX(INDIRECT("'"&'لوحة التحكم'!$K$6&"'!$A$2:$A$501"),L51)) | D51: =IF(L51="","",INDEX(INDIRECT("'"&'لوحة التحكم'!$K$6&"'!$B$2:$B$501"),L51)) | E51: =IF(L51="","",INDEX(INDIRECT("'"&'لوحة التحكم'!$K$6&"'!$F$2:$F$501"),L51)) | F51: =IF(L51="","",INDEX(INDIRECT("'"&'لوحة التحكم'!$K$6&"'!$I$2:$I$501"),L51)) | G51: =IF(L51="","",INDEX(INDIRECT("'"&'لوحة التحكم'!$K$6&"'!$C$2:$C$501"),L51)) | H51: =IF(L51="","",INDEX(INDIRECT("'"&'لوحة التحكم'!$K$6&"'!$D$2:$D$501"),L51)) | I51: =IF(L51="","",INDEX(INDIRECT("'"&'لوحة التحكم'!$K$6&"'!$E$2:$E$501"),L51)) | J51: =IF(L51="","",INDEX(INDIRECT("'"&'لوحة التحكم'!$K$6&"'!$U$2:$U$501"),L51)) | L51: =IF('لوحة التحكم'!$K$12=1,IFERROR(MATCH(35,INDIRECT("'"&'لوحة التحكم'!$K$6&"'!$AF$2:$AF$501"),0),""),"")
B52: =IF(L52="","",36) | C52: =IF(L52="","",INDEX(INDIRECT("'"&'لوحة التحكم'!$K$6&"'!$A$2:$A$501"),L52)) | D52: =IF(L52="","",INDEX(INDIRECT("'"&'لوحة التحكم'!$K$6&"'!$B$2:$B$501"),L52)) | E52: =IF(L52="","",INDEX(INDIRECT("'"&'لوحة التحكم'!$K$6&"'!$F$2:$F$501"),L52)) | F52: =IF(L52="","",INDEX(INDIRECT("'"&'لوحة التحكم'!$K$6&"'!$I$2:$I$501"),L52)) | G52: =IF(L52="","",INDEX(INDIRECT("'"&'لوحة التحكم'!$K$6&"'!$C$2:$C$501"),L52)) | H52: =IF(L52="","",INDEX(INDIRECT("'"&'لوحة التحكم'!$K$6&"'!$D$2:$D$501"),L52)) | I52: =IF(L52="","",INDEX(INDIRECT("'"&'لوحة التحكم'!$K$6&"'!$E$2:$E$501"),L52)) | J52: =IF(L52="","",INDEX(INDIRECT("'"&'لوحة التحكم'!$K$6&"'!$U$2:$U$501"),L52)) | L52: =IF('لوحة التحكم'!$K$12=1,IFERROR(MATCH(36,INDIRECT("'"&'لوحة التحكم'!$K$6&"'!$AF$2:$AF$501"),0),""),"")
B53: =IF(L53="","",37) | C53: =IF(L53="","",INDEX(INDIRECT("'"&'لوحة التحكم'!$K$6&"'!$A$2:$A$501"),L53)) | D53: =IF(L53="","",INDEX(INDIRECT("'"&'لوحة التحكم'!$K$6&"'!$B$2:$B$501"),L53)) | E53: =IF(L53="","",INDEX(INDIRECT("'"&'لوحة التحكم'!$K$6&"'!$F$2:$F$501"),L53)) | F53: =IF(L53="","",INDEX(INDIRECT("'"&'لوحة التحكم'!$K$6&"'!$I$2:$I$501"),L53)) | G53: =IF(L53="","",INDEX(INDIRECT("'"&'لوحة التحكم'!$K$6&"'!$C$2:$C$501"),L53)) | H53: =IF(L53="","",INDEX(INDIRECT("'"&'لوحة التحكم'!$K$6&"'!$D$2:$D$501"),L53)) | I53: =IF(L53="","",INDEX(INDIRECT("'"&'لوحة التحكم'!$K$6&"'!$E$2:$E$501"),L53)) | J53: =IF(L53="","",INDEX(INDIRECT("'"&'لوحة التحكم'!$K$6&"'!$U$2:$U$501"),L53)) | L53: =IF('لوحة التحكم'!$K$12=1,IFERROR(MATCH(37,INDIRECT("'"&'لوحة التحكم'!$K$6&"'!$AF$2:$AF$501"),0),""),"")
B54: =IF(L54="","",38) | C54: =IF(L54="","",INDEX(INDIRECT("'"&'لوحة التحكم'!$K$6&"'!$A$2:$A$501"),L54)) | D54: =IF(L54="","",INDEX(INDIRECT("'"&'لوحة التحكم'!$K$6&"'!$B$2:$B$501"),L54)) | E54: =IF(L54="","",INDEX(INDIRECT("'"&'لوحة التحكم'!$K$6&"'!$F$2:$F$501"),L54)) | F54: =IF(L54="","",INDEX(INDIRECT("'"&'لوحة التحكم'!$K$6&"'!$I$2:$I$501"),L54)) | G54: =IF(L54="","",INDEX(INDIRECT("'"&'لوحة التحكم'!$K$6&"'!$C$2:$C$501"),L54)) | H54: =IF(L54="","",INDEX(INDIRECT("'"&'لوحة التحكم'!$K$6&"'!$D$2:$D$501"),L54)) | I54: =IF(L54="","",INDEX(INDIRECT("'"&'لوحة التحكم'!$K$6&"'!$E$2:$E$501"),L54)) | J54: =IF(L54="","",INDEX(INDIRECT("'"&'لوحة التحكم'!$K$6&"'!$U$2:$U$501"),L54)) | L54: =IF('لوحة التحكم'!$K$12=1,IFERROR(MATCH(38,INDIRECT("'"&'لوحة التحكم'!$K$6&"'!$AF$2:$AF$501"),0),""),"")
B55: =IF(L55="","",39) | C55: =IF(L55="","",INDEX(INDIRECT("'"&'لوحة التحكم'!$K$6&"'!$A$2:$A$501"),L55)) | D55: =IF(L55="","",INDEX(INDIRECT("'"&'لوحة التحكم'!$K$6&"'!$B$2:$B$501"),L55)) | E55: =IF(L55="","",INDEX(INDIRECT("'"&'لوحة التحكم'!$K$6&"'!$F$2:$F$501"),L55)) | F55: =IF(L55="","",INDEX(INDIRECT("'"&'لوحة التحكم'!$K$6&"'!$I$2:$I$501"),L55)) | G55: =IF(L55="","",INDEX(INDIRECT("'"&'لوحة التحكم'!$K$6&"'!$C$2:$C$501"),L55)) | H55: =IF(L55="","",INDEX(INDIRECT("'"&'لوحة التحكم'!$K$6&"'!$D$2:$D$501"),L55)) | I55: =IF(L55="","",INDEX(INDIRECT("'"&'لوحة التحكم'!$K$6&"'!$E$2:$E$501"),L55)) | J55: =IF(L55="","",INDEX(INDIRECT("'"&'لوحة التحكم'!$K$6&"'!$U$2:$U$501"),L55)) | L55: =IF('لوحة التحكم'!$K$12=1,IFERROR(MATCH(39,INDIRECT("'"&'لوحة التحكم'!$K$6&"'!$AF$2:$AF$501"),0),""),"")
B56: =IF(L56="","",40) | C56: =IF(L56="","",INDEX(INDIRECT("'"&'لوحة التحكم'!$K$6&"'!$A$2:$A$501"),L56)) | D56: =IF(L56="","",INDEX(INDIRECT("'"&'لوحة التحكم'!$K$6&"'!$B$2:$B$501"),L56)) | E56: =IF(L56="","",INDEX(INDIRECT("'"&'لوحة التحكم'!$K$6&"'!$F$2:$F$501"),L56)) | F56: =IF(L56="","",INDEX(INDIRECT("'"&'لوحة التحكم'!$K$6&"'!$I$2:$I$501"),L56)) | G56: =IF(L56="","",INDEX(INDIRECT("'"&'لوحة التحكم'!$K$6&"'!$C$2:$C$501"),L56)) | H56: =IF(L56="","",INDEX(INDIRECT("'"&'لوحة التحكم'!$K$6&"'!$D$2:$D$501"),L56)) | I56: =IF(L56="","",INDEX(INDIRECT("'"&'لوحة التحكم'!$K$6&"'!$E$2:$E$501"),L56)) | J56: =IF(L56="","",INDEX(INDIRECT("'"&'لوحة التحكم'!$K$6&"'!$U$2:$U$501"),L56)) | L56: =IF('لوحة التحكم'!$K$12=1,IFERROR(MATCH(40,INDIRECT("'"&'لوحة التحكم'!$K$6&"'!$AF$2:$AF$501"),0),""),"")
B57: =IF(L57="","",41) | C57: =IF(L57="","",INDEX(INDIRECT("'"&'لوحة التحكم'!$K$6&"'!$A$2:$A$501"),L57)) | D57: =IF(L57="","",INDEX(INDIRECT("'"&'لوحة التحكم'!$K$6&"'!$B$2:$B$501"),L57)) | E57: =IF(L57="","",INDEX(INDIRECT("'"&'لوحة التحكم'!$K$6&"'!$F$2:$F$501"),L57)) | F57: =IF(L57="","",INDEX(INDIRECT("'"&'لوحة التحكم'!$K$6&"'!$I$2:$I$501"),L57)) | G57: =IF(L57="","",INDEX(INDIRECT("'"&'لوحة التحكم'!$K$6&"'!$C$2:$C$501"),L57)) | H57: =IF(L57="","",INDEX(INDIRECT("'"&'لوحة التحكم'!$K$6&"'!$D$2:$D$501"),L57)) | I57: =IF(L57="","",INDEX(INDIRECT("'"&'لوحة التحكم'!$K$6&"'!$E$2:$E$501"),L57)) | J57: =IF(L57="","",INDEX(INDIRECT("'"&'لوحة التحكم'!$K$6&"'!$U$2:$U$501"),L57)) | L57: =IF('لوحة التحكم'!$K$12=1,IFERROR(MATCH(41,INDIRECT("'"&'لوحة التحكم'!$K$6&"'!$AF$2:$AF$501"),0),""),"")
B58: =IF(L58="","",42) | C58: =IF(L58="","",INDEX(INDIRECT("'"&'لوحة التحكم'!$K$6&"'!$A$2:$A$501"),L58)) | D58: =IF(L58="","",INDEX(INDIRECT("'"&'لوحة التحكم'!$K$6&"'!$B$2:$B$501"),L58)) | E58: =IF(L58="","",INDEX(INDIRECT("'"&'لوحة التحكم'!$K$6&"'!$F$2:$F$501"),L58)) | F58: =IF(L58="","",INDEX(INDIRECT("'"&'لوحة التحكم'!$K$6&"'!$I$2:$I$501"),L58)) | G58: =IF(L58="","",INDEX(INDIRECT("'"&'لوحة التحكم'!$K$6&"'!$C$2:$C$501"),L58)) | H58: =IF(L58="","",INDEX(INDIRECT("'"&'لوحة التحكم'!$K$6&"'!$D$2:$D$501"),L58)) | I58: =IF(L58="","",INDEX(INDIRECT("'"&'لوحة التحكم'!$K$6&"'!$E$2:$E$501"),L58)) | J58: =IF(L58="","",INDEX(INDIRECT("'"&'لوحة التحكم'!$K$6&"'!$U$2:$U$501"),L58)) | L58: =IF('لوحة التحكم'!$K$12=1,IFERROR(MATCH(42,INDIRECT("'"&'لوحة التحكم'!$K$6&"'!$AF$2:$AF$501"),0),""),"")
B59: =IF(L59="","",43) | C59: =IF(L59="","",INDEX(INDIRECT("'"&'لوحة التحكم'!$K$6&"'!$A$2:$A$501"),L59)) | D59: =IF(L59="","",INDEX(INDIRECT("'"&'لوحة التحكم'!$K$6&"'!$B$2:$B$501"),L59)) | E59: =IF(L59="","",INDEX(INDIRECT("'"&'لوحة التحكم'!$K$6&"'!$F$2:$F$501"),L59)) | F59: =IF(L59="","",INDEX(INDIRECT("'"&'لوحة التحكم'!$K$6&"'!$I$2:$I$501"),L59)) | G59: =IF(L59="","",INDEX(INDIRECT("'"&'لوحة التحكم'!$K$6&"'!$C$2:$C$501"),L59)) | H59: =IF(L59="","",INDEX(INDIRECT("'"&'لوحة التحكم'!$K$6&"'!$D$2:$D$501"),L59)) | I59: =IF(L59="","",INDEX(INDIRECT("'"&'لوحة التحكم'!$K$6&"'!$E$2:$E$501"),L59)) | J59: =IF(L59="","",INDEX(INDIRECT("'"&'لوحة التحكم'!$K$6&"'!$U$2:$U$501"),L59)) | L59: =IF('لوحة التحكم'!$K$12=1,IFERROR(MATCH(43,INDIRECT("'"&'لوحة التحكم'!$K$6&"'!$AF$2:$AF$501"),0),""),"")
B60: =IF(L60="","",44) | C60: =IF(L60="","",INDEX(INDIRECT("'"&'لوحة التحكم'!$K$6&"'!$A$2:$A$501"),L60)) | D60: =IF(L60="","",INDEX(INDIRECT("'"&'لوحة التحكم'!$K$6&"'!$B$2:$B$501"),L60)) | E60: =IF(L60="","",INDEX(INDIRECT("'"&'لوحة التحكم'!$K$6&"'!$F$2:$F$501"),L60)) | F60: =IF(L60="","",INDEX(INDIRECT("'"&'لوحة التحكم'!$K$6&"'!$I$2:$I$501"),L60)) | G60: =IF(L60="","",INDEX(INDIRECT("'"&'لوحة التحكم'!$K$6&"'!$C$2:$C$501"),L60)) | H60: =IF(L60="","",INDEX(INDIRECT("'"&'لوحة التحكم'!$K$6&"'!$D$2:$D$501"),L60)) | I60: =IF(L60="","",INDEX(INDIRECT("'"&'لوحة التحكم'!$K$6&"'!$E$2:$E$501"),L60)) | J60: =IF(L60="","",INDEX(INDIRECT("'"&'لوحة التحكم'!$K$6&"'!$U$2:$U$501"),L60)) | L60: =IF('لوحة التحكم'!$K$12=1,IFERROR(MATCH(44,INDIRECT("'"&'لوحة التحكم'!$K$6&"'!$AF$2:$AF$501"),0),""),"")
B61: =IF(L61="","",45) | C61: =IF(L61="","",INDEX(INDIRECT("'"&'لوحة التحكم'!$K$6&"'!$A$2:$A$501"),L61)) | D61: =IF(L61="","",INDEX(INDIRECT("'"&'لوحة التحكم'!$K$6&"'!$B$2:$B$501"),L61)) | E61: =IF(L61="","",INDEX(INDIRECT("'"&'لوحة التحكم'!$K$6&"'!$F$2:$F$501"),L61)) | F61: =IF(L61="","",INDEX(INDIRECT("'"&'لوحة التحكم'!$K$6&"'!$I$2:$I$501"),L61)) | G61: =IF(L61="","",INDEX(INDIRECT("'"&'لوحة التحكم'!$K$6&"'!$C$2:$C$501"),L61)) | H61: =IF(L61="","",INDEX(INDIRECT("'"&'لوحة التحكم'!$K$6&"'!$D$2:$D$501"),L61)) | I61: =IF(L61="","",INDEX(INDIRECT("'"&'لوحة التحكم'!$K$6&"'!$E$2:$E$501"),L61)) | J61: =IF(L61="","",INDEX(INDIRECT("'"&'لوحة التحكم'!$K$6&"'!$U$2:$U$501"),L61)) | L61: =IF('لوحة التحكم'!$K$12=1,IFERROR(MATCH(45,INDIRECT("'"&'لوحة التحكم'!$K$6&"'!$AF$2:$AF$501"),0),""),"")
B62: =IF(L62="","",46) | C62: =IF(L62="","",INDEX(INDIRECT("'"&'لوحة التحكم'!$K$6&"'!$A$2:$A$501"),L62)) | D62: =IF(L62="","",INDEX(INDIRECT("'"&'لوحة التحكم'!$K$6&"'!$B$2:$B$501"),L62)) | E62: =IF(L62="","",INDEX(INDIRECT("'"&'لوحة التحكم'!$K$6&"'!$F$2:$F$501"),L62)) | F62: =IF(L62="","",INDEX(INDIRECT("'"&'لوحة التحكم'!$K$6&"'!$I$2:$I$501"),L62)) | G62: =IF(L62="","",INDEX(INDIRECT("'"&'لوحة التحكم'!$K$6&"'!$C$2:$C$501"),L62)) | H62: =IF(L62="","",INDEX(INDIRECT("'"&'لوحة التحكم'!$K$6&"'!$D$2:$D$501"),L62)) | I62: =IF(L62="","",INDEX(INDIRECT("'"&'لوحة التحكم'!$K$6&"'!$E$2:$E$501"),L62)) | J62: =IF(L62="","",INDEX(INDIRECT("'"&'لوحة التحكم'!$K$6&"'!$U$2:$U$501"),L62)) | L62: =IF('لوحة التحكم'!$K$12=1,IFERROR(MATCH(46,INDIRECT("'"&'لوحة التحكم'!$K$6&"'!$AF$2:$AF$501"),0),""),"")
B63: =IF(L63="","",47) | C63: =IF(L63="","",INDEX(INDIRECT("'"&'لوحة التحكم'!$K$6&"'!$A$2:$A$501"),L63)) | D63: =IF(L63="","",INDEX(INDIRECT("'"&'لوحة التحكم'!$K$6&"'!$B$2:$B$501"),L63)) | E63: =IF(L63="","",INDEX(INDIRECT("'"&'لوحة التحكم'!$K$6&"'!$F$2:$F$501"),L63)) | F63: =IF(L63="","",INDEX(INDIRECT("'"&'لوحة التحكم'!$K$6&"'!$I$2:$I$501"),L63)) | G63: =IF(L63="","",INDEX(INDIRECT("'"&'لوحة التحكم'!$K$6&"'!$C$2:$C$501"),L63)) | H63: =IF(L63="","",INDEX(INDIRECT("'"&'لوحة التحكم'!$K$6&"'!$D$2:$D$501"),L63)) | I63: =IF(L63="","",INDEX(INDIRECT("'"&'لوحة التحكم'!$K$6&"'!$E$2:$E$501"),L63)) | J63: =IF(L63="","",INDEX(INDIRECT("'"&'لوحة التحكم'!$K$6&"'!$U$2:$U$501"),L63)) | L63: =IF('لوحة التحكم'!$K$12=1,IFERROR(MATCH(47,INDIRECT("'"&'لوحة التحكم'!$K$6&"'!$AF$2:$AF$501"),0),""),"")
B64: =IF(L64="","",48) | C64: =IF(L64="","",INDEX(INDIRECT("'"&'لوحة التحكم'!$K$6&"'!$A$2:$A$501"),L64)) | D64: =IF(L64="","",INDEX(INDIRECT("'"&'لوحة التحكم'!$K$6&"'!$B$2:$B$501"),L64)) | E64: =IF(L64="","",INDEX(INDIRECT("'"&'لوحة التحكم'!$K$6&"'!$F$2:$F$501"),L64)) | F64: =IF(L64="","",INDEX(INDIRECT("'"&'لوحة التحكم'!$K$6&"'!$I$2:$I$501"),L64)) | G64: =IF(L64="","",INDEX(INDIRECT("'"&'لوحة التحكم'!$K$6&"'!$C$2:$C$501"),L64)) | H64: =IF(L64="","",INDEX(INDIRECT("'"&'لوحة التحكم'!$K$6&"'!$D$2:$D$501"),L64)) | I64: =IF(L64="","",INDEX(INDIRECT("'"&'لوحة التحكم'!$K$6&"'!$E$2:$E$501"),L64)) | J64: =IF(L64="","",INDEX(INDIRECT("'"&'لوحة التحكم'!$K$6&"'!$U$2:$U$501"),L64)) | L64: =IF('لوحة التحكم'!$K$12=1,IFERROR(MATCH(48,INDIRECT("'"&'لوحة التحكم'!$K$6&"'!$AF$2:$AF$501"),0),""),"")
B65: =IF(L65="","",49) | C65: =IF(L65="","",INDEX(INDIRECT("'"&'لوحة التحكم'!$K$6&"'!$A$2:$A$501"),L65)) | D65: =IF(L65="","",INDEX(INDIRECT("'"&'لوحة التحكم'!$K$6&"'!$B$2:$B$501"),L65)) | E65: =IF(L65="","",INDEX(INDIRECT("'"&'لوحة التحكم'!$K$6&"'!$F$2:$F$501"),L65)) | F65: =IF(L65="","",INDEX(INDIRECT("'"&'لوحة التحكم'!$K$6&"'!$I$2:$I$501"),L65)) | G65: =IF(L65="","",INDEX(INDIRECT("'"&'لوحة التحكم'!$K$6&"'!$C$2:$C$501"),L65)) | H65: =IF(L65="","",INDEX(INDIRECT("'"&'لوحة التحكم'!$K$6&"'!$D$2:$D$501"),L65)) | I65: =IF(L65="","",INDEX(INDIRECT("'"&'لوحة التحكم'!$K$6&"'!$E$2:$E$501"),L65)) | J65: =IF(L65="","",INDEX(INDIRECT("'"&'لوحة التحكم'!$K$6&"'!$U$2:$U$501"),L65)) | L65: =IF('لوحة التحكم'!$K$12=1,IFERROR(MATCH(49,INDIRECT("'"&'لوحة التحكم'!$K$6&"'!$AF$2:$AF$501"),0),""),"")
B66: =IF(L66="","",50) | C66: =IF(L66="","",INDEX(INDIRECT("'"&'لوحة التحكم'!$K$6&"'!$A$2:$A$501"),L66)) | D66: =IF(L66="","",INDEX(INDIRECT("'"&'لوحة التحكم'!$K$6&"'!$B$2:$B$501"),L66)) | E66: =IF(L66="","",INDEX(INDIRECT("'"&'لوحة التحكم'!$K$6&"'!$F$2:$F$501"),L66)) | F66: =IF(L66="","",INDEX(INDIRECT("'"&'لوحة التحكم'!$K$6&"'!$I$2:$I$501"),L66)) | G66: =IF(L66="","",INDEX(INDIRECT("'"&'لوحة التحكم'!$K$6&"'!$C$2:$C$501"),L66)) | H66: =IF(L66="","",INDEX(INDIRECT("'"&'لوحة التحكم'!$K$6&"'!$D$2:$D$501"),L66)) | I66: =IF(L66="","",INDEX(INDIRECT("'"&'لوحة التحكم'!$K$6&"'!$E$2:$E$501"),L66)) | J66: =IF(L66="","",INDEX(INDIRECT("'"&'لوحة التحكم'!$K$6&"'!$U$2:$U$501"),L66)) | L66: =IF('لوحة التحكم'!$K$12=1,IFERROR(MATCH(50,INDIRECT("'"&'لوحة التحكم'!$K$6&"'!$AF$2:$AF$501"),0),""),"")
B67: =IF(L67="","",51) | C67: =IF(L67="","",INDEX(INDIRECT("'"&'لوحة التحكم'!$K$6&"'!$A$2:$A$501"),L67)) | D67: =IF(L67="","",INDEX(INDIRECT("'"&'لوحة التحكم'!$K$6&"'!$B$2:$B$501"),L67)) | E67: =IF(L67="","",INDEX(INDIRECT("'"&'لوحة التحكم'!$K$6&"'!$F$2:$F$501"),L67)) | F67: =IF(L67="","",INDEX(INDIRECT("'"&'لوحة التحكم'!$K$6&"'!$I$2:$I$501"),L67)) | G67: =IF(L67="","",INDEX(INDIRECT("'"&'لوحة التحكم'!$K$6&"'!$C$2:$C$501"),L67)) | H67: =IF(L67="","",INDEX(INDIRECT("'"&'لوحة التحكم'!$K$6&"'!$D$2:$D$501"),L67)) | I67: =IF(L67="","",INDEX(INDIRECT("'"&'لوحة التحكم'!$K$6&"'!$E$2:$E$501"),L67)) | J67: =IF(L67="","",INDEX(INDIRECT("'"&'لوحة التحكم'!$K$6&"'!$U$2:$U$501"),L67)) | L67: =IF('لوحة التحكم'!$K$12=1,IFERROR(MATCH(51,INDIRECT("'"&'لوحة التحكم'!$K$6&"'!$AF$2:$AF$501"),0),""),"")
B68: =IF(L68="","",52) | C68: =IF(L68="","",INDEX(INDIRECT("'"&'لوحة التحكم'!$K$6&"'!$A$2:$A$501"),L68)) | D68: =IF(L68="","",INDEX(INDIRECT("'"&'لوحة التحكم'!$K$6&"'!$B$2:$B$501"),L68)) | E68: =IF(L68="","",INDEX(INDIRECT("'"&'لوحة التحكم'!$K$6&"'!$F$2:$F$501"),L68)) | F68: =IF(L68="","",INDEX(INDIRECT("'"&'لوحة التحكم'!$K$6&"'!$I$2:$I$501"),L68)) | G68: =IF(L68="","",INDEX(INDIRECT("'"&'لوحة التحكم'!$K$6&"'!$C$2:$C$501"),L68)) | H68: =IF(L68="","",INDEX(INDIRECT("'"&'لوحة التحكم'!$K$6&"'!$D$2:$D$501"),L68)) | I68: =IF(L68="","",INDEX(INDIRECT("'"&'لوحة التحكم'!$K$6&"'!$E$2:$E$501"),L68)) | J68: =IF(L68="","",INDEX(INDIRECT("'"&'لوحة التحكم'!$K$6&"'!$U$2:$U$501"),L68)) | L68: =IF('لوحة التحكم'!$K$12=1,IFERROR(MATCH(52,INDIRECT("'"&'لوحة التحكم'!$K$6&"'!$AF$2:$AF$501"),0),""),"")
B69: =IF(L69="","",53) | C69: =IF(L69="","",INDEX(INDIRECT("'"&'لوحة التحكم'!$K$6&"'!$A$2:$A$501"),L69)) | D69: =IF(L69="","",INDEX(INDIRECT("'"&'لوحة التحكم'!$K$6&"'!$B$2:$B$501"),L69)) | E69: =IF(L69="","",INDEX(INDIRECT("'"&'لوحة التحكم'!$K$6&"'!$F$2:$F$501"),L69)) | F69: =IF(L69="","",INDEX(INDIRECT("'"&'لوحة التحكم'!$K$6&"'!$I$2:$I$501"),L69)) | G69: =IF(L69="","",INDEX(INDIRECT("'"&'لوحة التحكم'!$K$6&"'!$C$2:$C$501"),L69)) | H69: =IF(L69="","",INDEX(INDIRECT("'"&'لوحة التحكم'!$K$6&"'!$D$2:$D$501"),L69)) | I69: =IF(L69="","",INDEX(INDIRECT("'"&'لوحة التحكم'!$K$6&"'!$E$2:$E$501"),L69)) | J69: =IF(L69="","",INDEX(INDIRECT("'"&'لوحة التحكم'!$K$6&"'!$U$2:$U$501"),L69)) | L69: =IF('لوحة التحكم'!$K$12=1,IFERROR(MATCH(53,INDIRECT("'"&'لوحة التحكم'!$K$6&"'!$AF$2:$AF$501"),0),""),"")
B70: =IF(L70="","",54) | C70: =IF(L70="","",INDEX(INDIRECT("'"&'لوحة التحكم'!$K$6&"'!$A$2:$A$501"),L70)) | D70: =IF(L70="","",INDEX(INDIRECT("'"&'لوحة التحكم'!$K$6&"'!$B$2:$B$501"),L70)) | E70: =IF(L70="","",INDEX(INDIRECT("'"&'لوحة التحكم'!$K$6&"'!$F$2:$F$501"),L70)) | F70: =IF(L70="","",INDEX(INDIRECT("'"&'لوحة التحكم'!$K$6&"'!$I$2:$I$501"),L70)) | G70: =IF(L70="","",INDEX(INDIRECT("'"&'لوحة التحكم'!$K$6&"'!$C$2:$C$501"),L70)) | H70: =IF(L70="","",INDEX(INDIRECT("'"&'لوحة التحكم'!$K$6&"'!$D$2:$D$501"),L70)) | I70: =IF(L70="","",INDEX(INDIRECT("'"&'لوحة التحكم'!$K$6&"'!$E$2:$E$501"),L70)) | J70: =IF(L70="","",INDEX(INDIRECT("'"&'لوحة التحكم'!$K$6&"'!$U$2:$U$501"),L70)) | L70: =IF('لوحة التحكم'!$K$12=1,IFERROR(MATCH(54,INDIRECT("'"&'لوحة التحكم'!$K$6&"'!$AF$2:$AF$501"),0),""),"")
B71: =IF(L71="","",55) | C71: =IF(L71="","",INDEX(INDIRECT("'"&'لوحة التحكم'!$K$6&"'!$A$2:$A$501"),L71)) | D71: =IF(L71="","",INDEX(INDIRECT("'"&'لوحة التحكم'!$K$6&"'!$B$2:$B$501"),L71)) | E71: =IF(L71="","",INDEX(INDIRECT("'"&'لوحة التحكم'!$K$6&"'!$F$2:$F$501"),L71)) | F71: =IF(L71="","",INDEX(INDIRECT("'"&'لوحة التحكم'!$K$6&"'!$I$2:$I$501"),L71)) | G71: =IF(L71="","",INDEX(INDIRECT("'"&'لوحة التحكم'!$K$6&"'!$C$2:$C$501"),L71)) | H71: =IF(L71="","",INDEX(INDIRECT("'"&'لوحة التحكم'!$K$6&"'!$D$2:$D$501"),L71)) | I71: =IF(L71="","",INDEX(INDIRECT("'"&'لوحة التحكم'!$K$6&"'!$E$2:$E$501"),L71)) | J71: =IF(L71="","",INDEX(INDIRECT("'"&'لوحة التحكم'!$K$6&"'!$U$2:$U$501"),L71)) | L71: =IF('لوحة التحكم'!$K$12=1,IFERROR(MATCH(55,INDIRECT("'"&'لوحة التحكم'!$K$6&"'!$AF$2:$AF$501"),0),""),"")
B72: =IF(L72="","",56) | C72: =IF(L72="","",INDEX(INDIRECT("'"&'لوحة التحكم'!$K$6&"'!$A$2:$A$501"),L72)) | D72: =IF(L72="","",INDEX(INDIRECT("'"&'لوحة التحكم'!$K$6&"'!$B$2:$B$501"),L72)) | E72: =IF(L72="","",INDEX(INDIRECT("'"&'لوحة التحكم'!$K$6&"'!$F$2:$F$501"),L72)) | F72: =IF(L72="","",INDEX(INDIRECT("'"&'لوحة التحكم'!$K$6&"'!$I$2:$I$501"),L72)) | G72: =IF(L72="","",INDEX(INDIRECT("'"&'لوحة التحكم'!$K$6&"'!$C$2:$C$501"),L72)) | H72: =IF(L72="","",INDEX(INDIRECT("'"&'لوحة التحكم'!$K$6&"'!$D$2:$D$501"),L72)) | I72: =IF(L72="","",INDEX(INDIRECT("'"&'لوحة التحكم'!$K$6&"'!$E$2:$E$501"),L72)) | J72: =IF(L72="","",INDEX(INDIRECT("'"&'لوحة التحكم'!$K$6&"'!$U$2:$U$501"),L72)) | L72: =IF('لوحة التحكم'!$K$12=1,IFERROR(MATCH(56,INDIRECT("'"&'لوحة التحكم'!$K$6&"'!$AF$2:$AF$501"),0),""),"")
B73: =IF(L73="","",57) | C73: =IF(L73="","",INDEX(INDIRECT("'"&'لوحة التحكم'!$K$6&"'!$A$2:$A$501"),L73)) | D73: =IF(L73="","",INDEX(INDIRECT("'"&'لوحة التحكم'!$K$6&"'!$B$2:$B$501"),L73)) | E73: =IF(L73="","",INDEX(INDIRECT("'"&'لوحة التحكم'!$K$6&"'!$F$2:$F$501"),L73)) | F73: =IF(L73="","",INDEX(INDIRECT("'"&'لوحة التحكم'!$K$6&"'!$I$2:$I$501"),L73)) | G73: =IF(L73="","",INDEX(INDIRECT("'"&'لوحة التحكم'!$K$6&"'!$C$2:$C$501"),L73)) | H73: =IF(L73="","",INDEX(INDIRECT("'"&'لوحة التحكم'!$K$6&"'!$D$2:$D$501"),L73)) | I73: =IF(L73="","",INDEX(INDIRECT("'"&'لوحة التحكم'!$K$6&"'!$E$2:$E$501"),L73)) | J73: =IF(L73="","",INDEX(INDIRECT("'"&'لوحة التحكم'!$K$6&"'!$U$2:$U$501"),L73)) | L73: =IF('لوحة التحكم'!$K$12=1,IFERROR(MATCH(57,INDIRECT("'"&'لوحة التحكم'!$K$6&"'!$AF$2:$AF$501"),0),""),"")
B74: =IF(L74="","",58) | C74: =IF(L74="","",INDEX(INDIRECT("'"&'لوحة التحكم'!$K$6&"'!$A$2:$A$501"),L74)) | D74: =IF(L74="","",INDEX(INDIRECT("'"&'لوحة التحكم'!$K$6&"'!$B$2:$B$501"),L74)) | E74: =IF(L74="","",INDEX(INDIRECT("'"&'لوحة التحكم'!$K$6&"'!$F$2:$F$501"),L74)) | F74: =IF(L74="","",INDEX(INDIRECT("'"&'لوحة التحكم'!$K$6&"'!$I$2:$I$501"),L74)) | G74: =IF(L74="","",INDEX(INDIRECT("'"&'لوحة التحكم'!$K$6&"'!$C$2:$C$501"),L74)) | H74: =IF(L74="","",INDEX(INDIRECT("'"&'لوحة التحكم'!$K$6&"'!$D$2:$D$501"),L74)) | I74: =IF(L74="","",INDEX(INDIRECT("'"&'لوحة التحكم'!$K$6&"'!$E$2:$E$501"),L74)) | J74: =IF(L74="","",INDEX(INDIRECT("'"&'لوحة التحكم'!$K$6&"'!$U$2:$U$501"),L74)) | L74: =IF('لوحة التحكم'!$K$12=1,IFERROR(MATCH(58,INDIRECT("'"&'لوحة التحكم'!$K$6&"'!$AF$2:$AF$501"),0),""),"")
B75: =IF(L75="","",59) | C75: =IF(L75="","",INDEX(INDIRECT("'"&'لوحة التحكم'!$K$6&"'!$A$2:$A$501"),L75)) | D75: =IF(L75="","",INDEX(INDIRECT("'"&'لوحة التحكم'!$K$6&"'!$B$2:$B$501"),L75)) | E75: =IF(L75="","",INDEX(INDIRECT("'"&'لوحة التحكم'!$K$6&"'!$F$2:$F$501"),L75)) | F75: =IF(L75="","",INDEX(INDIRECT("'"&'لوحة التحكم'!$K$6&"'!$I$2:$I$501"),L75)) | G75: =IF(L75="","",INDEX(INDIRECT("'"&'لوحة التحكم'!$K$6&"'!$C$2:$C$501"),L75)) | H75: =IF(L75="","",INDEX(INDIRECT("'"&'لوحة التحكم'!$K$6&"'!$D$2:$D$501"),L75)) | I75: =IF(L75="","",INDEX(INDIRECT("'"&'لوحة التحكم'!$K$6&"'!$E$2:$E$501"),L75)) | J75: =IF(L75="","",INDEX(INDIRECT("'"&'لوحة التحكم'!$K$6&"'!$U$2:$U$501"),L75)) | L75: =IF('لوحة التحكم'!$K$12=1,IFERROR(MATCH(59,INDIRECT("'"&'لوحة التحكم'!$K$6&"'!$AF$2:$AF$501"),0),""),"")
B76: =IF(L76="","",60) | C76: =IF(L76="","",INDEX(INDIRECT("'"&'لوحة التحكم'!$K$6&"'!$A$2:$A$501"),L76)) | D76: =IF(L76="","",INDEX(INDIRECT("'"&'لوحة التحكم'!$K$6&"'!$B$2:$B$501"),L76)) | E76: =IF(L76="","",INDEX(INDIRECT("'"&'لوحة التحكم'!$K$6&"'!$F$2:$F$501"),L76)) | F76: =IF(L76="","",INDEX(INDIRECT("'"&'لوحة التحكم'!$K$6&"'!$I$2:$I$501"),L76)) | G76: =IF(L76="","",INDEX(INDIRECT("'"&'لوحة التحكم'!$K$6&"'!$C$2:$C$501"),L76)) | H76: =IF(L76="","",INDEX(INDIRECT("'"&'لوحة التحكم'!$K$6&"'!$D$2:$D$501"),L76)) | I76: =IF(L76="","",INDEX(INDIRECT("'"&'لوحة التحكم'!$K$6&"'!$E$2:$E$501"),L76)) | J76: =IF(L76="","",INDEX(INDIRECT("'"&'لوحة التحكم'!$K$6&"'!$U$2:$U$501"),L76)) | L76: =IF('لوحة التحكم'!$K$12=1,IFERROR(MATCH(60,INDIRECT("'"&'لوحة التحكم'!$K$6&"'!$AF$2:$AF$501"),0),""),"")
B77: =IF(L77="","",61) | C77: =IF(L77="","",INDEX(INDIRECT("'"&'لوحة التحكم'!$K$6&"'!$A$2:$A$501"),L77)) | D77: =IF(L77="","",INDEX(INDIRECT("'"&'لوحة التحكم'!$K$6&"'!$B$2:$B$501"),L77)) | E77: =IF(L77="","",INDEX(INDIRECT("'"&'لوحة التحكم'!$K$6&"'!$F$2:$F$501"),L77)) | F77: =IF(L77="","",INDEX(INDIRECT("'"&'لوحة التحكم'!$K$6&"'!$I$2:$I$501"),L77)) | G77: =IF(L77="","",INDEX(INDIRECT("'"&'لوحة التحكم'!$K$6&"'!$C$2:$C$501"),L77)) | H77: =IF(L77="","",INDEX(INDIRECT("'"&'لوحة التحكم'!$K$6&"'!$D$2:$D$501"),L77)) | I77: =IF(L77="","",INDEX(INDIRECT("'"&'لوحة التحكم'!$K$6&"'!$E$2:$E$501"),L77)) | J77: =IF(L77="","",INDEX(INDIRECT("'"&'لوحة التحكم'!$K$6&"'!$U$2:$U$501"),L77)) | L77: =IF('لوحة التحكم'!$K$12=1,IFERROR(MATCH(61,INDIRECT("'"&'لوحة التحكم'!$K$6&"'!$AF$2:$AF$501"),0),""),"")
B78: =IF(L78="","",62) | C78: =IF(L78="","",INDEX(INDIRECT("'"&'لوحة التحكم'!$K$6&"'!$A$2:$A$501"),L78)) | D78: =IF(L78="","",INDEX(INDIRECT("'"&'لوحة التحكم'!$K$6&"'!$B$2:$B$501"),L78)) | E78: =IF(L78="","",INDEX(INDIRECT("'"&'لوحة التحكم'!$K$6&"'!$F$2:$F$501"),L78)) | F78: =IF(L78="","",INDEX(INDIRECT("'"&'لوحة التحكم'!$K$6&"'!$I$2:$I$501"),L78)) | G78: =IF(L78="","",INDEX(INDIRECT("'"&'لوحة التحكم'!$K$6&"'!$C$2:$C$501"),L78)) | H78: =IF(L78="","",INDEX(INDIRECT("'"&'لوحة التحكم'!$K$6&"'!$D$2:$D$501"),L78)) | I78: =IF(L78="","",INDEX(INDIRECT("'"&'لوحة التحكم'!$K$6&"'!$E$2:$E$501"),L78)) | J78: =IF(L78="","",INDEX(INDIRECT("'"&'لوحة التحكم'!$K$6&"'!$U$2:$U$501"),L78)) | L78: =IF('لوحة التحكم'!$K$12=1,IFERROR(MATCH(62,INDIRECT("'"&'لوحة التحكم'!$K$6&"'!$AF$2:$AF$501"),0),""),"")
B79: =IF(L79="","",63) | C79: =IF(L79="","",INDEX(INDIRECT("'"&'لوحة التحكم'!$K$6&"'!$A$2:$A$501"),L79)) | D79: =IF(L79="","",INDEX(INDIRECT("'"&'لوحة التحكم'!$K$6&"'!$B$2:$B$501"),L79)) | E79: =IF(L79="","",INDEX(INDIRECT("'"&'لوحة التحكم'!$K$6&"'!$F$2:$F$501"),L79)) | F79: =IF(L79="","",INDEX(INDIRECT("'"&'لوحة التحكم'!$K$6&"'!$I$2:$I$501"),L79)) | G79: =IF(L79="","",INDEX(INDIRECT("'"&'لوحة التحكم'!$K$6&"'!$C$2:$C$501"),L79)) | H79: =IF(L79="","",INDEX(INDIRECT("'"&'لوحة التحكم'!$K$6&"'!$D$2:$D$501"),L79)) | I79: =IF(L79="","",INDEX(INDIRECT("'"&'لوحة التحكم'!$K$6&"'!$E$2:$E$501"),L79)) | J79: =IF(L79="","",INDEX(INDIRECT("'"&'لوحة التحكم'!$K$6&"'!$U$2:$U$501"),L79)) | L79: =IF('لوحة التحكم'!$K$12=1,IFERROR(MATCH(63,INDIRECT("'"&'لوحة التحكم'!$K$6&"'!$AF$2:$AF$501"),0),""),"")
B80: =IF(L80="","",64) | C80: =IF(L80="","",INDEX(INDIRECT("'"&'لوحة التحكم'!$K$6&"'!$A$2:$A$501"),L80)) | D80: =IF(L80="","",INDEX(INDIRECT("'"&'لوحة التحكم'!$K$6&"'!$B$2:$B$501"),L80)) | E80: =IF(L80="","",INDEX(INDIRECT("'"&'لوحة التحكم'!$K$6&"'!$F$2:$F$501"),L80)) | F80: =IF(L80="","",INDEX(INDIRECT("'"&'لوحة التحكم'!$K$6&"'!$I$2:$I$501"),L80)) | G80: =IF(L80="","",INDEX(INDIRECT("'"&'لوحة التحكم'!$K$6&"'!$C$2:$C$501"),L80)) | H80: =IF(L80="","",INDEX(INDIRECT("'"&'لوحة التحكم'!$K$6&"'!$D$2:$D$501"),L80)) | I80: =IF(L80="","",INDEX(INDIRECT("'"&'لوحة التحكم'!$K$6&"'!$E$2:$E$501"),L80)) | J80: =IF(L80="","",INDEX(INDIRECT("'"&'لوحة التحكم'!$K$6&"'!$U$2:$U$501"),L80)) | L80: =IF('لوحة التحكم'!$K$12=1,IFERROR(MATCH(64,INDIRECT("'"&'لوحة التحكم'!$K$6&"'!$AF$2:$AF$501"),0),""),"")
B81: =IF(L81="","",65) | C81: =IF(L81="","",INDEX(INDIRECT("'"&'لوحة التحكم'!$K$6&"'!$A$2:$A$501"),L81)) | D81: =IF(L81="","",INDEX(INDIRECT("'"&'لوحة التحكم'!$K$6&"'!$B$2:$B$501"),L81)) | E81: =IF(L81="","",INDEX(INDIRECT("'"&'لوحة التحكم'!$K$6&"'!$F$2:$F$501"),L81)) | F81: =IF(L81="","",INDEX(INDIRECT("'"&'لوحة التحكم'!$K$6&"'!$I$2:$I$501"),L81)) | G81: =IF(L81="","",INDEX(INDIRECT("'"&'لوحة التحكم'!$K$6&"'!$C$2:$C$501"),L81)) | H81: =IF(L81="","",INDEX(INDIRECT("'"&'لوحة التحكم'!$K$6&"'!$D$2:$D$501"),L81)) | I81: =IF(L81="","",INDEX(INDIRECT("'"&'لوحة التحكم'!$K$6&"'!$E$2:$E$501"),L81)) | J81: =IF(L81="","",INDEX(INDIRECT("'"&'لوحة التحكم'!$K$6&"'!$U$2:$U$501"),L81)) | L81: =IF('لوحة التحكم'!$K$12=1,IFERROR(MATCH(65,INDIRECT("'"&'لوحة التحكم'!$K$6&"'!$AF$2:$AF$501"),0),""),"")
B82: =IF(L82="","",66) | C82: =IF(L82="","",INDEX(INDIRECT("'"&'لوحة التحكم'!$K$6&"'!$A$2:$A$501"),L82)) | D82: =IF(L82="","",INDEX(INDIRECT("'"&'لوحة التحكم'!$K$6&"'!$B$2:$B$501"),L82)) | E82: =IF(L82="","",INDEX(INDIRECT("'"&'لوحة التحكم'!$K$6&"'!$F$2:$F$501"),L82)) | F82: =IF(L82="","",INDEX(INDIRECT("'"&'لوحة التحكم'!$K$6&"'!$I$2:$I$501"),L82)) | G82: =IF(L82="","",INDEX(INDIRECT("'"&'لوحة التحكم'!$K$6&"'!$C$2:$C$501"),L82)) | H82: =IF(L82="","",INDEX(INDIRECT("'"&'لوحة التحكم'!$K$6&"'!$D$2:$D$501"),L82)) | I82: =IF(L82="","",INDEX(INDIRECT("'"&'لوحة التحكم'!$K$6&"'!$E$2:$E$501"),L82)) | J82: =IF(L82="","",INDEX(INDIRECT("'"&'لوحة التحكم'!$K$6&"'!$U$2:$U$501"),L82)) | L82: =IF('لوحة التحكم'!$K$12=1,IFERROR(MATCH(66,INDIRECT("'"&'لوحة التحكم'!$K$6&"'!$AF$2:$AF$501"),0),""),"")
B83: =IF(L83="","",67) | C83: =IF(L83="","",INDEX(INDIRECT("'"&'لوحة التحكم'!$K$6&"'!$A$2:$A$501"),L83)) | D83: =IF(L83="","",INDEX(INDIRECT("'"&'لوحة التحكم'!$K$6&"'!$B$2:$B$501"),L83)) | E83: =IF(L83="","",INDEX(INDIRECT("'"&'لوحة التحكم'!$K$6&"'!$F$2:$F$501"),L83)) | F83: =IF(L83="","",INDEX(INDIRECT("'"&'لوحة التحكم'!$K$6&"'!$I$2:$I$501"),L83)) | G83: =IF(L83="","",INDEX(INDIRECT("'"&'لوحة التحكم'!$K$6&"'!$C$2:$C$501"),L83)) | H83: =IF(L83="","",INDEX(INDIRECT("'"&'لوحة التحكم'!$K$6&"'!$D$2:$D$501"),L83)) | I83: =IF(L83="","",INDEX(INDIRECT("'"&'لوحة التحكم'!$K$6&"'!$E$2:$E$501"),L83)) | J83: =IF(L83="","",INDEX(INDIRECT("'"&'لوحة التحكم'!$K$6&"'!$U$2:$U$501"),L83)) | L83: =IF('لوحة التحكم'!$K$12=1,IFERROR(MATCH(67,INDIRECT("'"&'لوحة التحكم'!$K$6&"'!$AF$2:$AF$501"),0),""),"")
B84: =IF(L84="","",68) | C84: =IF(L84="","",INDEX(INDIRECT("'"&'لوحة التحكم'!$K$6&"'!$A$2:$A$501"),L84)) | D84: =IF(L84="","",INDEX(INDIRECT("'"&'لوحة التحكم'!$K$6&"'!$B$2:$B$501"),L84)) | E84: =IF(L84="","",INDEX(INDIRECT("'"&'لوحة التحكم'!$K$6&"'!$F$2:$F$501"),L84)) | F84: =IF(L84="","",INDEX(INDIRECT("'"&'لوحة التحكم'!$K$6&"'!$I$2:$I$501"),L84)) | G84: =IF(L84="","",INDEX(INDIRECT("'"&'لوحة التحكم'!$K$6&"'!$C$2:$C$501"),L84)) | H84: =IF(L84="","",INDEX(INDIRECT("'"&'لوحة التحكم'!$K$6&"'!$D$2:$D$501"),L84)) | I84: =IF(L84="","",INDEX(INDIRECT("'"&'لوحة التحكم'!$K$6&"'!$E$2:$E$501"),L84)) | J84: =IF(L84="","",INDEX(INDIRECT("'"&'لوحة التحكم'!$K$6&"'!$U$2:$U$501"),L84)) | L84: =IF('لوحة التحكم'!$K$12=1,IFERROR(MATCH(68,INDIRECT("'"&'لوحة التحكم'!$K$6&"'!$AF$2:$AF$501"),0),""),"")
B85: =IF(L85="","",69) | C85: =IF(L85="","",INDEX(INDIRECT("'"&'لوحة التحكم'!$K$6&"'!$A$2:$A$501"),L85)) | D85: =IF(L85="","",INDEX(INDIRECT("'"&'لوحة التحكم'!$K$6&"'!$B$2:$B$501"),L85)) | E85: =IF(L85="","",INDEX(INDIRECT("'"&'لوحة التحكم'!$K$6&"'!$F$2:$F$501"),L85)) | F85: =IF(L85="","",INDEX(INDIRECT("'"&'لوحة التحكم'!$K$6&"'!$I$2:$I$501"),L85)) | G85: =IF(L85="","",INDEX(INDIRECT("'"&'لوحة التحكم'!$K$6&"'!$C$2:$C$501"),L85)) | H85: =IF(L85="","",INDEX(INDIRECT("'"&'لوحة التحكم'!$K$6&"'!$D$2:$D$501"),L85)) | I85: =IF(L85="","",INDEX(INDIRECT("'"&'لوحة التحكم'!$K$6&"'!$E$2:$E$501"),L85)) | J85: =IF(L85="","",INDEX(INDIRECT("'"&'لوحة التحكم'!$K$6&"'!$U$2:$U$501"),L85)) | L85: =IF('لوحة التحكم'!$K$12=1,IFERROR(MATCH(69,INDIRECT("'"&'لوحة التحكم'!$K$6&"'!$AF$2:$AF$501"),0),""),"")
B86: =IF(L86="","",70) | C86: =IF(L86="","",INDEX(INDIRECT("'"&'لوحة التحكم'!$K$6&"'!$A$2:$A$501"),L86)) | D86: =IF(L86="","",INDEX(INDIRECT("'"&'لوحة التحكم'!$K$6&"'!$B$2:$B$501"),L86)) | E86: =IF(L86="","",INDEX(INDIRECT("'"&'لوحة التحكم'!$K$6&"'!$F$2:$F$501"),L86)) | F86: =IF(L86="","",INDEX(INDIRECT("'"&'لوحة التحكم'!$K$6&"'!$I$2:$I$501"),L86)) | G86: =IF(L86="","",INDEX(INDIRECT("'"&'لوحة التحكم'!$K$6&"'!$C$2:$C$501"),L86)) | H86: =IF(L86="","",INDEX(INDIRECT("'"&'لوحة التحكم'!$K$6&"'!$D$2:$D$501"),L86)) | I86: =IF(L86="","",INDEX(INDIRECT("'"&'لوحة التحكم'!$K$6&"'!$E$2:$E$501"),L86)) | J86: =IF(L86="","",INDEX(INDIRECT("'"&'لوحة التحكم'!$K$6&"'!$U$2:$U$501"),L86)) | L86: =IF('لوحة التحكم'!$K$12=1,IFERROR(MATCH(70,INDIRECT("'"&'لوحة التحكم'!$K$6&"'!$AF$2:$AF$501"),0),""),"")
B87: =IF(L87="","",71) | C87: =IF(L87="","",INDEX(INDIRECT("'"&'لوحة التحكم'!$K$6&"'!$A$2:$A$501"),L87)) | D87: =IF(L87="","",INDEX(INDIRECT("'"&'لوحة التحكم'!$K$6&"'!$B$2:$B$501"),L87)) | E87: =IF(L87="","",INDEX(INDIRECT("'"&'لوحة التحكم'!$K$6&"'!$F$2:$F$501"),L87)) | F87: =IF(L87="","",INDEX(INDIRECT("'"&'لوحة التحكم'!$K$6&"'!$I$2:$I$501"),L87)) | G87: =IF(L87="","",INDEX(INDIRECT("'"&'لوحة التحكم'!$K$6&"'!$C$2:$C$501"),L87)) | H87: =IF(L87="","",INDEX(INDIRECT("'"&'لوحة التحكم'!$K$6&"'!$D$2:$D$501"),L87)) | I87: =IF(L87="","",INDEX(INDIRECT("'"&'لوحة التحكم'!$K$6&"'!$E$2:$E$501"),L87)) | J87: =IF(L87="","",INDEX(INDIRECT("'"&'لوحة التحكم'!$K$6&"'!$U$2:$U$501"),L87)) | L87: =IF('لوحة التحكم'!$K$12=1,IFERROR(MATCH(71,INDIRECT("'"&'لوحة التحكم'!$K$6&"'!$AF$2:$AF$501"),0),""),"")
B88: =IF(L88="","",72) | C88: =IF(L88="","",INDEX(INDIRECT("'"&'لوحة التحكم'!$K$6&"'!$A$2:$A$501"),L88)) | D88: =IF(L88="","",INDEX(INDIRECT("'"&'لوحة التحكم'!$K$6&"'!$B$2:$B$501"),L88)) | E88: =IF(L88="","",INDEX(INDIRECT("'"&'لوحة التحكم'!$K$6&"'!$F$2:$F$501"),L88)) | F88: =IF(L88="","",INDEX(INDIRECT("'"&'لوحة التحكم'!$K$6&"'!$I$2:$I$501"),L88)) | G88: =IF(L88="","",INDEX(INDIRECT("'"&'لوحة التحكم'!$K$6&"'!$C$2:$C$501"),L88)) | H88: =IF(L88="","",INDEX(INDIRECT("'"&'لوحة التحكم'!$K$6&"'!$D$2:$D$501"),L88)) | I88: =IF(L88="","",INDEX(INDIRECT("'"&'لوحة التحكم'!$K$6&"'!$E$2:$E$501"),L88)) | J88: =IF(L88="","",INDEX(INDIRECT("'"&'لوحة التحكم'!$K$6&"'!$U$2:$U$501"),L88)) | L88: =IF('لوحة التحكم'!$K$12=1,IFERROR(MATCH(72,INDIRECT("'"&'لوحة التحكم'!$K$6&"'!$AF$2:$AF$501"),0),""),"")
B89: =IF(L89="","",73) | C89: =IF(L89="","",INDEX(INDIRECT("'"&'لوحة التحكم'!$K$6&"'!$A$2:$A$501"),L89)) | D89: =IF(L89="","",INDEX(INDIRECT("'"&'لوحة التحكم'!$K$6&"'!$B$2:$B$501"),L89)) | E89: =IF(L89="","",INDEX(INDIRECT("'"&'لوحة التحكم'!$K$6&"'!$F$2:$F$501"),L89)) | F89: =IF(L89="","",INDEX(INDIRECT("'"&'لوحة التحكم'!$K$6&"'!$I$2:$I$501"),L89)) | G89: =IF(L89="","",INDEX(INDIRECT("'"&'لوحة التحكم'!$K$6&"'!$C$2:$C$501"),L89)) | H89: =IF(L89="","",INDEX(INDIRECT("'"&'لوحة التحكم'!$K$6&"'!$D$2:$D$501"),L89)) | I89: =IF(L89="","",INDEX(INDIRECT("'"&'لوحة التحكم'!$K$6&"'!$E$2:$E$501"),L89)) | J89: =IF(L89="","",INDEX(INDIRECT("'"&'لوحة التحكم'!$K$6&"'!$U$2:$U$501"),L89)) | L89: =IF('لوحة التحكم'!$K$12=1,IFERROR(MATCH(73,INDIRECT("'"&'لوحة التحكم'!$K$6&"'!$AF$2:$AF$501"),0),""),"")
B90: =IF(L90="","",74) | C90: =IF(L90="","",INDEX(INDIRECT("'"&'لوحة التحكم'!$K$6&"'!$A$2:$A$501"),L90)) | D90: =IF(L90="","",INDEX(INDIRECT("'"&'لوحة التحكم'!$K$6&"'!$B$2:$B$501"),L90)) | E90: =IF(L90="","",INDEX(INDIRECT("'"&'لوحة التحكم'!$K$6&"'!$F$2:$F$501"),L90)) | F90: =IF(L90="","",INDEX(INDIRECT("'"&'لوحة التحكم'!$K$6&"'!$I$2:$I$501"),L90)) | G90: =IF(L90="","",INDEX(INDIRECT("'"&'لوحة التحكم'!$K$6&"'!$C$2:$C$501"),L90)) | H90: =IF(L90="","",INDEX(INDIRECT("'"&'لوحة التحكم'!$K$6&"'!$D$2:$D$501"),L90)) | I90: =IF(L90="","",INDEX(INDIRECT("'"&'لوحة التحكم'!$K$6&"'!$E$2:$E$501"),L90)) | J90: =IF(L90="","",INDEX(INDIRECT("'"&'لوحة التحكم'!$K$6&"'!$U$2:$U$501"),L90)) | L90: =IF('لوحة التحكم'!$K$12=1,IFERROR(MATCH(74,INDIRECT("'"&'لوحة التحكم'!$K$6&"'!$AF$2:$AF$501"),0),""),"")
B91: =IF(L91="","",75) | C91: =IF(L91="","",INDEX(INDIRECT("'"&'لوحة التحكم'!$K$6&"'!$A$2:$A$501"),L91)) | D91: =IF(L91="","",INDEX(INDIRECT("'"&'لوحة التحكم'!$K$6&"'!$B$2:$B$501"),L91)) | E91: =IF(L91="","",INDEX(INDIRECT("'"&'لوحة التحكم'!$K$6&"'!$F$2:$F$501"),L91)) | F91: =IF(L91="","",INDEX(INDIRECT("'"&'لوحة التحكم'!$K$6&"'!$I$2:$I$501"),L91)) | G91: =IF(L91="","",INDEX(INDIRECT("'"&'لوحة التحكم'!$K$6&"'!$C$2:$C$501"),L91)) | H91: =IF(L91="","",INDEX(INDIRECT("'"&'لوحة التحكم'!$K$6&"'!$D$2:$D$501"),L91)) | I91: =IF(L91="","",INDEX(INDIRECT("'"&'لوحة التحكم'!$K$6&"'!$E$2:$E$501"),L91)) | J91: =IF(L91="","",INDEX(INDIRECT("'"&'لوحة التحكم'!$K$6&"'!$U$2:$U$501"),L91)) | L91: =IF('لوحة التحكم'!$K$12=1,IFERROR(MATCH(75,INDIRECT("'"&'لوحة التحكم'!$K$6&"'!$AF$2:$AF$501"),0),""),"")
B92: =IF(L92="","",76) | C92: =IF(L92="","",INDEX(INDIRECT("'"&'لوحة التحكم'!$K$6&"'!$A$2:$A$501"),L92)) | D92: =IF(L92="","",INDEX(INDIRECT("'"&'لوحة التحكم'!$K$6&"'!$B$2:$B$501"),L92)) | E92: =IF(L92="","",INDEX(INDIRECT("'"&'لوحة التحكم'!$K$6&"'!$F$2:$F$501"),L92)) | F92: =IF(L92="","",INDEX(INDIRECT("'"&'لوحة التحكم'!$K$6&"'!$I$2:$I$501"),L92)) | G92: =IF(L92="","",INDEX(INDIRECT("'"&'لوحة التحكم'!$K$6&"'!$C$2:$C$501"),L92)) | H92: =IF(L92="","",INDEX(INDIRECT("'"&'لوحة التحكم'!$K$6&"'!$D$2:$D$501"),L92)) | I92: =IF(L92="","",INDEX(INDIRECT("'"&'لوحة التحكم'!$K$6&"'!$E$2:$E$501"),L92)) | J92: =IF(L92="","",INDEX(INDIRECT("'"&'لوحة التحكم'!$K$6&"'!$U$2:$U$501"),L92)) | L92: =IF('لوحة التحكم'!$K$12=1,IFERROR(MATCH(76,INDIRECT("'"&'لوحة التحكم'!$K$6&"'!$AF$2:$AF$501"),0),""),"")
B93: =IF(L93="","",77) | C93: =IF(L93="","",INDEX(INDIRECT("'"&'لوحة التحكم'!$K$6&"'!$A$2:$A$501"),L93)) | D93: =IF(L93="","",INDEX(INDIRECT("'"&'لوحة التحكم'!$K$6&"'!$B$2:$B$501"),L93)) | E93: =IF(L93="","",INDEX(INDIRECT("'"&'لوحة التحكم'!$K$6&"'!$F$2:$F$501"),L93)) | F93: =IF(L93="","",INDEX(INDIRECT("'"&'لوحة التحكم'!$K$6&"'!$I$2:$I$501"),L93)) | G93: =IF(L93="","",INDEX(INDIRECT("'"&'لوحة التحكم'!$K$6&"'!$C$2:$C$501"),L93)) | H93: =IF(L93="","",INDEX(INDIRECT("'"&'لوحة التحكم'!$K$6&"'!$D$2:$D$501"),L93)) | I93: =IF(L93="","",INDEX(INDIRECT("'"&'لوحة التحكم'!$K$6&"'!$E$2:$E$501"),L93)) | J93: =IF(L93="","",INDEX(INDIRECT("'"&'لوحة التحكم'!$K$6&"'!$U$2:$U$501"),L93)) | L93: =IF('لوحة التحكم'!$K$12=1,IFERROR(MATCH(77,INDIRECT("'"&'لوحة التحكم'!$K$6&"'!$AF$2:$AF$501"),0),""),"")
B94: =IF(L94="","",78) | C94: =IF(L94="","",INDEX(INDIRECT("'"&'لوحة التحكم'!$K$6&"'!$A$2:$A$501"),L94)) | D94: =IF(L94="","",INDEX(INDIRECT("'"&'لوحة التحكم'!$K$6&"'!$B$2:$B$501"),L94)) | E94: =IF(L94="","",INDEX(INDIRECT("'"&'لوحة التحكم'!$K$6&"'!$F$2:$F$501"),L94)) | F94: =IF(L94="","",INDEX(INDIRECT("'"&'لوحة التحكم'!$K$6&"'!$I$2:$I$501"),L94)) | G94: =IF(L94="","",INDEX(INDIRECT("'"&'لوحة التحكم'!$K$6&"'!$C$2:$C$501"),L94)) | H94: =IF(L94="","",INDEX(INDIRECT("'"&'لوحة التحكم'!$K$6&"'!$D$2:$D$501"),L94)) | I94: =IF(L94="","",INDEX(INDIRECT("'"&'لوحة التحكم'!$K$6&"'!$E$2:$E$501"),L94)) | J94: =IF(L94="","",INDEX(INDIRECT("'"&'لوحة التحكم'!$K$6&"'!$U$2:$U$501"),L94)) | L94: =IF('لوحة التحكم'!$K$12=1,IFERROR(MATCH(78,INDIRECT("'"&'لوحة التحكم'!$K$6&"'!$AF$2:$AF$501"),0),""),"")
B95: =IF(L95="","",79) | C95: =IF(L95="","",INDEX(INDIRECT("'"&'لوحة التحكم'!$K$6&"'!$A$2:$A$501"),L95)) | D95: =IF(L95="","",INDEX(INDIRECT("'"&'لوحة التحكم'!$K$6&"'!$B$2:$B$501"),L95)) | E95: =IF(L95="","",INDEX(INDIRECT("'"&'لوحة التحكم'!$K$6&"'!$F$2:$F$501"),L95)) | F95: =IF(L95="","",INDEX(INDIRECT("'"&'لوحة التحكم'!$K$6&"'!$I$2:$I$501"),L95)) | G95: =IF(L95="","",INDEX(INDIRECT("'"&'لوحة التحكم'!$K$6&"'!$C$2:$C$501"),L95)) | H95: =IF(L95="","",INDEX(INDIRECT("'"&'لوحة التحكم'!$K$6&"'!$D$2:$D$501"),L95)) | I95: =IF(L95="","",INDEX(INDIRECT("'"&'لوحة التحكم'!$K$6&"'!$E$2:$E$501"),L95)) | J95: =IF(L95="","",INDEX(INDIRECT("'"&'لوحة التحكم'!$K$6&"'!$U$2:$U$501"),L95)) | L95: =IF('لوحة التحكم'!$K$12=1,IFERROR(MATCH(79,INDIRECT("'"&'لوحة التحكم'!$K$6&"'!$AF$2:$AF$501"),0),""),"")
B96: =IF(L96="","",80) | C96: =IF(L96="","",INDEX(INDIRECT("'"&'لوحة التحكم'!$K$6&"'!$A$2:$A$501"),L96)) | D96: =IF(L96="","",INDEX(INDIRECT("'"&'لوحة التحكم'!$K$6&"'!$B$2:$B$501"),L96)) | E96: =IF(L96="","",INDEX(INDIRECT("'"&'لوحة التحكم'!$K$6&"'!$F$2:$F$501"),L96)) | F96: =IF(L96="","",INDEX(INDIRECT("'"&'لوحة التحكم'!$K$6&"'!$I$2:$I$501"),L96)) | G96: =IF(L96="","",INDEX(INDIRECT("'"&'لوحة التحكم'!$K$6&"'!$C$2:$C$501"),L96)) | H96: =IF(L96="","",INDEX(INDIRECT("'"&'لوحة التحكم'!$K$6&"'!$D$2:$D$501"),L96)) | I96: =IF(L96="","",INDEX(INDIRECT("'"&'لوحة التحكم'!$K$6&"'!$E$2:$E$501"),L96)) | J96: =IF(L96="","",INDEX(INDIRECT("'"&'لوحة التحكم'!$K$6&"'!$U$2:$U$501"),L96)) | L96: =IF('لوحة التحكم'!$K$12=1,IFERROR(MATCH(80,INDIRECT("'"&'لوحة التحكم'!$K$6&"'!$AF$2:$AF$501"),0),""),"")
B97: =IF(L97="","",81) | C97: =IF(L97="","",INDEX(INDIRECT("'"&'لوحة التحكم'!$K$6&"'!$A$2:$A$501"),L97)) | D97: =IF(L97="","",INDEX(INDIRECT("'"&'لوحة التحكم'!$K$6&"'!$B$2:$B$501"),L97)) | E97: =IF(L97="","",INDEX(INDIRECT("'"&'لوحة التحكم'!$K$6&"'!$F$2:$F$501"),L97)) | F97: =IF(L97="","",INDEX(INDIRECT("'"&'لوحة التحكم'!$K$6&"'!$I$2:$I$501"),L97)) | G97: =IF(L97="","",INDEX(INDIRECT("'"&'لوحة التحكم'!$K$6&"'!$C$2:$C$501"),L97)) | H97: =IF(L97="","",INDEX(INDIRECT("'"&'لوحة التحكم'!$K$6&"'!$D$2:$D$501"),L97)) | I97: =IF(L97="","",INDEX(INDIRECT("'"&'لوحة التحكم'!$K$6&"'!$E$2:$E$501"),L97)) | J97: =IF(L97="","",INDEX(INDIRECT("'"&'لوحة التحكم'!$K$6&"'!$U$2:$U$501"),L97)) | L97: =IF('لوحة التحكم'!$K$12=1,IFERROR(MATCH(81,INDIRECT("'"&'لوحة التحكم'!$K$6&"'!$AF$2:$AF$501"),0),""),"")
B98: =IF(L98="","",82) | C98: =IF(L98="","",INDEX(INDIRECT("'"&'لوحة التحكم'!$K$6&"'!$A$2:$A$501"),L98)) | D98: =IF(L98="","",INDEX(INDIRECT("'"&'لوحة التحكم'!$K$6&"'!$B$2:$B$501"),L98)) | E98: =IF(L98="","",INDEX(INDIRECT("'"&'لوحة التحكم'!$K$6&"'!$F$2:$F$501"),L98)) | F98: =IF(L98="","",INDEX(INDIRECT("'"&'لوحة التحكم'!$K$6&"'!$I$2:$I$501"),L98)) | G98: =IF(L98="","",INDEX(INDIRECT("'"&'لوحة التحكم'!$K$6&"'!$C$2:$C$501"),L98)) | H98: =IF(L98="","",INDEX(INDIRECT("'"&'لوحة التحكم'!$K$6&"'!$D$2:$D$501"),L98)) | I98: =IF(L98="","",INDEX(INDIRECT("'"&'لوحة التحكم'!$K$6&"'!$E$2:$E$501"),L98)) | J98: =IF(L98="","",INDEX(INDIRECT("'"&'لوحة التحكم'!$K$6&"'!$U$2:$U$501"),L98)) | L98: =IF('لوحة التحكم'!$K$12=1,IFERROR(MATCH(82,INDIRECT("'"&'لوحة التحكم'!$K$6&"'!$AF$2:$AF$501"),0),""),"")
B99: =IF(L99="","",83) | C99: =IF(L99="","",INDEX(INDIRECT("'"&'لوحة التحكم'!$K$6&"'!$A$2:$A$501"),L99)) | D99: =IF(L99="","",INDEX(INDIRECT("'"&'لوحة التحكم'!$K$6&"'!$B$2:$B$501"),L99)) | E99: =IF(L99="","",INDEX(INDIRECT("'"&'لوحة التحكم'!$K$6&"'!$F$2:$F$501"),L99)) | F99: =IF(L99="","",INDEX(INDIRECT("'"&'لوحة التحكم'!$K$6&"'!$I$2:$I$501"),L99)) | G99: =IF(L99="","",INDEX(INDIRECT("'"&'لوحة التحكم'!$K$6&"'!$C$2:$C$501"),L99)) | H99: =IF(L99="","",INDEX(INDIRECT("'"&'لوحة التحكم'!$K$6&"'!$D$2:$D$501"),L99)) | I99: =IF(L99="","",INDEX(INDIRECT("'"&'لوحة التحكم'!$K$6&"'!$E$2:$E$501"),L99)) | J99: =IF(L99="","",INDEX(INDIRECT("'"&'لوحة التحكم'!$K$6&"'!$U$2:$U$501"),L99)) | L99: =IF('لوحة التحكم'!$K$12=1,IFERROR(MATCH(83,INDIRECT("'"&'لوحة التحكم'!$K$6&"'!$AF$2:$AF$501"),0),""),"")
B100: =IF(L100="","",84) | C100: =IF(L100="","",INDEX(INDIRECT("'"&'لوحة التحكم'!$K$6&"'!$A$2:$A$501"),L100)) | D100: =IF(L100="","",INDEX(INDIRECT("'"&'لوحة التحكم'!$K$6&"'!$B$2:$B$501"),L100)) | E100: =IF(L100="","",INDEX(INDIRECT("'"&'لوحة التحكم'!$K$6&"'!$F$2:$F$501"),L100)) | F100: =IF(L100="","",INDEX(INDIRECT("'"&'لوحة التحكم'!$K$6&"'!$I$2:$I$501"),L100)) | G100: =IF(L100="","",INDEX(INDIRECT("'"&'لوحة التحكم'!$K$6&"'!$C$2:$C$501"),L100)) | H100: =IF(L100="","",INDEX(INDIRECT("'"&'لوحة التحكم'!$K$6&"'!$D$2:$D$501"),L100)) | I100: =IF(L100="","",INDEX(INDIRECT("'"&'لوحة التحكم'!$K$6&"'!$E$2:$E$501"),L100)) | J100: =IF(L100="","",INDEX(INDIRECT("'"&'لوحة التحكم'!$K$6&"'!$U$2:$U$501"),L100)) | L100: =IF('لوحة التحكم'!$K$12=1,IFERROR(MATCH(84,INDIRECT("'"&'لوحة التحكم'!$K$6&"'!$AF$2:$AF$501"),0),""),"")
B101: =IF(L101="","",85) | C101: =IF(L101="","",INDEX(INDIRECT("'"&'لوحة التحكم'!$K$6&"'!$A$2:$A$501"),L101)) | D101: =IF(L101="","",INDEX(INDIRECT("'"&'لوحة التحكم'!$K$6&"'!$B$2:$B$501"),L101)) | E101: =IF(L101="","",INDEX(INDIRECT("'"&'لوحة التحكم'!$K$6&"'!$F$2:$F$501"),L101)) | F101: =IF(L101="","",INDEX(INDIRECT("'"&'لوحة التحكم'!$K$6&"'!$I$2:$I$501"),L101)) | G101: =IF(L101="","",INDEX(INDIRECT("'"&'لوحة التحكم'!$K$6&"'!$C$2:$C$501"),L101)) | H101: =IF(L101="","",INDEX(INDIRECT("'"&'لوحة التحكم'!$K$6&"'!$D$2:$D$501"),L101)) | I101: =IF(L101="","",INDEX(INDIRECT("'"&'لوحة التحكم'!$K$6&"'!$E$2:$E$501"),L101)) | J101: =IF(L101="","",INDEX(INDIRECT("'"&'لوحة التحكم'!$K$6&"'!$U$2:$U$501"),L101)) | L101: =IF('لوحة التحكم'!$K$12=1,IFERROR(MATCH(85,INDIRECT("'"&'لوحة التحكم'!$K$6&"'!$AF$2:$AF$501"),0),""),"")
B102: =IF(L102="","",86) | C102: =IF(L102="","",INDEX(INDIRECT("'"&'لوحة التحكم'!$K$6&"'!$A$2:$A$501"),L102)) | D102: =IF(L102="","",INDEX(INDIRECT("'"&'لوحة التحكم'!$K$6&"'!$B$2:$B$501"),L102)) | E102: =IF(L102="","",INDEX(INDIRECT("'"&'لوحة التحكم'!$K$6&"'!$F$2:$F$501"),L102)) | F102: =IF(L102="","",INDEX(INDIRECT("'"&'لوحة التحكم'!$K$6&"'!$I$2:$I$501"),L102)) | G102: =IF(L102="","",INDEX(INDIRECT("'"&'لوحة التحكم'!$K$6&"'!$C$2:$C$501"),L102)) | H102: =IF(L102="","",INDEX(INDIRECT("'"&'لوحة التحكم'!$K$6&"'!$D$2:$D$501"),L102)) | I102: =IF(L102="","",INDEX(INDIRECT("'"&'لوحة التحكم'!$K$6&"'!$E$2:$E$501"),L102)) | J102: =IF(L102="","",INDEX(INDIRECT("'"&'لوحة التحكم'!$K$6&"'!$U$2:$U$501"),L102)) | L102: =IF('لوحة التحكم'!$K$12=1,IFERROR(MATCH(86,INDIRECT("'"&'لوحة التحكم'!$K$6&"'!$AF$2:$AF$501"),0),""),"")
...

Sheet 01-كانون الثاني
A1: اسم الصنف | B1: الكمية | C1: سعر الجملة | D1: القطاعي | E1: جملة الجملة | F1: العملة | G1: الفــئة | H1: الفــئة الفرعية | I1: الشراء | K1: =IF(COUNTA($A$2:$A$5000)=0,"الصق الجدول في A1",IF(COUNTA($A$2:$A$5000)>500,"⚠ تجاوز 500 صنف",IF(COUNTIF($U$2:$U$501,"?*")=0,"✓ لا ملاحظات","⚠ "&COUNTIF($U$2:$U$501,"?*")&" صنف به أخطاء — راجع عمود الملاحظات"))) -> الصق الجدول في A1 | L1: مفتاح الاسم | M1: معامل التحويل للدولار | N1: سعر الشراء $ | O1: سعر البيع المعتمد $ | P1: الكمية المعتمدة | Q1: قيمة المخزون $ (شراء) | R1: القيمة البيعية $ | S1: مؤهل للربح (1/0) | T1: الربح المتوقع $ | U1: ملاحظات / أخطاء | V1: رقم الصف بالشهر السابق | W1: مقابل الشهر السابق | X1: كمية الشهر السابق | Y1: تغير الكمية | Z1: قيمة الشهر السابق $ | AA1: تغير القيمة $ | AB1: تغير سعر الشراء % | AC1: مقابل الشهر التالي | AD1: ترتيب جديد | AE1: ترتيب محذوف | AF1: ترتيب ملاحظة | AG1: مفتاح ترتيب التغير | AH1: ربح بسعر الجملة $ | AI1: ربح بسعر القطاعي $ | AJ1: ربح بسعر جملة الجملة $ | AK1: مفتاح ترتيب القيمة | AL1: مفتاح ترتيب الربح | AN1: الشهر السابق فيه بيانات؟ | AO1: =0 -> 0
K2: =IF(L2="","",IF(U2<>"","⚠","")) | L2: =IF(A2="","",TRIM(A2)) | M2: =IF(L2="","",IF(ISNUMBER(SEARCH("دولار",F2)),1,IF(ISNUMBER(SEARCH("ليرة",F2)),IF($AO$3>0,1/$AO$3,0),0))) | N2: =IF(L2="","",N(I2)*M2) | O2: =IF(L2="","",M2*CHOOSE($AO$4,N(C2),N(D2),N(E2))) | P2: =IF(L2="","",MAX(N(B2),0)) | Q2: =IF(L2="","",P2*N2) | R2: =IF(L2="","",P2*O2) | S2: =IF(L2="","",IF(AND(P2>0,N2>0,O2>0),1,0)) | T2: =IF(L2="","",S2*(R2-Q2)) | U2: =IF(L2="","",MID(IF(OR(NOT(ISNUMBER(B2)),NOT(ISNUMBER(C2)),NOT(ISNUMBER(D2)),NOT(ISNUMBER(E2)),NOT(ISNUMBER(I2)),AND(NOT(ISNUMBER(SEARCH("دولار",F2))),NOT(ISNUMBER(SEARCH("ليرة",F2)))))," | بيانات غير صالحة","")&IF(N(B2)<0," | كمية سالبة","")&IF(AND(N(B2)>0,N(I2)=0)," | شراء صفر","")&IF(AND(N(B2)>0,TRIM(H2)=$AO$5,OR(N(C2)=0,N(D2)=0,N(E2)=0))," | بيع صفر","")&IF(AND(N2>0,O2>0,O2<N2)," | بيع أقل من الشراء","")&IF(OR(AND(ISNUMBER(SEARCH("ليرة",F2)),OR(AND(N(I2)>0,N(I2)<$AO$6),AND(N(C2)>0,N(C2)<$AO$6),AND(N(D2)>0,N(D2)<$AO$6),AND(N(E2)>0,N(E2)<$AO$6))),AND(ISNUMBER(SEARCH("دولار",F2)),MAX(N(I2),N(C2),N(D2),N(E2))>$AO$7))," | عملة/سعر مشكوك","")&IF(AND(COUNTIF(C2:E2,">0")>=2,MAX(N(C2),N(D2),N(E2))>$AO$8*MIN(IF(N(C2)>0,N(C2),1E+99),IF(N(D2)>0,N(D2),1E+99),IF(N(E2)>0,N(E2),1E+99)))," | تباين أسعار البيع","")&IF(OR(TRIM(H2)="All",TRIM(H2)="")," | بلا تصنيف",""),4,300)) | V2: =IF(L2="","",0) | W2: =IF(L2="","",IF(AND($AO$1=1,V2=0),"جديد","")) | X2: =IF(L2="","","") | Y2: =IF(OR(L2="",X2=""),"",P2-X2) | Z2: =IF(L2="","","") | AA2: =IF(OR(L2="",Z2=""),"",Q2-Z2) | AB2: =IF(L2="","","") | AC2: =IF(L2="","",IF(AND($AO$2=1,ISNA(MATCH(L2,'02-شباط'!$L$2:$L$501,0))),"محذوف لاحقاً","")) | AD2: =IF(W2="جديد",COUNTIF(W$2:W2,"جديد"),"") | AE2: =IF(AC2="محذوف لاحقاً",COUNTIF(AC$2:AC2,"محذوف لاحقاً"),"") | AF2: =IF(U2<>"",COUNTIF(U$2:U2,"?*"),"") | AG2: =IF(AA2="","",ABS(AA2)+ROW()/1000000000) | AH2: =IF(L2="","",IF(AND(P2>0,N2>0,N(C2)>0),P2*(M2*N(C2)-N2),0)) | AI2: =IF(L2="","",IF(AND(P2>0,N2>0,N(D2)>0),P2*(M2*N(D2)-N2),0)) | AJ2: =IF(L2="","",IF(AND(P2>0,N2>0,N(E2)>0),P2*(M2*N(E2)-N2),0)) | AK2: =IF(L2="","",Q2+ROW()/1000000000) | AL2: =IF(L2="","",T2+ROW()/1000000000) | AN2: الشهر التالي فيه بيانات؟ | AO2: =IF(COUNTA('02-شباط'!$A$2:$A$501)>0,1,0) -> 0
K3: =IF(L3="","",IF(U3<>"","⚠","")) | L3: =IF(A3="","",TRIM(A3)) | M3: =IF(L3="","",IF(ISNUMBER(SEARCH("دولار",F3)),1,IF(ISNUMBER(SEARCH("ليرة",F3)),IF($AO$3>0,1/$AO$3,0),0))) | N3: =IF(L3="","",N(I3)*M3) | O3: =IF(L3="","",M3*CHOOSE($AO$4,N(C3),N(D3),N(E3))) | P3: =IF(L3="","",MAX(N(B3),0)) | Q3: =IF(L3="","",P3*N3) | R3: =IF(L3="","",P3*O3) | S3: =IF(L3="","",IF(AND(P3>0,N3>0,O3>0),1,0)) | T3: =IF(L3="","",S3*(R3-Q3)) | U3: =IF(L3="","",MID(IF(OR(NOT(ISNUMBER(B3)),NOT(ISNUMBER(C3)),NOT(ISNUMBER(D3)),NOT(ISNUMBER(E3)),NOT(ISNUMBER(I3)),AND(NOT(ISNUMBER(SEARCH("دولار",F3))),NOT(ISNUMBER(SEARCH("ليرة",F3)))))," | بيانات غير صالحة","")&IF(N(B3)<0," | كمية سالبة","")&IF(AND(N(B3)>0,N(I3)=0)," | شراء صفر","")&IF(AND(N(B3)>0,TRIM(H3)=$AO$5,OR(N(C3)=0,N(D3)=0,N(E3)=0))," | بيع صفر","")&IF(AND(N3>0,O3>0,O3<N3)," | بيع أقل من الشراء","")&IF(OR(AND(ISNUMBER(SEARCH("ليرة",F3)),OR(AND(N(I3)>0,N(I3)<$AO$6),AND(N(C3)>0,N(C3)<$AO$6),AND(N(D3)>0,N(D3)<$AO$6),AND(N(E3)>0,N(E3)<$AO$6))),AND(ISNUMBER(SEARCH("دولار",F3)),MAX(N(I3),N(C3),N(D3),N(E3))>$AO$7))," | عملة/سعر مشكوك","")&IF(AND(COUNTIF(C3:E3,">0")>=2,MAX(N(C3),N(D3),N(E3))>$AO$8*MIN(IF(N(C3)>0,N(C3),1E+99),IF(N(D3)>0,N(D3),1E+99),IF(N(E3)>0,N(E3),1E+99)))," | تباين أسعار البيع","")&IF(OR(TRIM(H3)="All",TRIM(H3)="")," | بلا تصنيف",""),4,300)) | V3: =IF(L3="","",0) | W3: =IF(L3="","",IF(AND($AO$1=1,V3=0),"جديد","")) | X3: =IF(L3="","","") | Y3: =IF(OR(L3="",X3=""),"",P3-X3) | Z3: =IF(L3="","","") | AA3: =IF(OR(L3="",Z3=""),"",Q3-Z3) | AB3: =IF(L3="","","") | AC3: =IF(L3="","",IF(AND($AO$2=1,ISNA(MATCH(L3,'02-شباط'!$L$2:$L$501,0))),"محذوف لاحقاً","")) | AD3: =IF(W3="جديد",COUNTIF(W$2:W3,"جديد"),"") | AE3: =IF(AC3="محذوف لاحقاً",COUNTIF(AC$2:AC3,"محذوف لاحقاً"),"") | AF3: =IF(U3<>"",COUNTIF(U$2:U3,"?*"),"") | AG3: =IF(AA3="","",ABS(AA3)+ROW()/1000000000) | AH3: =IF(L3="","",IF(AND(P3>0,N3>0,N(C3)>0),P3*(M3*N(C3)-N3),0)) | AI3: =IF(L3="","",IF(AND(P3>0,N3>0,N(D3)>0),P3*(M3*N(D3)-N3),0)) | AJ3: =IF(L3="","",IF(AND(P3>0,N3>0,N(E3)>0),P3*(M3*N(E3)-N3),0)) | AK3: =IF(L3="","",Q3+ROW()/1000000000) | AL3: =IF(L3="","",T3+ROW()/1000000000) | AN3: سعر الصرف (ل.س لكل 1$) | AO3: ='لوحة التحكم'!$C$16 -> 0
K4: =IF(L4="","",IF(U4<>"","⚠","")) | L4: =IF(A4="","",TRIM(A4)) | M4: =IF(L4="","",IF(ISNUMBER(SEARCH("دولار",F4)),1,IF(ISNUMBER(SEARCH("ليرة",F4)),IF($AO$3>0,1/$AO$3,0),0))) | N4: =IF(L4="","",N(I4)*M4) | O4: =IF(L4="","",M4*CHOOSE($AO$4,N(C4),N(D4),N(E4))) | P4: =IF(L4="","",MAX(N(B4),0)) | Q4: =IF(L4="","",P4*N4) | R4: =IF(L4="","",P4*O4) | S4: =IF(L4="","",IF(AND(P4>0,N4>0,O4>0),1,0)) | T4: =IF(L4="","",S4*(R4-Q4)) | U4: =IF(L4="","",MID(IF(OR(NOT(ISNUMBER(B4)),NOT(ISNUMBER(C4)),NOT(ISNUMBER(D4)),NOT(ISNUMBER(E4)),NOT(ISNUMBER(I4)),AND(NOT(ISNUMBER(SEARCH("دولار",F4))),NOT(ISNUMBER(SEARCH("ليرة",F4)))))," | بيانات غير صالحة","")&IF(N(B4)<0," | كمية سالبة","")&IF(AND(N(B4)>0,N(I4)=0)," | شراء صفر","")&IF(AND(N(B4)>0,TRIM(H4)=$AO$5,OR(N(C4)=0,N(D4)=0,N(E4)=0))," | بيع صفر","")&IF(AND(N4>0,O4>0,O4<N4)," | بيع أقل من الشراء","")&IF(OR(AND(ISNUMBER(SEARCH("ليرة",F4)),OR(AND(N(I4)>0,N(I4)<$AO$6),AND(N(C4)>0,N(C4)<$AO$6),AND(N(D4)>0,N(D4)<$AO$6),AND(N(E4)>0,N(E4)<$AO$6))),AND(ISNUMBER(SEARCH("دولار",F4)),MAX(N(I4),N(C4),N(D4),N(E4))>$AO$7))," | عملة/سعر مشكوك","")&IF(AND(COUNTIF(C4:E4,">0")>=2,MAX(N(C4),N(D4),N(E4))>$AO$8*MIN(IF(N(C4)>0,N(C4),1E+99),IF(N(D4)>0,N(D4),1E+99),IF(N(E4)>0,N(E4),1E+99)))," | تباين أسعار البيع","")&IF(OR(TRIM(H4)="All",TRIM(H4)="")," | بلا تصنيف",""),4,300)) | V4: =IF(L4="","",0) | W4: =IF(L4="","",IF(AND($AO$1=1,V4=0),"جديد","")) | X4: =IF(L4="","","") | Y4: =IF(OR(L4="",X4=""),"",P4-X4) | Z4: =IF(L4="","","") | AA4: =IF(OR(L4="",Z4=""),"",Q4-Z4) | AB4: =IF(L4="","","") | AC4: =IF(L4="","",IF(AND($AO$2=1,ISNA(MATCH(L4,'02-شباط'!$L$2:$L$501,0))),"محذوف لاحقاً","")) | AD4: =IF(W4="جديد",COUNTIF(W$2:W4,"جديد"),"") | AE4: =IF(AC4="محذوف لاحقاً",COUNTIF(AC$2:AC4,"محذوف لاحقاً"),"") | AF4: =IF(U4<>"",COUNTIF(U$2:U4,"?*"),"") | AG4: =IF(AA4="","",ABS(AA4)+ROW()/1000000000) | AH4: =IF(L4="","",IF(AND(P4>0,N4>0,N(C4)>0),P4*(M4*N(C4)-N4),0)) | AI4: =IF(L4="","",IF(AND(P4>0,N4>0,N(D4)>0),P4*(M4*N(D4)-N4),0)) | AJ4: =IF(L4="","",IF(AND(P4>0,N4>0,N(E4)>0),P4*(M4*N(E4)-N4),0)) | AK4: =IF(L4="","",Q4+ROW()/1000000000) | AL4: =IF(L4="","",T4+ROW()/1000000000) | AN4: رقم مستوى سعر البيع | AO4: ='لوحة التحكم'!$D$7 -> 1
K5: =IF(L5="","",IF(U5<>"","⚠","")) | L5: =IF(A5="","",TRIM(A5)) | M5: =IF(L5="","",IF(ISNUMBER(SEARCH("دولار",F5)),1,IF(ISNUMBER(SEARCH("ليرة",F5)),IF($AO$3>0,1/$AO$3,0),0))) | N5: =IF(L5="","",N(I5)*M5) | O5: =IF(L5="","",M5*CHOOSE($AO$4,N(C5),N(D5),N(E5))) | P5: =IF(L5="","",MAX(N(B5),0)) | Q5: =IF(L5="","",P5*N5) | R5: =IF(L5="","",P5*O5) | S5: =IF(L5="","",IF(AND(P5>0,N5>0,O5>0),1,0)) | T5: =IF(L5="","",S5*(R5-Q5)) | U5: =IF(L5="","",MID(IF(OR(NOT(ISNUMBER(B5)),NOT(ISNUMBER(C5)),NOT(ISNUMBER(D5)),NOT(ISNUMBER(E5)),NOT(ISNUMBER(I5)),AND(NOT(ISNUMBER(SEARCH("دولار",F5))),NOT(ISNUMBER(SEARCH("ليرة",F5)))))," | بيانات غير صالحة","")&IF(N(B5)<0," | كمية سالبة","")&IF(AND(N(B5)>0,N(I5)=0)," | شراء صفر","")&IF(AND(N(B5)>0,TRIM(H5)=$AO$5,OR(N(C5)=0,N(D5)=0,N(E5)=0))," | بيع صفر","")&IF(AND(N5>0,O5>0,O5<N5)," | بيع أقل من الشراء","")&IF(OR(AND(ISNUMBER(SEARCH("ليرة",F5)),OR(AND(N(I5)>0,N(I5)<$AO$6),AND(N(C5)>0,N(C5)<$AO$6),AND(N(D5)>0,N(D5)<$AO$6),AND(N(E5)>0,N(E5)<$AO$6))),AND(ISNUMBER(SEARCH("دولار",F5)),MAX(N(I5),N(C5),N(D5),N(E5))>$AO$7))," | عملة/سعر مشكوك","")&IF(AND(COUNTIF(C5:E5,">0")>=2,MAX(N(C5),N(D5),N(E5))>$AO$8*MIN(IF(N(C5)>0,N(C5),1E+99),IF(N(D5)>0,N(D5),1E+99),IF(N(E5)>0,N(E5),1E+99)))," | تباين أسعار البيع","")&IF(OR(TRIM(H5)="All",TRIM(H5)="")," | بلا تصنيف",""),4,300)) | V5: =IF(L5="","",0) | W5: =IF(L5="","",IF(AND($AO$1=1,V5=0),"جديد","")) | X5: =IF(L5="","","") | Y5: =IF(OR(L5="",X5=""),"",P5-X5) | Z5: =IF(L5="","","") | AA5: =IF(OR(L5="",Z5=""),"",Q5-Z5) | AB5: =IF(L5="","","") | AC5: =IF(L5="","",IF(AND($AO$2=1,ISNA(MATCH(L5,'02-شباط'!$L$2:$L$501,0))),"محذوف لاحقاً","")) | AD5: =IF(W5="جديد",COUNTIF(W$2:W5,"جديد"),"") | AE5: =IF(AC5="محذوف لاحقاً",COUNTIF(AC$2:AC5,"محذوف لاحقاً"),"") | AF5: =IF(U5<>"",COUNTIF(U$2:U5,"?*"),"") | AG5: =IF(AA5="","",ABS(AA5)+ROW()/1000000000) | AH5: =IF(L5="","",IF(AND(P5>0,N5>0,N(C5)>0),P5*(M5*N(C5)-N5),0)) | AI5: =IF(L5="","",IF(AND(P5>0,N5>0,N(D5)>0),P5*(M5*N(D5)-N5),0)) | AJ5: =IF(L5="","",IF(AND(P5>0,N5>0,N(E5)>0),P5*(M5*N(E5)-N5),0)) | AK5: =IF(L5="","",Q5+ROW()/1000000000) | AL5: =IF(L5="","",T5+ROW()/1000000000) | AN5: الفئة الفرعية المتوقع لها سعر بيع | AO5: ='لوحة التحكم'!$C$8 -> مواد جاهزة للبيع
K6: =IF(L6="","",IF(U6<>"","⚠","")) | L6: =IF(A6="","",TRIM(A6)) | M6: =IF(L6="","",IF(ISNUMBER(SEARCH("دولار",F6)),1,IF(ISNUMBER(SEARCH("ليرة",F6)),IF($AO$3>0,1/$AO$3,0),0))) | N6: =IF(L6="","",N(I6)*M6) | O6: =IF(L6="","",M6*CHOOSE($AO$4,N(C6),N(D6),N(E6))) | P6: =IF(L6="","",MAX(N(B6),0)) | Q6: =IF(L6="","",P6*N6) | R6: =IF(L6="","",P6*O6) | S6: =IF(L6="","",IF(AND(P6>0,N6>0,O6>0),1,0)) | T6: =IF(L6="","",S6*(R6-Q6)) | U6: =IF(L6="","",MID(IF(OR(NOT(ISNUMBER(B6)),NOT(ISNUMBER(C6)),NOT(ISNUMBER(D6)),NOT(ISNUMBER(E6)),NOT(ISNUMBER(I6)),AND(NOT(ISNUMBER(SEARCH("دولار",F6))),NOT(ISNUMBER(SEARCH("ليرة",F6)))))," | بيانات غير صالحة","")&IF(N(B6)<0," | كمية سالبة","")&IF(AND(N(B6)>0,N(I6)=0)," | شراء صفر","")&IF(AND(N(B6)>0,TRIM(H6)=$AO$5,OR(N(C6)=0,N(D6)=0,N(E6)=0))," | بيع صفر","")&IF(AND(N6>0,O6>0,O6<N6)," | بيع أقل من الشراء","")&IF(OR(AND(ISNUMBER(SEARCH("ليرة",F6)),OR(AND(N(I6)>0,N(I6)<$AO$6),AND(N(C6)>0,N(C6)<$AO$6),AND(N(D6)>0,N(D6)<$AO$6),AND(N(E6)>0,N(E6)<$AO$6))),AND(ISNUMBER(SEARCH("دولار",F6)),MAX(N(I6),N(C6),N(D6),N(E6))>$AO$7))," | عملة/سعر مشكوك","")&IF(AND(COUNTIF(C6:E6,">0")>=2,MAX(N(C6),N(D6),N(E6))>$AO$8*MIN(IF(N(C6)>0,N(C6),1E+99),IF(N(D6)>0,N(D6),1E+99),IF(N(E6)>0,N(E6),1E+99)))," | تباين أسعار البيع","")&IF(OR(TRIM(H6)="All",TRIM(H6)="")," | بلا تصنيف",""),4,300)) | V6: =IF(L6="","",0) | W6: =IF(L6="","",IF(AND($AO$1=1,V6=0),"جديد","")) | X6: =IF(L6="","","") | Y6: =IF(OR(L6="",X6=""),"",P6-X6) | Z6: =IF(L6="","","") | AA6: =IF(OR(L6="",Z6=""),"",Q6-Z6) | AB6: =IF(L6="","","") | AC6: =IF(L6="","",IF(AND($AO$2=1,ISNA(MATCH(L6,'02-شباط'!$L$2:$L$501,0))),"محذوف لاحقاً","")) | AD6: =IF(W6="جديد",COUNTIF(W$2:W6,"جديد"),"") | AE6: =IF(AC6="محذوف لاحقاً",COUNTIF(AC$2:AC6,"محذوف لاحقاً"),"") | AF6: =IF(U6<>"",COUNTIF(U$2:U6,"?*"),"") | AG6: =IF(AA6="","",ABS(AA6)+ROW()/1000000000) | AH6: =IF(L6="","",IF(AND(P6>0,N6>0,N(C6)>0),P6*(M6*N(C6)-N6),0)) | AI6: =IF(L6="","",IF(AND(P6>0,N6>0,N(D6)>0),P6*(M6*N(D6)-N6),0)) | AJ6: =IF(L6="","",IF(AND(P6>0,N6>0,N(E6)>0),P6*(M6*N(E6)-N6),0)) | AK6: =IF(L6="","",Q6+ROW()/1000000000) | AL6: =IF(L6="","",T6+ROW()/1000000000) | AN6: حد شك الليرة | AO6: ='لوحة التحكم'!$C$9 -> 50
K7: =IF(L7="","",IF(U7<>"","⚠","")) | L7: =IF(A7="","",TRIM(A7)) | M7: =IF(L7="","",IF(ISNUMBER(SEARCH("دولار",F7)),1,IF(ISNUMBER(SEARCH("ليرة",F7)),IF($AO$3>0,1/$AO$3,0),0))) | N7: =IF(L7="","",N(I7)*M7) | O7: =IF(L7="","",M7*CHOOSE($AO$4,N(C7),N(D7),N(E7))) | P7: =IF(L7="","",MAX(N(B7),0)) | Q7: =IF(L7="","",P7*N7) | R7: =IF(L7="","",P7*O7) | S7: =IF(L7="","",IF(AND(P7>0,N7>0,O7>0),1,0)) | T7: =IF(L7="","",S7*(R7-Q7)) | U7: =IF(L7="","",MID(IF(OR(NOT(ISNUMBER(B7)),NOT(ISNUMBER(C7)),NOT(ISNUMBER(D7)),NOT(ISNUMBER(E7)),NOT(ISNUMBER(I7)),AND(NOT(ISNUMBER(SEARCH("دولار",F7))),NOT(ISNUMBER(SEARCH("ليرة",F7)))))," | بيانات غير صالحة","")&IF(N(B7)<0," | كمية سالبة","")&IF(AND(N(B7)>0,N(I7)=0)," | شراء صفر","")&IF(AND(N(B7)>0,TRIM(H7)=$AO$5,OR(N(C7)=0,N(D7)=0,N(E7)=0))," | بيع صفر","")&IF(AND(N7>0,O7>0,O7<N7)," | بيع أقل من الشراء","")&IF(OR(AND(ISNUMBER(SEARCH("ليرة",F7)),OR(AND(N(I7)>0,N(I7)<$AO$6),AND(N(C7)>0,N(C7)<$AO$6),AND(N(D7)>0,N(D7)<$AO$6),AND(N(E7)>0,N(E7)<$AO$6))),AND(ISNUMBER(SEARCH("دولار",F7)),MAX(N(I7),N(C7),N(D7),N(E7))>$AO$7))," | عملة/سعر مشكوك","")&IF(AND(COUNTIF(C7:E7,">0")>=2,MAX(N(C7),N(D7),N(E7))>$AO$8*MIN(IF(N(C7)>0,N(C7),1E+99),IF(N(D7)>0,N(D7),1E+99),IF(N(E7)>0,N(E7),1E+99)))," | تباين أسعار البيع","")&IF(OR(TRIM(H7)="All",TRIM(H7)="")," | بلا تصنيف",""),4,300)) | V7: =IF(L7="","",0) | W7: =IF(L7="","",IF(AND($AO$1=1,V7=0),"جديد","")) | X7: =IF(L7="","","") | Y7: =IF(OR(L7="",X7=""),"",P7-X7) | Z7: =IF(L7="","","") | AA7: =IF(OR(L7="",Z7=""),"",Q7-Z7) | AB7: =IF(L7="","","") | AC7: =IF(L7="","",IF(AND($AO$2=1,ISNA(MATCH(L7,'02-شباط'!$L$2:$L$501,0))),"محذوف لاحقاً","")) | AD7: =IF(W7="جديد",COUNTIF(W$2:W7,"جديد"),"") | AE7: =IF(AC7="محذوف لاحقاً",COUNTIF(AC$2:AC7,"محذوف لاحقاً"),"") | AF7: =IF(U7<>"",COUNTIF(U$2:U7,"?*"),"") | AG7: =IF(AA7="","",ABS(AA7)+ROW()/1000000000) | AH7: =IF(L7="","",IF(AND(P7>0,N7>0,N(C7)>0),P7*(M7*N(C7)-N7),0)) | AI7: =IF(L7="","",IF(AND(P7>0,N7>0,N(D7)>0),P7*(M7*N(D7)-N7),0)) | AJ7: =IF(L7="","",IF(AND(P7>0,N7>0,N(E7)>0),P7*(M7*N(E7)-N7),0)) | AK7: =IF(L7="","",Q7+ROW()/1000000000) | AL7: =IF(L7="","",T7+ROW()/1000000000) | AN7: حد شك الدولار | AO7: ='لوحة التحكم'!$C$10 -> 5000
K8: =IF(L8="","",IF(U8<>"","⚠","")) | L8: =IF(A8="","",TRIM(A8)) | M8: =IF(L8="","",IF(ISNUMBER(SEARCH("دولار",F8)),1,IF(ISNUMBER(SEARCH("ليرة",F8)),IF($AO$3>0,1/$AO$3,0),0))) | N8: =IF(L8="","",N(I8)*M8) | O8: =IF(L8="","",M8*CHOOSE($AO$4,N(C8),N(D8),N(E8))) | P8: =IF(L8="","",MAX(N(B8),0)) | Q8: =IF(L8="","",P8*N8) | R8: =IF(L8="","",P8*O8) | S8: =IF(L8="","",IF(AND(P8>0,N8>0,O8>0),1,0)) | T8: =IF(L8="","",S8*(R8-Q8)) | U8: =IF(L8="","",MID(IF(OR(NOT(ISNUMBER(B8)),NOT(ISNUMBER(C8)),NOT(ISNUMBER(D8)),NOT(ISNUMBER(E8)),NOT(ISNUMBER(I8)),AND(NOT(ISNUMBER(SEARCH("دولار",F8))),NOT(ISNUMBER(SEARCH("ليرة",F8)))))," | بيانات غير صالحة","")&IF(N(B8)<0," | كمية سالبة","")&IF(AND(N(B8)>0,N(I8)=0)," | شراء صفر","")&IF(AND(N(B8)>0,TRIM(H8)=$AO$5,OR(N(C8)=0,N(D8)=0,N(E8)=0))," | بيع صفر","")&IF(AND(N8>0,O8>0,O8<N8)," | بيع أقل من الشراء","")&IF(OR(AND(ISNUMBER(SEARCH("ليرة",F8)),OR(AND(N(I8)>0,N(I8)<$AO$6),AND(N(C8)>0,N(C8)<$AO$6),AND(N(D8)>0,N(D8)<$AO$6),AND(N(E8)>0,N(E8)<$AO$6))),AND(ISNUMBER(SEARCH("دولار",F8)),MAX(N(I8),N(C8),N(D8),N(E8))>$AO$7))," | عملة/سعر مشكوك","")&IF(AND(COUNTIF(C8:E8,">0")>=2,MAX(N(C8),N(D8),N(E8))>$AO$8*MIN(IF(N(C8)>0,N(C8),1E+99),IF(N(D8)>0,N(D8),1E+99),IF(N(E8)>0,N(E8),1E+99)))," | تباين أسعار البيع","")&IF(OR(TRIM(H8)="All",TRIM(H8)="")," | بلا تصنيف",""),4,300)) | V8: =IF(L8="","",0) | W8: =IF(L8="","",IF(AND($AO$1=1,V8=0),"جديد","")) | X8: =IF(L8="","","") | Y8: =IF(OR(L8="",X8=""),"",P8-X8) | Z8: =IF(L8="","","") | AA8: =IF(OR(L8="",Z8=""),"",Q8-Z8) | AB8: =IF(L8="","","") | AC8: =IF(L8="","",IF(AND($AO$2=1,ISNA(MATCH(L8,'02-شباط'!$L$2:$L$501,0))),"محذوف لاحقاً","")) | AD8: =IF(W8="جديد",COUNTIF(W$2:W8,"جديد"),"") | AE8: =IF(AC8="محذوف لاحقاً",COUNTIF(AC$2:AC8,"محذوف لاحقاً"),"") | AF8: =IF(U8<>"",COUNTIF(U$2:U8,"?*"),"") | AG8: =IF(AA8="","",ABS(AA8)+ROW()/1000000000) | AH8: =IF(L8="","",IF(AND(P8>0,N8>0,N(C8)>0),P8*(M8*N(C8)-N8),0)) | AI8: =IF(L8="","",IF(AND(P8>0,N8>0,N(D8)>0),P8*(M8*N(D8)-N8),0)) | AJ8: =IF(L8="","",IF(AND(P8>0,N8>0,N(E8)>0),P8*(M8*N(E8)-N8),0)) | AK8: =IF(L8="","",Q8+ROW()/1000000000) | AL8: =IF(L8="","",T8+ROW()/1000000000) | AN8: أعلى نسبة تباين مقبولة | AO8: ='لوحة التحكم'!$C$11 -> 1.5
K9: =IF(L9="","",IF(U9<>"","⚠","")) | L9: =IF(A9="","",TRIM(A9)) | M9: =IF(L9="","",IF(ISNUMBER(SEARCH("دولار",F9)),1,IF(ISNUMBER(SEARCH("ليرة",F9)),IF($AO$3>0,1/$AO$3,0),0))) | N9: =IF(L9="","",N(I9)*M9) | O9: =IF(L9="","",M9*CHOOSE($AO$4,N(C9),N(D9),N(E9))) | P9: =IF(L9="","",MAX(N(B9),0)) | Q9: =IF(L9="","",P9*N9) | R9: =IF(L9="","",P9*O9) | S9: =IF(L9="","",IF(AND(P9>0,N9>0,O9>0),1,0)) | T9: =IF(L9="","",S9*(R9-Q9)) | U9: =IF(L9="","",MID(IF(OR(NOT(ISNUMBER(B9)),NOT(ISNUMBER(C9)),NOT(ISNUMBER(D9)),NOT(ISNUMBER(E9)),NOT(ISNUMBER(I9)),AND(NOT(ISNUMBER(SEARCH("دولار",F9))),NOT(ISNUMBER(SEARCH("ليرة",F9)))))," | بيانات غير صالحة","")&IF(N(B9)<0," | كمية سالبة","")&IF(AND(N(B9)>0,N(I9)=0)," | شراء صفر","")&IF(AND(N(B9)>0,TRIM(H9)=$AO$5,OR(N(C9)=0,N(D9)=0,N(E9)=0))," | بيع صفر","")&IF(AND(N9>0,O9>0,O9<N9)," | بيع أقل من الشراء","")&IF(OR(AND(ISNUMBER(SEARCH("ليرة",F9)),OR(AND(N(I9)>0,N(I9)<$AO$6),AND(N(C9)>0,N(C9)<$AO$6),AND(N(D9)>0,N(D9)<$AO$6),AND(N(E9)>0,N(E9)<$AO$6))),AND(ISNUMBER(SEARCH("دولار",F9)),MAX(N(I9),N(C9),N(D9),N(E9))>$AO$7))," | عملة/سعر مشكوك","")&IF(AND(COUNTIF(C9:E9,">0")>=2,MAX(N(C9),N(D9),N(E9))>$AO$8*MIN(IF(N(C9)>0,N(C9),1E+99),IF(N(D9)>0,N(D9),1E+99),IF(N(E9)>0,N(E9),1E+99)))," | تباين أسعار البيع","")&IF(OR(TRIM(H9)="All",TRIM(H9)="")," | بلا تصنيف",""),4,300)) | V9: =IF(L9="","",0) | W9: =IF(L9="","",IF(AND($AO$1=1,V9=0),"جديد","")) | X9: =IF(L9="","","") | Y9: =IF(OR(L9="",X9=""),"",P9-X9) | Z9: =IF(L9="","","") | AA9: =IF(OR(L9="",Z9=""),"",Q9-Z9) | AB9: =IF(L9="","","") | AC9: =IF(L9="","",IF(AND($AO$2=1,ISNA(MATCH(L9,'02-شباط'!$L$2:$L$501,0))),"محذوف لاحقاً","")) | AD9: =IF(W9="جديد",COUNTIF(W$2:W9,"جديد"),"") | AE9: =IF(AC9="محذوف لاحقاً",COUNTIF(AC$2:AC9,"محذوف لاحقاً"),"") | AF9: =IF(U9<>"",COUNTIF(U$2:U9,"?*"),"") | AG9: =IF(AA9="","",ABS(AA9)+ROW()/1000000000) | AH9: =IF(L9="","",IF(AND(P9>0,N9>0,N(C9)>0),P9*(M9*N(C9)-N9),0)) | AI9: =IF(L9="","",IF(AND(P9>0,N9>0,N(D9)>0),P9*(M9*N(D9)-N9),0)) | AJ9: =IF(L9="","",IF(AND(P9>0,N9>0,N(E9)>0),P9*(M9*N(E9)-N9),0)) | AK9: =IF(L9="","",Q9+ROW()/1000000000) | AL9: =IF(L9="","",T9+ROW()/1000000000)
K10: =IF(L10="","",IF(U10<>"","⚠","")) | L10: =IF(A10="","",TRIM(A10)) | M10: =IF(L10="","",IF(ISNUMBER(SEARCH("دولار",F10)),1,IF(ISNUMBER(SEARCH("ليرة",F10)),IF($AO$3>0,1/$AO$3,0),0))) | N10: =IF(L10="","",N(I10)*M10) | O10: =IF(L10="","",M10*CHOOSE($AO$4,N(C10),N(D10),N(E10))) | P10: =IF(L10="","",MAX(N(B10),0)) | Q10: =IF(L10="","",P10*N10) | R10: =IF(L10="","",P10*O10) | S10: =IF(L10="","",IF(AND(P10>0,N10>0,O10>0),1,0)) | T10: =IF(L10="","",S10*(R10-Q10)) | U10: =IF(L10="","",MID(IF(OR(NOT(ISNUMBER(B10)),NOT(ISNUMBER(C10)),NOT(ISNUMBER(D10)),NOT(ISNUMBER(E10)),NOT(ISNUMBER(I10)),AND(NOT(ISNUMBER(SEARCH("دولار",F10))),NOT(ISNUMBER(SEARCH("ليرة",F10)))))," | بيانات غير صالحة","")&IF(N(B10)<0," | كمية سالبة","")&IF(AND(N(B10)>0,N(I10)=0)," | شراء صفر","")&IF(AND(N(B10)>0,TRIM(H10)=$AO$5,OR(N(C10)=0,N(D10)=0,N(E10)=0))," | بيع صفر","")&IF(AND(N10>0,O10>0,O10<N10)," | بيع أقل من الشراء","")&IF(OR(AND(ISNUMBER(SEARCH("ليرة",F10)),OR(AND(N(I10)>0,N(I10)<$AO$6),AND(N(C10)>0,N(C10)<$AO$6),AND(N(D10)>0,N(D10)<$AO$6),AND(N(E10)>0,N(E10)<$AO$6))),AND(ISNUMBER(SEARCH("دولار",F10)),MAX(N(I10),N(C10),N(D10),N(E10))>$AO$7))," | عملة/سعر مشكوك","")&IF(AND(COUNTIF(C10:E10,">0")>=2,MAX(N(C10),N(D10),N(E10))>$AO$8*MIN(IF(N(C10)>0,N(C10),1E+99),IF(N(D10)>0,N(D10),1E+99),IF(N(E10)>0,N(E10),1E+99)))," | تباين أسعار البيع","")&IF(OR(TRIM(H10)="All",TRIM(H10)="")," | بلا تصنيف",""),4,300)) | V10: =IF(L10="","",0) | W10: =IF(L10="","",IF(AND($AO$1=1,V10=0),"جديد","")) | X10: =IF(L10="","","") | Y10: =IF(OR(L10="",X10=""),"",P10-X10) | Z10: =IF(L10="","","") | AA10: =IF(OR(L10="",Z10=""),"",Q10-Z10) | AB10: =IF(L10="","","") | AC10: =IF(L10="","",IF(AND($AO$2=1,ISNA(MATCH(L10,'02-شباط'!$L$2:$L$501,0))),"محذوف لاحقاً","")) | AD10: =IF(W10="جديد",COUNTIF(W$2:W10,"جديد"),"") | AE10: =IF(AC10="محذوف لاحقاً",COUNTIF(AC$2:AC10,"محذوف لاحقاً"),"") | AF10: =IF(U10<>"",COUNTIF(U$2:U10,"?*"),"") | AG10: =IF(AA10="","",ABS(AA10)+ROW()/1000000000) | AH10: =IF(L10="","",IF(AND(P10>0,N10>0,N(C10)>0),P10*(M10*N(C10)-N10),0)) | AI10: =IF(L10="","",IF(AND(P10>0,N10>0,N(D10)>0),P10*(M10*N(D10)-N10),0)) | AJ10: =IF(L10="","",IF(AND(P10>0,N10>0,N(E10)>0),P10*(M10*N(E10)-N10),0)) | AK10: =IF(L10="","",Q10+ROW()/1000000000) | AL10: =IF(L10="","",T10+ROW()/1000000000)
